locus_key	qc_exp_lead_present	qc_mdd_lead_present_main	qc_mdd_lead_present_noukbb
Cholesterol_in_very_large_HDL__locus001	TRUE	TRUE	TRUE
Cholesterol_in_very_large_HDL__locus002	TRUE	TRUE	TRUE
Cholesterol_in_very_large_HDL__locus003	TRUE	TRUE	TRUE
Cholesterol_in_very_large_HDL__locus004	TRUE	TRUE	TRUE
Cholesterol_in_very_large_HDL__locus005	TRUE	TRUE	TRUE
Cholesterol_in_very_large_HDL__locus006	TRUE	TRUE	TRUE
Cholesterol_in_very_large_HDL__locus007	TRUE	TRUE	TRUE
Cholesterol_in_very_large_HDL__locus008	TRUE	TRUE	TRUE
Cholesterol_in_very_large_HDL__locus009	TRUE	TRUE	TRUE
Cholesterol_in_very_large_HDL__locus010	TRUE	TRUE	TRUE
Cholesterol_in_very_large_HDL__locus011	TRUE	TRUE	TRUE
Cholesterol_in_very_large_HDL__locus012	TRUE	TRUE	TRUE
Cholesterol_in_very_large_HDL__locus013	FALSE	FALSE	FALSE
Cholesterol_in_very_large_HDL__locus014	TRUE	TRUE	TRUE
Cholesterol_in_very_large_HDL__locus015	TRUE	TRUE	TRUE
Cholesterol_in_very_large_HDL__locus016	TRUE	TRUE	TRUE
Cholesterol_in_very_large_HDL__locus017	TRUE	TRUE	TRUE
Cholesterol_in_very_large_HDL__locus018	TRUE	TRUE	TRUE
Cholesterol_in_very_large_HDL__locus019	TRUE	TRUE	TRUE
Cholesterol_in_very_large_HDL__locus020	TRUE	TRUE	TRUE
Cholesterol_in_very_large_HDL__locus021	TRUE	TRUE	TRUE
Cholesterol_in_very_large_HDL__locus022	TRUE	TRUE	TRUE
Cholesterol_in_very_large_HDL__locus023	TRUE	TRUE	TRUE
Cholesterol_in_very_large_HDL__locus024	TRUE	TRUE	TRUE
Cholesterol_in_very_large_HDL__locus025	TRUE	TRUE	TRUE
Cholesterol_in_very_large_HDL__locus026	FALSE	FALSE	FALSE
Cholesterol_in_very_large_HDL__locus027	TRUE	TRUE	TRUE
Cholesterol_in_very_large_HDL__locus028	TRUE	TRUE	TRUE
Cholesterol_in_very_large_HDL__locus029	TRUE	TRUE	TRUE
Cholesterol_in_very_large_HDL__locus030	TRUE	TRUE	TRUE
Cholesterol_in_very_large_HDL__locus031	TRUE	TRUE	TRUE
Cholesterol_in_very_large_HDL__locus032	TRUE	TRUE	TRUE
Cholesterol_in_very_large_HDL__locus033	TRUE	TRUE	TRUE
Cholesterol_in_very_large_HDL__locus034	TRUE	TRUE	TRUE
Cholesterol_in_very_large_HDL__locus035	TRUE	TRUE	TRUE
Cholesterol_in_very_large_HDL__locus036	TRUE	TRUE	TRUE
Cholesterol_in_very_large_HDL__locus037	TRUE	TRUE	TRUE
Cholesterol_in_very_large_HDL__locus038	TRUE	TRUE	TRUE
Cholesterol_in_very_large_HDL__locus039	TRUE	TRUE	TRUE
Cholesterol_in_very_large_HDL__locus040	TRUE	TRUE	TRUE
Cholesterol_in_very_large_HDL__locus041	TRUE	TRUE	TRUE
Cholesterol_in_very_large_HDL__locus042	TRUE	TRUE	TRUE
Cholesterol_in_very_large_HDL__locus043	TRUE	TRUE	TRUE
Cholesterol_in_very_large_HDL__locus044	TRUE	TRUE	TRUE
Cholesterol_in_very_large_HDL__locus045	TRUE	TRUE	TRUE
Cholesterol_in_very_large_HDL__locus046	TRUE	TRUE	TRUE
Cholesterol_in_very_large_HDL__locus047	TRUE	TRUE	TRUE
Cholesterol_in_very_large_HDL__locus048	TRUE	TRUE	TRUE
Cholesterol_in_very_large_HDL__locus049	TRUE	TRUE	TRUE
Cholesterol_in_very_large_HDL__locus050	TRUE	TRUE	TRUE
Cholesterol_in_very_large_HDL__locus051	TRUE	TRUE	TRUE
Cholesterol_in_very_large_HDL__locus052	TRUE	TRUE	TRUE
Cholesterol_in_very_large_HDL__locus053	TRUE	TRUE	TRUE
Cholesterol_in_very_large_HDL__locus054	TRUE	TRUE	TRUE
Cholesterol_in_very_large_HDL__locus055	TRUE	TRUE	TRUE
Cholesterol_in_very_large_HDL__locus056	TRUE	TRUE	TRUE
Cholesterol_in_very_large_HDL__locus057	TRUE	TRUE	TRUE
Cholesterol_in_very_large_HDL__locus058	TRUE	TRUE	TRUE
Cholesterol_in_very_large_HDL__locus059	TRUE	TRUE	TRUE
Cholesterol_in_very_large_HDL__locus060	TRUE	TRUE	TRUE
Cholesterol_in_very_large_HDL__locus061	TRUE	TRUE	TRUE
Cholesterol_in_very_large_HDL__locus062	TRUE	TRUE	TRUE
Cholesterol_in_very_large_HDL__locus063	TRUE	TRUE	TRUE
Cholesterol_in_very_large_HDL__locus064	TRUE	TRUE	TRUE
Cholesterol_in_very_large_HDL__locus065	TRUE	TRUE	TRUE
Cholesterol_in_very_large_HDL__locus066	TRUE	TRUE	TRUE
Cholesterol_in_very_large_HDL__locus067	TRUE	TRUE	TRUE
Cholesterol_in_very_large_HDL__locus068	TRUE	TRUE	TRUE
Cholesterol_in_very_large_HDL__locus069	TRUE	TRUE	TRUE
Cholesterol_in_very_large_HDL__locus070	TRUE	TRUE	TRUE
Cholesterol_in_very_large_HDL__locus071	TRUE	TRUE	TRUE
Cholesterol_in_very_large_HDL__locus072	TRUE	TRUE	TRUE
Cholesterol_in_very_large_HDL__locus073	TRUE	TRUE	TRUE
Cholesterol_in_very_large_HDL__locus074	TRUE	TRUE	TRUE
Cholesterol_in_very_large_HDL__locus075	TRUE	TRUE	TRUE
Cholesterol_in_very_large_HDL__locus076	TRUE	TRUE	FALSE
Cholesterol_in_very_large_HDL__locus077	TRUE	TRUE	TRUE
Cholesterol_in_very_large_HDL__locus078	TRUE	TRUE	TRUE
Cholesterol_in_very_large_HDL__locus079	TRUE	TRUE	TRUE
Cholesterol_in_very_large_HDL__locus080	TRUE	TRUE	TRUE
Cholesterol_in_very_large_HDL__locus081	TRUE	TRUE	TRUE
Cholesterol_in_very_large_HDL__locus082	TRUE	TRUE	TRUE
Cholesterol_in_very_large_HDL__locus083	TRUE	TRUE	TRUE
Cholesterol_in_very_large_HDL__locus084	TRUE	TRUE	TRUE
Cholesterol_in_very_large_HDL__locus085	TRUE	TRUE	TRUE
Cholesterol_in_very_large_HDL__locus086	TRUE	TRUE	TRUE
Cholesterol_in_very_large_HDL__locus087	TRUE	TRUE	TRUE
Cholesterol_in_very_large_HDL__locus088	TRUE	TRUE	TRUE
Cholesterol_in_very_large_HDL__locus089	TRUE	TRUE	TRUE
Cholesterol_in_very_large_HDL__locus090	TRUE	TRUE	TRUE
Cholesterol_in_very_large_HDL__locus091	TRUE	TRUE	TRUE
Cholesterol_in_very_large_HDL__locus092	TRUE	TRUE	TRUE
Cholesterol_in_very_large_HDL__locus093	TRUE	TRUE	TRUE
Cholesterol_in_very_large_HDL__locus094	TRUE	TRUE	TRUE
Cholesterol_in_very_large_HDL__locus095	TRUE	TRUE	TRUE
Cholesterol_in_very_large_HDL__locus096	TRUE	TRUE	TRUE
Cholesterol_in_very_large_HDL__locus097	TRUE	TRUE	TRUE
Cholesterol_in_very_large_HDL__locus098	TRUE	TRUE	TRUE
Cholesterol_in_very_large_HDL__locus099	TRUE	TRUE	TRUE
Cholesterol_in_very_large_HDL__locus100	TRUE	TRUE	TRUE
Cholesterol_in_very_large_HDL__locus101	TRUE	TRUE	TRUE
Cholesterol_in_very_large_HDL__locus102	TRUE	TRUE	TRUE
Cholesterol_in_very_large_HDL__locus103	TRUE	TRUE	TRUE
Cholesterol_in_very_large_HDL__locus104	TRUE	TRUE	TRUE
Cholesterol_in_very_large_HDL__locus105	TRUE	TRUE	TRUE
Cholesterol_in_very_large_HDL__locus106	TRUE	TRUE	TRUE
Cholesterol_in_very_large_HDL__locus107	TRUE	TRUE	TRUE
Cholesterol_in_very_large_HDL__locus108	TRUE	TRUE	TRUE
Cholesterol_in_very_large_HDL__locus109	TRUE	TRUE	TRUE
Cholesterol_in_very_large_HDL__locus110	TRUE	TRUE	TRUE
Cholesterol_in_very_large_HDL__locus111	TRUE	TRUE	TRUE
Cholesterol_in_very_large_HDL__locus112	TRUE	TRUE	TRUE
Cholesterol_in_very_large_HDL__locus113	TRUE	TRUE	TRUE
Cholesterol_in_very_large_HDL__locus114	TRUE	TRUE	TRUE
Cholesterol_in_very_large_HDL__locus115	TRUE	TRUE	TRUE
Cholesterol_in_very_large_HDL__locus116	TRUE	TRUE	TRUE
Cholesterol_in_very_large_HDL__locus117	TRUE	TRUE	TRUE
Cholesterol_in_very_large_HDL__locus118	TRUE	TRUE	TRUE
Cholesterol_in_very_large_HDL__locus119	TRUE	TRUE	TRUE
Cholesterol_in_very_large_HDL__locus120	TRUE	TRUE	TRUE
Cholesterol_in_very_large_HDL__locus121	TRUE	TRUE	TRUE
Cholesterol_in_very_large_HDL__locus122	TRUE	TRUE	TRUE
Cholesterol_in_very_large_HDL__locus123	TRUE	TRUE	TRUE
Cholesterol_in_very_large_HDL__locus124	TRUE	TRUE	TRUE
Cholesterol_in_very_large_HDL__locus125	TRUE	TRUE	TRUE
Cholesterol_in_very_large_HDL__locus126	TRUE	TRUE	TRUE
Cholesterol_in_very_large_HDL__locus127	TRUE	TRUE	TRUE
Cholesterol_in_very_large_HDL__locus128	TRUE	TRUE	TRUE
Cholesterol_in_very_large_HDL__locus129	TRUE	TRUE	TRUE
Cholesterol_in_very_large_HDL__locus130	TRUE	TRUE	TRUE
Cholesterol_in_very_large_HDL__locus131	TRUE	TRUE	TRUE
Cholesterol_in_very_large_HDL__locus132	TRUE	TRUE	TRUE
Cholesterol_in_very_large_HDL__locus133	TRUE	TRUE	TRUE
Cholesterol_in_very_large_HDL__locus134	TRUE	TRUE	TRUE
Cholesterol_in_very_large_HDL__locus135	TRUE	TRUE	TRUE
Cholesterol_in_very_large_HDL__locus136	TRUE	TRUE	TRUE
Cholesterol_in_very_large_HDL__locus137	TRUE	TRUE	TRUE
Cholesterol_in_very_large_HDL__locus138	TRUE	TRUE	TRUE
Cholesterol_in_very_large_HDL__locus139	TRUE	TRUE	TRUE
Cholesterol_in_very_large_HDL__locus140	TRUE	TRUE	TRUE
Cholesterol_in_very_large_HDL__locus141	TRUE	TRUE	TRUE
Cholesterol_in_very_large_HDL__locus142	TRUE	TRUE	TRUE
Cholesterol_in_very_large_HDL__locus143	TRUE	TRUE	TRUE
Cholesterol_in_very_large_HDL__locus144	TRUE	TRUE	TRUE
Cholesterol_in_very_large_HDL__locus145	TRUE	TRUE	TRUE
Cholesterol_in_very_large_HDL__locus146	TRUE	TRUE	TRUE
Cholesterol_in_very_large_HDL__locus147	TRUE	TRUE	TRUE
Cholesterol_in_very_large_HDL__locus148	TRUE	TRUE	TRUE
Cholesterol_in_very_large_HDL__locus149	TRUE	TRUE	TRUE
Cholesterol_in_very_large_HDL__locus150	TRUE	TRUE	TRUE
Cholesterol_in_very_large_HDL__locus151	TRUE	TRUE	TRUE
Cholesterol_in_very_large_HDL__locus152	TRUE	TRUE	TRUE
Cholesterol_in_very_large_HDL__locus153	TRUE	TRUE	TRUE
Cholesterol_in_very_large_HDL__locus154	TRUE	TRUE	TRUE
Cholesterol_in_very_large_HDL__locus155	TRUE	TRUE	TRUE
Cholesterol_in_very_large_HDL__locus156	TRUE	TRUE	TRUE
Cholesterol_in_very_large_HDL__locus157	TRUE	TRUE	TRUE
Cholesterol_in_very_large_HDL__locus158	TRUE	TRUE	TRUE
Cholesterol_in_very_large_HDL__locus159	TRUE	TRUE	TRUE
Cholesterol_in_very_large_HDL__locus160	TRUE	TRUE	TRUE
Cholesterol_in_very_large_HDL__locus161	TRUE	TRUE	TRUE
Cholesterol_in_very_large_HDL__locus162	TRUE	TRUE	TRUE
Cholesterol_in_very_large_HDL__locus163	TRUE	TRUE	TRUE
Cholesterol_in_very_large_HDL__locus164	TRUE	TRUE	TRUE
Cholesterol_in_very_large_HDL__locus165	TRUE	TRUE	TRUE
Cholesterol_in_very_large_HDL__locus166	TRUE	TRUE	TRUE
Cholesterol_in_very_large_HDL__locus167	TRUE	TRUE	TRUE
Cholesterol_in_very_large_HDL__locus168	TRUE	TRUE	TRUE
Cholesterol_in_very_large_HDL__locus169	TRUE	TRUE	TRUE
Cholesterol_in_very_large_HDL__locus170	TRUE	TRUE	TRUE
Cholesterol_in_very_large_HDL__locus171	TRUE	TRUE	TRUE
Cholesterol_in_very_large_HDL__locus172	TRUE	TRUE	TRUE
Cholesterol_in_very_large_HDL__locus173	TRUE	TRUE	TRUE
Cholesterol_in_very_large_HDL__locus174	TRUE	TRUE	TRUE
Cholesterol_in_very_large_HDL__locus175	TRUE	TRUE	TRUE
Cholesterol_in_very_large_HDL__locus176	TRUE	TRUE	TRUE
Cholesterol_in_very_large_HDL__locus177	TRUE	TRUE	TRUE
Cholesterol_in_very_large_HDL__locus178	TRUE	TRUE	TRUE
Cholesterol_in_very_large_HDL__locus179	TRUE	TRUE	TRUE
Cholesterol_in_very_large_HDL__locus180	TRUE	TRUE	TRUE
Cholesterol_in_very_large_HDL__locus181	TRUE	TRUE	TRUE
Cholesterol_in_very_large_HDL__locus182	TRUE	TRUE	TRUE
Cholesterol_in_very_large_HDL__locus183	TRUE	TRUE	TRUE
Cholesterol_in_very_large_HDL__locus184	TRUE	TRUE	TRUE
Cholesterol_in_very_large_HDL__locus185	TRUE	TRUE	TRUE
Cholesterol_in_very_large_HDL__locus186	TRUE	TRUE	TRUE
Cholesterol_in_very_large_HDL__locus187	TRUE	TRUE	TRUE
Cholesterol_in_very_large_HDL__locus188	TRUE	TRUE	TRUE
Cholesterol_in_very_large_HDL__locus189	TRUE	TRUE	TRUE
Cholesterol_in_very_large_HDL__locus190	TRUE	TRUE	TRUE
Cholesterol_in_very_large_HDL__locus191	TRUE	TRUE	TRUE
Cholesterol_in_very_large_HDL__locus192	TRUE	TRUE	TRUE
Cholesterol_in_very_large_HDL__locus193	TRUE	TRUE	TRUE
Cholesterol_in_very_large_HDL__locus194	TRUE	TRUE	TRUE
Cholesterol_in_very_large_HDL__locus195	TRUE	TRUE	TRUE
Cholesterol_in_very_large_HDL__locus196	TRUE	TRUE	TRUE
Cholesterol_in_very_large_HDL__locus197	TRUE	TRUE	TRUE
Cholesterol_in_very_large_HDL__locus198	TRUE	TRUE	TRUE
Cholesterol_in_very_large_HDL__locus199	TRUE	TRUE	TRUE
Cholesterol_in_very_large_HDL__locus200	TRUE	TRUE	TRUE
Cholesterol_in_very_large_HDL__locus201	TRUE	TRUE	TRUE
Cholesterol_in_very_large_HDL__locus202	TRUE	TRUE	TRUE
Cholesterol_in_very_large_HDL__locus203	TRUE	TRUE	TRUE
Cholesterol_in_very_large_HDL__locus204	TRUE	TRUE	TRUE
Cholesterol_in_very_large_HDL__locus205	TRUE	TRUE	TRUE
Cholesterol_in_very_large_HDL__locus206	TRUE	TRUE	TRUE
Cholesterol_in_very_large_HDL__locus207	TRUE	TRUE	TRUE
Cholesterol_in_very_large_HDL__locus208	TRUE	TRUE	TRUE
Cholesterol_in_very_large_HDL__locus209	TRUE	TRUE	TRUE
Cholesterol_in_very_large_HDL__locus210	TRUE	TRUE	TRUE
Cholesterol_in_very_large_HDL__locus211	TRUE	TRUE	TRUE
Cholesterol_in_very_large_HDL__locus212	TRUE	TRUE	TRUE
Cholesterol_in_very_large_HDL__locus213	TRUE	TRUE	TRUE
Cholesterol_in_very_large_HDL__locus214	TRUE	TRUE	TRUE
Cholesterol_in_very_large_HDL__locus215	TRUE	TRUE	TRUE
Cholesterol_in_very_large_HDL__locus216	TRUE	TRUE	TRUE
Cholesterol_in_very_large_HDL__locus217	TRUE	TRUE	TRUE
Cholesterol_in_very_large_HDL__locus218	TRUE	TRUE	TRUE
Cholesterol_in_very_large_HDL__locus219	TRUE	TRUE	TRUE
Cholesterol_in_very_large_HDL__locus220	TRUE	TRUE	TRUE
Cholesterol_in_very_large_HDL__locus221	TRUE	TRUE	TRUE
Cholesterol_in_very_large_HDL__locus222	TRUE	TRUE	TRUE
Cholesterol_in_very_large_HDL__locus223	TRUE	TRUE	TRUE
Cholesterol_in_very_large_HDL__locus224	TRUE	TRUE	TRUE
Cholesterol_in_very_large_HDL__locus225	TRUE	TRUE	TRUE
Cholesterol_in_very_large_HDL__locus226	TRUE	TRUE	TRUE
Cholesterol_in_very_large_HDL__locus227	TRUE	TRUE	TRUE
Cholesterol_in_very_large_HDL__locus228	TRUE	TRUE	TRUE
Cholesterol_in_very_large_HDL__locus229	TRUE	TRUE	TRUE
Cholesterol_in_very_large_HDL__locus230	TRUE	TRUE	TRUE
Cholesterol_in_very_large_HDL__locus231	TRUE	TRUE	TRUE
Cholesterol_in_very_large_HDL__locus232	TRUE	TRUE	TRUE
Cholesterol_in_very_large_HDL__locus233	TRUE	TRUE	TRUE
Cholesterol_in_very_large_HDL__locus234	TRUE	TRUE	TRUE
Cholesterol_in_very_large_HDL__locus235	TRUE	TRUE	TRUE
Cholesterol_in_very_large_HDL__locus236	FALSE	FALSE	FALSE
Cholesterol_in_very_large_HDL__locus237	TRUE	TRUE	TRUE
Cholesterol_in_very_large_HDL__locus238	TRUE	TRUE	TRUE
Cholesterol_in_very_large_HDL__locus239	TRUE	TRUE	TRUE
Cholesterol_in_very_large_HDL__locus240	TRUE	TRUE	TRUE
Cholesterol_in_very_large_HDL__locus241	TRUE	TRUE	TRUE
Cholesterol_in_very_large_HDL__locus242	TRUE	TRUE	TRUE
Cholesterol_in_very_large_HDL__locus243	TRUE	TRUE	TRUE
Cholesterol_in_very_large_HDL__locus244	TRUE	TRUE	TRUE
Cholesterol_in_very_large_HDL__locus245	TRUE	TRUE	TRUE
Cholesterol_in_very_large_HDL__locus246	TRUE	TRUE	TRUE
Cholesterol_in_very_large_HDL__locus247	TRUE	TRUE	TRUE
Cholesterol_in_very_large_HDL__locus248	TRUE	TRUE	TRUE
Cholesterol_in_very_large_HDL__locus249	TRUE	TRUE	TRUE
Cholesterol_in_very_large_HDL__locus250	TRUE	TRUE	TRUE
Cholesterol_in_very_large_HDL__locus251	TRUE	TRUE	TRUE
Cholesterol_in_very_large_HDL__locus252	TRUE	TRUE	TRUE
Cholesterol_in_very_large_HDL__locus253	TRUE	TRUE	TRUE
Cholesterol_in_very_large_HDL__locus254	TRUE	TRUE	TRUE
Cholesterol_in_very_large_HDL__locus255	TRUE	TRUE	TRUE
Cholesterol_in_very_large_HDL__locus256	TRUE	TRUE	TRUE
Cholesterol_in_very_large_HDL__locus257	TRUE	TRUE	TRUE
Cholesterol_in_very_large_HDL__locus258	TRUE	TRUE	TRUE
Cholesterol_in_very_large_HDL__locus259	TRUE	TRUE	TRUE
Cholesterol_in_very_large_HDL__locus260	TRUE	TRUE	TRUE
Cholesterol_in_very_large_HDL__locus261	TRUE	TRUE	TRUE
Cholesterol_in_very_large_HDL__locus262	TRUE	TRUE	TRUE
Cholesterol_in_very_large_HDL__locus263	TRUE	TRUE	TRUE
Cholesterol_in_very_large_HDL__locus264	TRUE	TRUE	TRUE
Cholesterol_in_very_large_HDL__locus265	TRUE	TRUE	TRUE
Cholesterol_in_very_large_HDL__locus266	TRUE	TRUE	TRUE
Cholesterol_in_very_large_HDL__locus267	TRUE	TRUE	TRUE
Cholesterol_in_very_large_HDL__locus268	TRUE	TRUE	TRUE
Cholesterol_in_very_large_HDL__locus269	TRUE	TRUE	TRUE
Cholesterol_in_very_large_HDL__locus270	TRUE	TRUE	TRUE
Cholesterol_in_very_large_HDL__locus271	TRUE	TRUE	TRUE
Cholesterol_in_very_large_HDL__locus272	TRUE	TRUE	TRUE
Cholesterol_in_very_large_HDL__locus273	TRUE	TRUE	TRUE
Cholesterol_in_very_large_HDL__locus274	TRUE	TRUE	TRUE
Cholesterol_in_very_large_HDL__locus275	TRUE	TRUE	TRUE
Cholesterol_in_very_large_HDL__locus276	TRUE	TRUE	TRUE
Cholesterol_in_very_large_HDL__locus277	TRUE	TRUE	TRUE
Cholesterol_in_very_large_HDL__locus278	TRUE	TRUE	TRUE
Cholesterol_in_very_large_HDL__locus279	TRUE	TRUE	TRUE
Cholesterol_in_very_large_HDL__locus280	TRUE	TRUE	TRUE
Cholesterol_in_very_large_HDL__locus281	TRUE	TRUE	TRUE
Cholesterol_in_very_large_HDL__locus282	TRUE	TRUE	TRUE
Cholesterol_in_very_large_HDL__locus283	TRUE	TRUE	TRUE
Cholesterol_in_very_large_HDL__locus284	TRUE	TRUE	TRUE
Cholesterol_in_very_large_HDL__locus285	TRUE	TRUE	TRUE
Cholesterol_in_very_large_HDL__locus286	TRUE	TRUE	TRUE
Cholesterol_in_very_large_HDL__locus287	TRUE	TRUE	TRUE
Cholesterol_in_very_large_HDL__locus288	TRUE	TRUE	TRUE
Cholesterol_in_very_large_HDL__locus289	TRUE	TRUE	TRUE
Cholesterol_in_very_large_HDL__locus290	TRUE	TRUE	TRUE
Cholesterol_in_very_large_HDL__locus291	TRUE	TRUE	TRUE
Cholesterol_in_very_large_HDL__locus292	TRUE	TRUE	TRUE
Cholesterol_in_very_large_HDL__locus293	TRUE	TRUE	TRUE
Cholesterol_in_very_large_HDL__locus294	TRUE	TRUE	TRUE
Cholesterol_in_very_large_HDL__locus295	TRUE	TRUE	TRUE
Cholesterol_in_very_large_HDL__locus296	TRUE	TRUE	TRUE
Cholesterol_in_very_large_HDL__locus297	TRUE	TRUE	TRUE
Cholesterol_in_very_large_HDL__locus298	TRUE	TRUE	TRUE
Cholesterol_in_very_large_HDL__locus299	TRUE	TRUE	TRUE
Cholesterol_in_very_large_HDL__locus300	TRUE	TRUE	TRUE
Cholesterol_in_very_large_HDL__locus301	TRUE	TRUE	TRUE
Cholesterol_in_very_large_HDL__locus302	TRUE	TRUE	TRUE
Cholesterol_in_very_large_HDL__locus303	TRUE	TRUE	TRUE
Cholesterol_in_very_large_HDL__locus304	TRUE	TRUE	TRUE
Cholesterol_in_very_large_HDL__locus305	TRUE	TRUE	TRUE
Cholesterol_in_very_large_HDL__locus306	TRUE	TRUE	TRUE
Cholesterol_in_very_large_HDL__locus307	TRUE	TRUE	TRUE
Cholesterol_in_very_large_HDL__locus308	TRUE	TRUE	TRUE
Cholesterol_in_very_large_HDL__locus309	TRUE	TRUE	TRUE
Cholesterol_in_very_large_HDL__locus310	TRUE	TRUE	TRUE
Cholesterol_in_very_large_HDL__locus311	TRUE	TRUE	TRUE
Cholesterol_in_very_large_HDL__locus312	TRUE	TRUE	TRUE
Cholesterol_in_very_large_HDL__locus313	TRUE	TRUE	TRUE
Cholesterol_in_very_large_HDL__locus314	TRUE	TRUE	TRUE
Cholesterol_in_very_large_HDL__locus315	TRUE	TRUE	TRUE
Cholesterol_in_very_large_HDL__locus316	TRUE	TRUE	TRUE
Cholesterol_in_very_large_HDL__locus317	TRUE	TRUE	TRUE
Cholesterol_in_very_large_HDL__locus318	TRUE	TRUE	TRUE
Cholesterol_in_very_large_HDL__locus319	TRUE	TRUE	TRUE
Cholesterol_in_very_large_HDL__locus320	TRUE	TRUE	TRUE
Cholesterol_in_very_large_HDL__locus321	TRUE	TRUE	TRUE
Cholesterol_in_very_large_HDL__locus322	TRUE	TRUE	TRUE
Cholesterol_in_very_large_HDL__locus323	TRUE	TRUE	TRUE
Cholesterol_in_very_large_HDL__locus324	TRUE	TRUE	TRUE
Cholesterol_in_very_large_HDL__locus325	TRUE	TRUE	TRUE
Cholesterol_in_very_large_HDL__locus326	TRUE	TRUE	TRUE
Cholesterol_in_very_large_HDL__locus327	TRUE	TRUE	TRUE
Cholesterol_in_very_large_HDL__locus328	TRUE	TRUE	TRUE
Cholesterol_in_very_large_HDL__locus329	TRUE	TRUE	TRUE
Cholesterol_in_very_large_HDL__locus330	TRUE	TRUE	TRUE
Cholesterol_in_very_large_HDL__locus331	TRUE	TRUE	TRUE
Cholesterol_in_very_large_HDL__locus332	TRUE	TRUE	TRUE
Cholesterol_in_very_large_HDL__locus333	TRUE	TRUE	TRUE
Cholesterol_in_very_large_HDL__locus334	TRUE	TRUE	TRUE
Cholesterol_in_very_large_HDL__locus335	TRUE	TRUE	TRUE
Cholesterol_in_very_large_HDL__locus336	TRUE	TRUE	TRUE
Cholesterol_in_very_large_HDL__locus337	TRUE	TRUE	TRUE
Cholesterol_in_very_large_HDL__locus338	TRUE	TRUE	TRUE
Cholesterol_in_very_large_HDL__locus339	TRUE	TRUE	TRUE
Cholesterol_in_very_large_HDL__locus340	TRUE	TRUE	TRUE
Cholesterol_in_very_large_HDL__locus341	TRUE	TRUE	TRUE
Cholesterol_in_very_large_HDL__locus342	TRUE	TRUE	TRUE
Cholesterol_in_very_large_HDL__locus343	TRUE	TRUE	TRUE
Cholesterol_in_very_large_HDL__locus344	TRUE	TRUE	TRUE
Cholesterol_in_very_large_HDL__locus345	TRUE	TRUE	TRUE
Cholesterol_in_very_large_HDL__locus346	TRUE	TRUE	TRUE
Cholesterol_in_very_large_HDL__locus347	TRUE	TRUE	TRUE
Cholesterol_in_very_large_HDL__locus348	TRUE	TRUE	TRUE
Cholesterol_in_very_large_HDL__locus349	TRUE	TRUE	TRUE
Cholesterol_in_very_large_HDL__locus350	TRUE	TRUE	TRUE
Cholesterol_in_very_large_HDL__locus351	TRUE	TRUE	TRUE
Cholesterol_in_very_large_HDL__locus352	TRUE	TRUE	TRUE
Cholesterol_in_very_large_HDL__locus353	TRUE	TRUE	TRUE
Cholesterol_in_very_large_HDL__locus354	TRUE	TRUE	TRUE
Cholesterol_in_very_large_HDL__locus355	TRUE	TRUE	TRUE
Cholesterol_in_very_large_HDL__locus356	TRUE	TRUE	TRUE
Cholesterol_in_very_large_HDL__locus357	TRUE	TRUE	TRUE
Cholesterol_in_very_large_HDL__locus358	TRUE	TRUE	TRUE
Cholesterol_in_very_large_HDL__locus359	TRUE	TRUE	TRUE
Cholesterol_in_very_large_HDL__locus360	TRUE	TRUE	TRUE
Cholesterol_in_very_large_HDL__locus361	TRUE	TRUE	TRUE
Cholesterol_in_very_large_HDL__locus362	TRUE	TRUE	TRUE
Cholesterol_in_very_large_HDL__locus363	TRUE	TRUE	TRUE
Cholesterol_in_very_large_HDL__locus364	TRUE	TRUE	TRUE
Cholesterol_in_very_large_HDL__locus365	TRUE	TRUE	TRUE
Cholesterol_in_very_large_HDL__locus366	TRUE	TRUE	TRUE
Cholesterol_in_very_large_HDL__locus367	TRUE	TRUE	TRUE
Cholesterol_in_very_large_HDL__locus368	TRUE	TRUE	TRUE
Cholesterol_in_very_large_HDL__locus369	TRUE	TRUE	TRUE
Cholesterol_in_very_large_HDL__locus370	TRUE	TRUE	TRUE
Cholesterol_in_very_large_HDL__locus371	TRUE	TRUE	TRUE
Cholesterol_in_very_large_HDL__locus372	TRUE	TRUE	TRUE
Cholesterol_in_very_large_HDL__locus373	TRUE	TRUE	TRUE
Cholesterol_in_very_large_HDL__locus374	TRUE	TRUE	TRUE
Cholesterol_in_very_large_HDL__locus375	TRUE	TRUE	TRUE
Cholesterol_in_very_large_HDL__locus376	TRUE	TRUE	TRUE
Cholesterol_in_very_large_HDL__locus377	TRUE	TRUE	TRUE
Cholesterol_in_very_large_HDL__locus378	TRUE	TRUE	TRUE
Cholesterol_in_very_large_HDL__locus379	TRUE	TRUE	TRUE
Cholesterol_in_very_large_HDL__locus380	TRUE	TRUE	TRUE
Cholesterol_in_very_large_HDL__locus381	TRUE	TRUE	TRUE
Cholesterol_in_very_large_HDL__locus382	TRUE	TRUE	TRUE
Cholesterol_in_very_large_HDL__locus383	TRUE	TRUE	TRUE
Cholesterol_in_very_large_HDL__locus384	TRUE	TRUE	TRUE
Cholesterol_in_very_large_HDL__locus385	TRUE	TRUE	TRUE
Cholesterol_in_very_large_HDL__locus386	TRUE	TRUE	TRUE
Cholesterol_in_very_large_HDL__locus387	TRUE	TRUE	TRUE
Cholesterol_in_very_large_HDL__locus388	TRUE	TRUE	TRUE
Cholesterol_in_very_large_HDL__locus389	TRUE	TRUE	TRUE
Cholesterol_in_very_large_HDL__locus390	TRUE	TRUE	TRUE
Cholesterol_in_very_large_HDL__locus391	TRUE	TRUE	TRUE
Cholesterol_in_very_large_HDL__locus392	TRUE	TRUE	TRUE
Cholesterol_in_very_large_HDL__locus393	TRUE	TRUE	TRUE
Cholesterol_in_very_large_HDL__locus394	TRUE	TRUE	TRUE
Cholesterol_in_very_large_HDL__locus395	TRUE	TRUE	TRUE
Cholesterol_in_very_large_HDL__locus396	TRUE	TRUE	TRUE
Cholesterol_in_very_large_HDL__locus397	TRUE	TRUE	TRUE
Cholesterol_in_very_large_HDL__locus398	TRUE	TRUE	TRUE
Cholesterol_in_very_large_HDL__locus399	TRUE	TRUE	TRUE
Cholesterol_in_very_large_HDL__locus400	TRUE	TRUE	TRUE
Cholesterol_in_very_large_HDL__locus401	TRUE	TRUE	TRUE
Cholesterol_in_very_large_HDL__locus402	TRUE	TRUE	TRUE
Cholesterol_in_very_large_HDL__locus403	TRUE	TRUE	TRUE
Cholesterol_in_very_large_HDL__locus404	TRUE	TRUE	TRUE
Cholesterol_in_very_large_HDL__locus405	FALSE	FALSE	FALSE
Cholesterol_in_very_large_HDL__locus406	TRUE	TRUE	TRUE
Cholesterol_in_very_large_HDL__locus407	TRUE	TRUE	TRUE
Cholesterol_in_very_large_HDL__locus408	TRUE	TRUE	TRUE
Cholesterol_in_very_large_HDL__locus409	TRUE	TRUE	TRUE
Cholesterol_in_very_large_HDL__locus410	TRUE	TRUE	TRUE
Cholesterol_in_very_large_HDL__locus411	TRUE	TRUE	TRUE
Cholesterol_in_very_large_HDL__locus412	TRUE	TRUE	TRUE
Cholesterol_in_very_large_HDL__locus413	TRUE	TRUE	TRUE
Cholesterol_in_very_large_HDL__locus414	TRUE	TRUE	TRUE
Cholesterol_in_very_large_HDL__locus415	TRUE	TRUE	TRUE
Cholesterol_in_very_large_HDL__locus416	TRUE	TRUE	TRUE
Cholesterol_in_very_large_HDL__locus417	TRUE	TRUE	TRUE
Cholesterol_in_very_large_HDL__locus418	TRUE	TRUE	TRUE
Cholesterol_in_very_large_HDL__locus419	TRUE	TRUE	TRUE
Cholesterol_in_very_large_HDL__locus420	TRUE	TRUE	TRUE
Cholesterol_in_very_large_HDL__locus421	TRUE	TRUE	TRUE
Cholesterol_in_very_large_HDL__locus422	TRUE	TRUE	TRUE
Cholesterol_in_very_large_HDL__locus423	TRUE	TRUE	TRUE
Cholesterol_in_very_large_HDL__locus424	TRUE	TRUE	TRUE
Cholesterol_in_very_large_HDL__locus425	TRUE	TRUE	TRUE
Cholesterol_in_very_large_HDL__locus426	TRUE	TRUE	TRUE
Cholesterol_in_very_large_HDL__locus427	TRUE	TRUE	TRUE
Cholesterol_in_very_large_HDL__locus428	TRUE	TRUE	TRUE
Cholesterol_in_very_large_HDL__locus429	TRUE	TRUE	TRUE
Cholesterol_in_very_large_HDL__locus430	TRUE	TRUE	TRUE
Cholesterol_in_very_large_HDL__locus431	TRUE	TRUE	TRUE
Cholesterol_in_very_large_HDL__locus432	TRUE	TRUE	TRUE
Cholesterol_in_very_large_HDL__locus433	TRUE	TRUE	TRUE
Cholesterol_in_very_large_HDL__locus434	TRUE	TRUE	TRUE
Cholesterol_in_very_large_HDL__locus435	TRUE	TRUE	TRUE
Cholesterol_in_very_large_HDL__locus436	TRUE	TRUE	TRUE
Cholesterol_in_very_large_HDL__locus437	TRUE	TRUE	TRUE
Cholesterol_in_very_large_HDL__locus438	TRUE	TRUE	TRUE
Cholesterol_in_very_large_HDL__locus439	TRUE	TRUE	TRUE
Cholesterol_in_very_large_HDL__locus440	TRUE	TRUE	TRUE
Cholesterol_in_very_large_HDL__locus441	TRUE	TRUE	TRUE
Cholesterol_in_very_large_HDL__locus442	TRUE	TRUE	TRUE
Cholesterol_in_very_large_HDL__locus443	TRUE	TRUE	TRUE
Cholesterol_in_very_large_HDL__locus444	TRUE	TRUE	TRUE
Cholesterol_in_very_large_HDL__locus445	TRUE	TRUE	TRUE
Cholesterol_in_very_large_HDL__locus446	TRUE	TRUE	TRUE
Cholesterol_in_very_large_HDL__locus447	TRUE	TRUE	TRUE
Cholesterol_in_very_large_HDL__locus448	TRUE	TRUE	TRUE
Cholesterol_in_very_large_HDL__locus449	TRUE	TRUE	TRUE
Cholesterol_in_very_large_HDL__locus450	TRUE	TRUE	TRUE
Cholesterol_in_very_large_HDL__locus451	TRUE	TRUE	TRUE
Cholesterol_in_very_large_HDL__locus452	TRUE	TRUE	TRUE
Cholesterol_in_very_large_HDL__locus453	TRUE	TRUE	TRUE
Cholesterol_in_very_large_HDL__locus454	TRUE	TRUE	TRUE
Cholesterol_in_very_large_HDL__locus455	TRUE	TRUE	TRUE
Cholesterol_in_very_large_HDL__locus456	TRUE	TRUE	TRUE
Cholesterol_in_very_large_HDL__locus457	TRUE	TRUE	TRUE
Cholesterol_in_very_large_HDL__locus458	TRUE	TRUE	TRUE
Cholesterol_in_very_large_HDL__locus459	TRUE	TRUE	TRUE
Cholesterol_in_very_large_HDL__locus460	TRUE	TRUE	TRUE
Cholesterol_in_very_large_HDL__locus461	TRUE	TRUE	TRUE
Cholesterol_in_very_large_HDL__locus462	TRUE	TRUE	TRUE
Cholesterol_in_very_large_HDL__locus463	TRUE	TRUE	TRUE
Cholesterol_in_very_large_HDL__locus464	TRUE	TRUE	TRUE
Cholesterol_in_very_large_HDL__locus465	TRUE	TRUE	TRUE
Cholesterol_in_very_large_HDL__locus466	TRUE	TRUE	TRUE
Cholesterol_in_very_large_HDL__locus467	TRUE	TRUE	TRUE
Cholesterol_in_very_large_HDL__locus468	TRUE	TRUE	TRUE
Cholesterol_in_very_large_HDL__locus469	TRUE	TRUE	TRUE
Cholesterol_in_very_large_HDL__locus470	TRUE	TRUE	TRUE
Cholesterol_in_very_large_HDL__locus471	TRUE	TRUE	TRUE
Cholesterol_in_very_large_HDL__locus472	TRUE	TRUE	TRUE
Cholesterol_in_very_large_HDL__locus473	TRUE	TRUE	TRUE
Cholesterol_in_very_large_HDL__locus474	TRUE	TRUE	TRUE
Cholesterol_in_very_large_HDL__locus475	TRUE	TRUE	TRUE
Cholesterol_in_very_large_HDL__locus476	TRUE	TRUE	TRUE
Cholesterol_in_very_large_HDL__locus477	TRUE	TRUE	TRUE
Cholesterol_in_very_large_HDL__locus478	TRUE	TRUE	TRUE
Cholesterol_in_very_large_HDL__locus479	TRUE	TRUE	TRUE
Cholesterol_in_very_large_HDL__locus480	TRUE	TRUE	TRUE
Cholesterol_in_very_large_HDL__locus481	TRUE	TRUE	TRUE
Cholesterol_in_very_large_HDL__locus482	TRUE	TRUE	TRUE
Cholesterol_in_very_large_HDL__locus483	FALSE	FALSE	FALSE
Cholesterol_in_very_large_HDL__locus484	TRUE	TRUE	TRUE
Cholesterol_in_very_large_HDL__locus485	TRUE	TRUE	TRUE
Cholesterol_in_very_large_HDL__locus486	TRUE	TRUE	TRUE
Cholesterol_in_very_large_HDL__locus487	TRUE	TRUE	TRUE
Cholesterol_in_very_large_HDL__locus488	TRUE	TRUE	TRUE
Cholesterol_in_very_large_HDL__locus489	FALSE	FALSE	FALSE
Cholesterol_in_very_large_HDL__locus490	TRUE	TRUE	TRUE
Cholesterol_in_very_large_HDL__locus491	TRUE	TRUE	TRUE
Cholesterol_in_very_large_HDL__locus492	TRUE	TRUE	TRUE
Cholesterol_in_very_large_HDL__locus493	TRUE	TRUE	TRUE
Cholesterol_in_very_large_HDL__locus494	TRUE	TRUE	TRUE
Cholesterol_in_very_large_HDL__locus495	TRUE	TRUE	TRUE
Cholesterol_to_total_lipids_ratio_in_large_HDL__locus001	TRUE	TRUE	TRUE
Cholesterol_to_total_lipids_ratio_in_large_HDL__locus002	TRUE	TRUE	TRUE
Cholesterol_to_total_lipids_ratio_in_large_HDL__locus003	TRUE	TRUE	TRUE
Cholesterol_to_total_lipids_ratio_in_large_HDL__locus004	TRUE	TRUE	TRUE
Cholesterol_to_total_lipids_ratio_in_large_HDL__locus005	TRUE	TRUE	TRUE
Cholesterol_to_total_lipids_ratio_in_large_HDL__locus006	TRUE	TRUE	TRUE
Cholesterol_to_total_lipids_ratio_in_large_HDL__locus007	TRUE	TRUE	TRUE
Cholesterol_to_total_lipids_ratio_in_large_HDL__locus008	TRUE	TRUE	TRUE
Cholesterol_to_total_lipids_ratio_in_large_HDL__locus009	TRUE	TRUE	TRUE
Cholesterol_to_total_lipids_ratio_in_large_HDL__locus010	TRUE	TRUE	TRUE
Cholesterol_to_total_lipids_ratio_in_large_HDL__locus011	TRUE	TRUE	TRUE
Cholesterol_to_total_lipids_ratio_in_large_HDL__locus012	TRUE	TRUE	TRUE
Cholesterol_to_total_lipids_ratio_in_large_HDL__locus013	TRUE	TRUE	TRUE
Cholesterol_to_total_lipids_ratio_in_large_HDL__locus014	TRUE	TRUE	TRUE
Cholesterol_to_total_lipids_ratio_in_large_HDL__locus015	TRUE	TRUE	TRUE
Cholesterol_to_total_lipids_ratio_in_large_HDL__locus016	TRUE	TRUE	TRUE
Cholesterol_to_total_lipids_ratio_in_large_HDL__locus017	TRUE	TRUE	TRUE
Cholesterol_to_total_lipids_ratio_in_large_HDL__locus018	TRUE	TRUE	TRUE
Cholesterol_to_total_lipids_ratio_in_large_HDL__locus019	TRUE	TRUE	TRUE
Cholesterol_to_total_lipids_ratio_in_large_HDL__locus020	TRUE	TRUE	TRUE
Cholesterol_to_total_lipids_ratio_in_large_HDL__locus021	TRUE	TRUE	TRUE
Cholesterol_to_total_lipids_ratio_in_large_HDL__locus022	TRUE	TRUE	TRUE
Cholesterol_to_total_lipids_ratio_in_large_HDL__locus023	TRUE	TRUE	TRUE
Cholesterol_to_total_lipids_ratio_in_large_HDL__locus024	TRUE	TRUE	TRUE
Cholesterol_to_total_lipids_ratio_in_large_HDL__locus025	TRUE	TRUE	TRUE
Cholesterol_to_total_lipids_ratio_in_large_HDL__locus026	TRUE	TRUE	TRUE
Cholesterol_to_total_lipids_ratio_in_large_HDL__locus027	TRUE	TRUE	TRUE
Cholesterol_to_total_lipids_ratio_in_large_HDL__locus028	TRUE	TRUE	TRUE
Cholesterol_to_total_lipids_ratio_in_large_HDL__locus029	TRUE	TRUE	TRUE
Cholesterol_to_total_lipids_ratio_in_large_HDL__locus030	TRUE	TRUE	TRUE
Cholesterol_to_total_lipids_ratio_in_large_HDL__locus031	TRUE	TRUE	TRUE
Cholesterol_to_total_lipids_ratio_in_large_HDL__locus032	TRUE	TRUE	TRUE
Cholesterol_to_total_lipids_ratio_in_large_HDL__locus033	TRUE	TRUE	TRUE
Cholesterol_to_total_lipids_ratio_in_large_HDL__locus034	TRUE	TRUE	TRUE
Cholesterol_to_total_lipids_ratio_in_large_HDL__locus035	TRUE	TRUE	TRUE
Cholesterol_to_total_lipids_ratio_in_large_HDL__locus036	TRUE	TRUE	TRUE
Cholesterol_to_total_lipids_ratio_in_large_HDL__locus037	TRUE	TRUE	TRUE
Cholesterol_to_total_lipids_ratio_in_large_HDL__locus038	TRUE	TRUE	TRUE
Cholesterol_to_total_lipids_ratio_in_large_HDL__locus039	TRUE	TRUE	TRUE
Cholesterol_to_total_lipids_ratio_in_large_HDL__locus040	TRUE	TRUE	TRUE
Cholesterol_to_total_lipids_ratio_in_large_HDL__locus041	TRUE	TRUE	TRUE
Cholesterol_to_total_lipids_ratio_in_large_HDL__locus042	TRUE	TRUE	TRUE
Cholesterol_to_total_lipids_ratio_in_large_HDL__locus043	TRUE	TRUE	TRUE
Cholesterol_to_total_lipids_ratio_in_large_HDL__locus044	TRUE	TRUE	TRUE
Cholesterol_to_total_lipids_ratio_in_large_HDL__locus045	TRUE	TRUE	TRUE
Cholesterol_to_total_lipids_ratio_in_large_HDL__locus046	TRUE	TRUE	TRUE
Cholesterol_to_total_lipids_ratio_in_large_HDL__locus047	TRUE	TRUE	TRUE
Cholesterol_to_total_lipids_ratio_in_large_HDL__locus048	TRUE	TRUE	TRUE
Cholesterol_to_total_lipids_ratio_in_large_HDL__locus049	TRUE	TRUE	TRUE
Cholesterol_to_total_lipids_ratio_in_large_HDL__locus050	TRUE	TRUE	TRUE
Cholesterol_to_total_lipids_ratio_in_large_HDL__locus051	TRUE	TRUE	TRUE
Cholesterol_to_total_lipids_ratio_in_large_HDL__locus052	TRUE	TRUE	TRUE
Cholesterol_to_total_lipids_ratio_in_large_HDL__locus053	TRUE	TRUE	TRUE
Cholesterol_to_total_lipids_ratio_in_large_HDL__locus054	TRUE	TRUE	TRUE
Cholesterol_to_total_lipids_ratio_in_large_HDL__locus055	TRUE	TRUE	TRUE
Cholesterol_to_total_lipids_ratio_in_large_HDL__locus056	TRUE	TRUE	TRUE
Cholesterol_to_total_lipids_ratio_in_large_HDL__locus057	TRUE	TRUE	TRUE
Cholesterol_to_total_lipids_ratio_in_large_HDL__locus058	TRUE	TRUE	TRUE
Cholesterol_to_total_lipids_ratio_in_large_HDL__locus059	TRUE	TRUE	TRUE
Cholesterol_to_total_lipids_ratio_in_large_HDL__locus060	TRUE	TRUE	TRUE
Cholesterol_to_total_lipids_ratio_in_large_HDL__locus061	TRUE	TRUE	TRUE
Cholesterol_to_total_lipids_ratio_in_large_HDL__locus062	TRUE	TRUE	TRUE
Cholesterol_to_total_lipids_ratio_in_large_HDL__locus063	TRUE	TRUE	TRUE
Cholesterol_to_total_lipids_ratio_in_large_HDL__locus064	TRUE	TRUE	TRUE
Cholesterol_to_total_lipids_ratio_in_large_HDL__locus065	TRUE	TRUE	TRUE
Cholesterol_to_total_lipids_ratio_in_large_HDL__locus066	TRUE	TRUE	FALSE
Cholesterol_to_total_lipids_ratio_in_large_HDL__locus067	TRUE	TRUE	TRUE
Cholesterol_to_total_lipids_ratio_in_large_HDL__locus068	TRUE	TRUE	TRUE
Cholesterol_to_total_lipids_ratio_in_large_HDL__locus069	TRUE	TRUE	TRUE
Cholesterol_to_total_lipids_ratio_in_large_HDL__locus070	TRUE	TRUE	TRUE
Cholesterol_to_total_lipids_ratio_in_large_HDL__locus071	TRUE	TRUE	TRUE
Cholesterol_to_total_lipids_ratio_in_large_HDL__locus072	TRUE	TRUE	TRUE
Cholesterol_to_total_lipids_ratio_in_large_HDL__locus073	TRUE	TRUE	TRUE
Cholesterol_to_total_lipids_ratio_in_large_HDL__locus074	TRUE	TRUE	TRUE
Cholesterol_to_total_lipids_ratio_in_large_HDL__locus075	TRUE	TRUE	TRUE
Cholesterol_to_total_lipids_ratio_in_large_HDL__locus076	TRUE	TRUE	TRUE
Cholesterol_to_total_lipids_ratio_in_large_HDL__locus077	TRUE	TRUE	TRUE
Cholesterol_to_total_lipids_ratio_in_large_HDL__locus078	TRUE	TRUE	TRUE
Cholesterol_to_total_lipids_ratio_in_large_HDL__locus079	TRUE	TRUE	TRUE
Cholesterol_to_total_lipids_ratio_in_large_HDL__locus080	TRUE	TRUE	TRUE
Cholesterol_to_total_lipids_ratio_in_large_HDL__locus081	TRUE	TRUE	TRUE
Cholesterol_to_total_lipids_ratio_in_large_HDL__locus082	TRUE	TRUE	TRUE
Cholesterol_to_total_lipids_ratio_in_large_HDL__locus083	TRUE	TRUE	TRUE
Cholesterol_to_total_lipids_ratio_in_large_HDL__locus084	TRUE	TRUE	TRUE
Cholesterol_to_total_lipids_ratio_in_large_HDL__locus085	TRUE	TRUE	TRUE
Cholesterol_to_total_lipids_ratio_in_large_HDL__locus086	TRUE	TRUE	TRUE
Cholesterol_to_total_lipids_ratio_in_large_HDL__locus087	TRUE	TRUE	TRUE
Cholesterol_to_total_lipids_ratio_in_large_HDL__locus088	TRUE	TRUE	TRUE
Cholesterol_to_total_lipids_ratio_in_large_HDL__locus089	TRUE	TRUE	TRUE
Cholesterol_to_total_lipids_ratio_in_large_HDL__locus090	TRUE	TRUE	TRUE
Cholesterol_to_total_lipids_ratio_in_large_HDL__locus091	TRUE	TRUE	TRUE
Cholesterol_to_total_lipids_ratio_in_large_HDL__locus092	TRUE	TRUE	TRUE
Cholesterol_to_total_lipids_ratio_in_large_HDL__locus093	TRUE	TRUE	TRUE
Cholesterol_to_total_lipids_ratio_in_large_HDL__locus094	TRUE	TRUE	TRUE
Cholesterol_to_total_lipids_ratio_in_large_HDL__locus095	TRUE	TRUE	TRUE
Cholesterol_to_total_lipids_ratio_in_large_HDL__locus096	TRUE	TRUE	TRUE
Cholesterol_to_total_lipids_ratio_in_large_HDL__locus097	FALSE	FALSE	FALSE
Cholesterol_to_total_lipids_ratio_in_large_HDL__locus098	TRUE	TRUE	TRUE
Cholesterol_to_total_lipids_ratio_in_large_HDL__locus099	TRUE	TRUE	TRUE
Cholesterol_to_total_lipids_ratio_in_large_HDL__locus100	TRUE	TRUE	TRUE
Cholesterol_to_total_lipids_ratio_in_large_HDL__locus101	TRUE	TRUE	TRUE
Cholesterol_to_total_lipids_ratio_in_large_HDL__locus102	TRUE	TRUE	TRUE
Cholesterol_to_total_lipids_ratio_in_large_HDL__locus103	TRUE	TRUE	TRUE
Cholesterol_to_total_lipids_ratio_in_large_HDL__locus104	TRUE	TRUE	TRUE
Cholesterol_to_total_lipids_ratio_in_large_HDL__locus105	TRUE	TRUE	TRUE
Cholesterol_to_total_lipids_ratio_in_large_HDL__locus106	TRUE	TRUE	TRUE
Cholesterol_to_total_lipids_ratio_in_large_HDL__locus107	TRUE	TRUE	TRUE
Cholesterol_to_total_lipids_ratio_in_large_HDL__locus108	TRUE	TRUE	TRUE
Cholesterol_to_total_lipids_ratio_in_large_HDL__locus109	TRUE	TRUE	TRUE
Cholesterol_to_total_lipids_ratio_in_large_HDL__locus110	TRUE	TRUE	TRUE
Cholesterol_to_total_lipids_ratio_in_large_HDL__locus111	TRUE	TRUE	TRUE
Cholesterol_to_total_lipids_ratio_in_large_HDL__locus112	TRUE	TRUE	TRUE
Cholesterol_to_total_lipids_ratio_in_large_HDL__locus113	TRUE	TRUE	TRUE
Cholesterol_to_total_lipids_ratio_in_large_HDL__locus114	TRUE	TRUE	TRUE
Cholesterol_to_total_lipids_ratio_in_large_HDL__locus115	TRUE	TRUE	TRUE
Cholesterol_to_total_lipids_ratio_in_large_HDL__locus116	TRUE	TRUE	TRUE
Cholesterol_to_total_lipids_ratio_in_large_HDL__locus117	TRUE	TRUE	TRUE
Cholesterol_to_total_lipids_ratio_in_large_HDL__locus118	TRUE	TRUE	TRUE
Cholesterol_to_total_lipids_ratio_in_large_HDL__locus119	TRUE	TRUE	TRUE
Cholesterol_to_total_lipids_ratio_in_large_HDL__locus120	TRUE	TRUE	TRUE
Cholesterol_to_total_lipids_ratio_in_large_HDL__locus121	TRUE	TRUE	TRUE
Cholesterol_to_total_lipids_ratio_in_large_HDL__locus122	TRUE	TRUE	TRUE
Cholesterol_to_total_lipids_ratio_in_large_HDL__locus123	TRUE	TRUE	TRUE
Cholesterol_to_total_lipids_ratio_in_large_HDL__locus124	TRUE	TRUE	TRUE
Cholesterol_to_total_lipids_ratio_in_large_HDL__locus125	TRUE	TRUE	TRUE
Cholesterol_to_total_lipids_ratio_in_large_HDL__locus126	TRUE	TRUE	TRUE
Cholesterol_to_total_lipids_ratio_in_large_HDL__locus127	TRUE	TRUE	TRUE
Cholesterol_to_total_lipids_ratio_in_large_HDL__locus128	TRUE	TRUE	TRUE
Cholesterol_to_total_lipids_ratio_in_large_HDL__locus129	TRUE	TRUE	TRUE
Cholesterol_to_total_lipids_ratio_in_large_HDL__locus130	TRUE	TRUE	TRUE
Cholesterol_to_total_lipids_ratio_in_large_HDL__locus131	TRUE	TRUE	TRUE
Cholesterol_to_total_lipids_ratio_in_large_HDL__locus132	TRUE	TRUE	TRUE
Cholesterol_to_total_lipids_ratio_in_large_HDL__locus133	TRUE	TRUE	TRUE
Cholesterol_to_total_lipids_ratio_in_large_HDL__locus134	TRUE	TRUE	FALSE
Cholesterol_to_total_lipids_ratio_in_large_HDL__locus135	TRUE	TRUE	TRUE
Cholesterol_to_total_lipids_ratio_in_large_HDL__locus136	TRUE	TRUE	TRUE
Cholesterol_to_total_lipids_ratio_in_large_HDL__locus137	TRUE	TRUE	TRUE
Cholesterol_to_total_lipids_ratio_in_large_HDL__locus138	TRUE	TRUE	TRUE
Cholesterol_to_total_lipids_ratio_in_large_HDL__locus139	TRUE	TRUE	TRUE
Cholesterol_to_total_lipids_ratio_in_large_HDL__locus140	TRUE	TRUE	TRUE
Cholesterol_to_total_lipids_ratio_in_large_HDL__locus141	TRUE	TRUE	TRUE
Cholesterol_to_total_lipids_ratio_in_large_HDL__locus142	TRUE	TRUE	TRUE
Cholesterol_to_total_lipids_ratio_in_large_HDL__locus143	TRUE	TRUE	TRUE
Cholesterol_to_total_lipids_ratio_in_large_HDL__locus144	TRUE	TRUE	TRUE
Cholesterol_to_total_lipids_ratio_in_large_HDL__locus145	TRUE	TRUE	TRUE
Cholesterol_to_total_lipids_ratio_in_large_HDL__locus146	TRUE	TRUE	TRUE
Cholesterol_to_total_lipids_ratio_in_large_HDL__locus147	TRUE	TRUE	TRUE
Cholesterol_to_total_lipids_ratio_in_large_HDL__locus148	TRUE	TRUE	TRUE
Cholesterol_to_total_lipids_ratio_in_large_HDL__locus149	TRUE	TRUE	TRUE
Cholesterol_to_total_lipids_ratio_in_large_HDL__locus150	TRUE	TRUE	TRUE
Cholesterol_to_total_lipids_ratio_in_large_HDL__locus151	TRUE	TRUE	TRUE
Cholesterol_to_total_lipids_ratio_in_large_HDL__locus152	TRUE	TRUE	TRUE
Cholesterol_to_total_lipids_ratio_in_large_HDL__locus153	TRUE	TRUE	TRUE
Cholesterol_to_total_lipids_ratio_in_large_HDL__locus154	TRUE	TRUE	TRUE
Cholesterol_to_total_lipids_ratio_in_large_HDL__locus155	TRUE	TRUE	TRUE
Cholesterol_to_total_lipids_ratio_in_large_HDL__locus156	TRUE	TRUE	TRUE
Cholesterol_to_total_lipids_ratio_in_large_HDL__locus157	TRUE	TRUE	TRUE
Cholesterol_to_total_lipids_ratio_in_large_HDL__locus158	TRUE	TRUE	TRUE
Cholesterol_to_total_lipids_ratio_in_large_HDL__locus159	TRUE	TRUE	TRUE
Cholesterol_to_total_lipids_ratio_in_large_HDL__locus160	TRUE	TRUE	TRUE
Cholesterol_to_total_lipids_ratio_in_large_HDL__locus161	TRUE	TRUE	TRUE
Cholesterol_to_total_lipids_ratio_in_large_HDL__locus162	TRUE	TRUE	TRUE
Cholesterol_to_total_lipids_ratio_in_large_HDL__locus163	TRUE	TRUE	TRUE
Cholesterol_to_total_lipids_ratio_in_large_HDL__locus164	TRUE	TRUE	TRUE
Cholesterol_to_total_lipids_ratio_in_large_HDL__locus165	TRUE	TRUE	TRUE
Cholesterol_to_total_lipids_ratio_in_large_HDL__locus166	TRUE	TRUE	TRUE
Cholesterol_to_total_lipids_ratio_in_large_HDL__locus167	TRUE	TRUE	TRUE
Cholesterol_to_total_lipids_ratio_in_large_HDL__locus168	TRUE	TRUE	TRUE
Cholesterol_to_total_lipids_ratio_in_large_HDL__locus169	TRUE	TRUE	TRUE
Cholesterol_to_total_lipids_ratio_in_large_HDL__locus170	TRUE	TRUE	TRUE
Cholesterol_to_total_lipids_ratio_in_large_HDL__locus171	TRUE	TRUE	TRUE
Cholesterol_to_total_lipids_ratio_in_large_HDL__locus172	TRUE	TRUE	TRUE
Cholesterol_to_total_lipids_ratio_in_large_HDL__locus173	TRUE	TRUE	TRUE
Cholesterol_to_total_lipids_ratio_in_large_HDL__locus174	TRUE	TRUE	TRUE
Cholesterol_to_total_lipids_ratio_in_large_HDL__locus175	TRUE	TRUE	TRUE
Cholesterol_to_total_lipids_ratio_in_large_HDL__locus176	TRUE	TRUE	TRUE
Cholesterol_to_total_lipids_ratio_in_large_HDL__locus177	TRUE	TRUE	TRUE
Cholesterol_to_total_lipids_ratio_in_large_HDL__locus178	TRUE	TRUE	TRUE
Cholesterol_to_total_lipids_ratio_in_large_HDL__locus179	TRUE	TRUE	TRUE
Cholesterol_to_total_lipids_ratio_in_large_HDL__locus180	TRUE	TRUE	TRUE
Cholesterol_to_total_lipids_ratio_in_large_HDL__locus181	TRUE	TRUE	TRUE
Cholesterol_to_total_lipids_ratio_in_large_HDL__locus182	TRUE	TRUE	TRUE
Cholesterol_to_total_lipids_ratio_in_large_HDL__locus183	TRUE	TRUE	TRUE
Cholesterol_to_total_lipids_ratio_in_large_HDL__locus184	TRUE	TRUE	TRUE
Cholesterol_to_total_lipids_ratio_in_large_HDL__locus185	TRUE	TRUE	TRUE
Cholesterol_to_total_lipids_ratio_in_large_HDL__locus186	TRUE	TRUE	TRUE
Cholesterol_to_total_lipids_ratio_in_large_HDL__locus187	TRUE	TRUE	TRUE
Cholesterol_to_total_lipids_ratio_in_large_HDL__locus188	TRUE	TRUE	TRUE
Cholesterol_to_total_lipids_ratio_in_large_HDL__locus189	TRUE	TRUE	TRUE
Cholesterol_to_total_lipids_ratio_in_large_HDL__locus190	TRUE	TRUE	FALSE
Cholesterol_to_total_lipids_ratio_in_large_HDL__locus191	TRUE	TRUE	TRUE
Cholesterol_to_total_lipids_ratio_in_large_HDL__locus192	TRUE	TRUE	TRUE
Cholesterol_to_total_lipids_ratio_in_large_HDL__locus193	TRUE	TRUE	TRUE
Cholesterol_to_total_lipids_ratio_in_large_HDL__locus194	TRUE	TRUE	TRUE
Cholesterol_to_total_lipids_ratio_in_large_HDL__locus195	TRUE	TRUE	TRUE
Cholesterol_to_total_lipids_ratio_in_large_HDL__locus196	TRUE	TRUE	TRUE
Cholesterol_to_total_lipids_ratio_in_large_HDL__locus197	TRUE	TRUE	TRUE
Cholesterol_to_total_lipids_ratio_in_large_HDL__locus198	TRUE	TRUE	TRUE
Cholesterol_to_total_lipids_ratio_in_large_HDL__locus199	TRUE	TRUE	TRUE
Cholesterol_to_total_lipids_ratio_in_large_HDL__locus200	TRUE	TRUE	TRUE
Cholesterol_to_total_lipids_ratio_in_large_HDL__locus201	TRUE	TRUE	TRUE
Cholesterol_to_total_lipids_ratio_in_large_HDL__locus202	TRUE	TRUE	TRUE
Cholesterol_to_total_lipids_ratio_in_large_HDL__locus203	TRUE	TRUE	TRUE
Cholesterol_to_total_lipids_ratio_in_large_HDL__locus204	TRUE	TRUE	TRUE
Cholesterol_to_total_lipids_ratio_in_large_HDL__locus205	TRUE	TRUE	TRUE
Cholesterol_to_total_lipids_ratio_in_large_HDL__locus206	TRUE	TRUE	TRUE
Cholesterol_to_total_lipids_ratio_in_large_HDL__locus207	TRUE	TRUE	TRUE
Cholesterol_to_total_lipids_ratio_in_large_HDL__locus208	TRUE	TRUE	TRUE
Cholesterol_to_total_lipids_ratio_in_large_HDL__locus209	TRUE	TRUE	TRUE
Cholesterol_to_total_lipids_ratio_in_large_HDL__locus210	TRUE	TRUE	TRUE
Cholesterol_to_total_lipids_ratio_in_large_HDL__locus211	TRUE	TRUE	TRUE
Cholesterol_to_total_lipids_ratio_in_large_HDL__locus212	TRUE	TRUE	TRUE
Cholesterol_to_total_lipids_ratio_in_large_HDL__locus213	TRUE	TRUE	TRUE
Cholesterol_to_total_lipids_ratio_in_large_HDL__locus214	TRUE	TRUE	TRUE
Cholesterol_to_total_lipids_ratio_in_large_HDL__locus215	TRUE	TRUE	TRUE
Cholesterol_to_total_lipids_ratio_in_large_HDL__locus216	TRUE	TRUE	TRUE
Cholesterol_to_total_lipids_ratio_in_large_HDL__locus217	TRUE	TRUE	TRUE
Cholesterol_to_total_lipids_ratio_in_large_HDL__locus218	TRUE	TRUE	TRUE
Cholesterol_to_total_lipids_ratio_in_large_HDL__locus219	TRUE	TRUE	TRUE
Cholesterol_to_total_lipids_ratio_in_large_HDL__locus220	TRUE	TRUE	TRUE
Cholesterol_to_total_lipids_ratio_in_large_HDL__locus221	TRUE	TRUE	TRUE
Cholesterol_to_total_lipids_ratio_in_large_HDL__locus222	TRUE	TRUE	TRUE
Cholesterol_to_total_lipids_ratio_in_large_HDL__locus223	TRUE	TRUE	TRUE
Cholesterol_to_total_lipids_ratio_in_large_HDL__locus224	TRUE	TRUE	TRUE
Cholesterol_to_total_lipids_ratio_in_large_HDL__locus225	TRUE	TRUE	TRUE
Cholesterol_to_total_lipids_ratio_in_large_HDL__locus226	TRUE	TRUE	TRUE
Cholesterol_to_total_lipids_ratio_in_large_HDL__locus227	TRUE	TRUE	TRUE
Cholesterol_to_total_lipids_ratio_in_large_HDL__locus228	TRUE	TRUE	TRUE
Cholesterol_to_total_lipids_ratio_in_large_HDL__locus229	TRUE	TRUE	TRUE
Cholesterol_to_total_lipids_ratio_in_large_HDL__locus230	TRUE	TRUE	TRUE
Cholesterol_to_total_lipids_ratio_in_large_HDL__locus231	TRUE	TRUE	TRUE
Cholesterol_to_total_lipids_ratio_in_large_HDL__locus232	TRUE	TRUE	TRUE
Cholesterol_to_total_lipids_ratio_in_large_HDL__locus233	TRUE	TRUE	TRUE
Cholesterol_to_total_lipids_ratio_in_large_HDL__locus234	TRUE	TRUE	TRUE
Cholesterol_to_total_lipids_ratio_in_large_HDL__locus235	TRUE	TRUE	TRUE
Cholesterol_to_total_lipids_ratio_in_large_HDL__locus236	TRUE	TRUE	TRUE
Cholesterol_to_total_lipids_ratio_in_large_HDL__locus237	TRUE	TRUE	TRUE
Cholesterol_to_total_lipids_ratio_in_large_HDL__locus238	TRUE	TRUE	TRUE
Cholesterol_to_total_lipids_ratio_in_large_HDL__locus239	TRUE	TRUE	TRUE
Cholesterol_to_total_lipids_ratio_in_large_HDL__locus240	TRUE	TRUE	TRUE
Cholesterol_to_total_lipids_ratio_in_large_HDL__locus241	TRUE	TRUE	TRUE
Cholesterol_to_total_lipids_ratio_in_large_HDL__locus242	TRUE	TRUE	TRUE
Cholesterol_to_total_lipids_ratio_in_large_HDL__locus243	TRUE	TRUE	TRUE
Cholesterol_to_total_lipids_ratio_in_large_HDL__locus244	TRUE	TRUE	TRUE
Cholesterol_to_total_lipids_ratio_in_large_HDL__locus245	TRUE	TRUE	TRUE
Cholesterol_to_total_lipids_ratio_in_large_HDL__locus246	TRUE	TRUE	TRUE
Cholesterol_to_total_lipids_ratio_in_large_HDL__locus247	TRUE	TRUE	TRUE
Cholesterol_to_total_lipids_ratio_in_large_HDL__locus248	TRUE	TRUE	TRUE
Cholesterol_to_total_lipids_ratio_in_large_HDL__locus249	TRUE	TRUE	TRUE
Cholesterol_to_total_lipids_ratio_in_large_HDL__locus250	TRUE	TRUE	TRUE
Cholesterol_to_total_lipids_ratio_in_large_HDL__locus251	TRUE	TRUE	TRUE
Cholesterol_to_total_lipids_ratio_in_large_HDL__locus252	TRUE	TRUE	TRUE
Cholesterol_to_total_lipids_ratio_in_large_HDL__locus253	TRUE	TRUE	TRUE
Cholesterol_to_total_lipids_ratio_in_large_HDL__locus254	TRUE	TRUE	TRUE
Cholesterol_to_total_lipids_ratio_in_large_HDL__locus255	TRUE	TRUE	TRUE
Cholesterol_to_total_lipids_ratio_in_large_HDL__locus256	TRUE	TRUE	TRUE
Cholesterol_to_total_lipids_ratio_in_large_HDL__locus257	TRUE	TRUE	TRUE
Cholesterol_to_total_lipids_ratio_in_large_HDL__locus258	TRUE	TRUE	TRUE
Cholesterol_to_total_lipids_ratio_in_large_HDL__locus259	TRUE	TRUE	TRUE
Cholesterol_to_total_lipids_ratio_in_large_HDL__locus260	TRUE	TRUE	TRUE
Cholesterol_to_total_lipids_ratio_in_large_HDL__locus261	TRUE	TRUE	TRUE
Cholesterol_to_total_lipids_ratio_in_large_HDL__locus262	TRUE	TRUE	TRUE
Cholesterol_to_total_lipids_ratio_in_large_HDL__locus263	TRUE	TRUE	TRUE
Cholesterol_to_total_lipids_ratio_in_large_HDL__locus264	TRUE	TRUE	TRUE
Cholesterol_to_total_lipids_ratio_in_large_HDL__locus265	TRUE	TRUE	TRUE
Cholesterol_to_total_lipids_ratio_in_large_HDL__locus266	TRUE	TRUE	TRUE
Cholesterol_to_total_lipids_ratio_in_large_HDL__locus267	TRUE	TRUE	TRUE
Cholesterol_to_total_lipids_ratio_in_large_HDL__locus268	TRUE	TRUE	TRUE
Cholesterol_to_total_lipids_ratio_in_large_HDL__locus269	TRUE	TRUE	TRUE
Cholesterol_to_total_lipids_ratio_in_large_HDL__locus270	TRUE	TRUE	TRUE
Cholesterol_to_total_lipids_ratio_in_large_HDL__locus271	TRUE	TRUE	TRUE
Cholesterol_to_total_lipids_ratio_in_large_HDL__locus272	TRUE	TRUE	TRUE
Cholesterol_to_total_lipids_ratio_in_large_HDL__locus273	TRUE	TRUE	TRUE
Cholesterol_to_total_lipids_ratio_in_large_HDL__locus274	TRUE	TRUE	TRUE
Cholesterol_to_total_lipids_ratio_in_large_HDL__locus275	TRUE	TRUE	TRUE
Cholesterol_to_total_lipids_ratio_in_large_HDL__locus276	TRUE	TRUE	TRUE
Cholesterol_to_total_lipids_ratio_in_large_HDL__locus277	TRUE	TRUE	TRUE
Cholesterol_to_total_lipids_ratio_in_large_HDL__locus278	TRUE	TRUE	TRUE
Cholesterol_to_total_lipids_ratio_in_large_HDL__locus279	TRUE	TRUE	TRUE
Cholesterol_to_total_lipids_ratio_in_large_HDL__locus280	TRUE	TRUE	TRUE
Cholesterol_to_total_lipids_ratio_in_large_HDL__locus281	TRUE	TRUE	TRUE
Cholesterol_to_total_lipids_ratio_in_large_HDL__locus282	TRUE	TRUE	TRUE
Cholesterol_to_total_lipids_ratio_in_large_HDL__locus283	TRUE	TRUE	TRUE
Cholesterol_to_total_lipids_ratio_in_large_HDL__locus284	TRUE	TRUE	TRUE
Cholesterol_to_total_lipids_ratio_in_large_HDL__locus285	TRUE	TRUE	TRUE
Cholesterol_to_total_lipids_ratio_in_large_HDL__locus286	TRUE	TRUE	TRUE
Cholesterol_to_total_lipids_ratio_in_large_HDL__locus287	TRUE	TRUE	TRUE
Cholesterol_to_total_lipids_ratio_in_large_HDL__locus288	TRUE	TRUE	TRUE
Cholesterol_to_total_lipids_ratio_in_large_HDL__locus289	TRUE	TRUE	TRUE
Cholesterol_to_total_lipids_ratio_in_large_HDL__locus290	TRUE	TRUE	TRUE
Cholesterol_to_total_lipids_ratio_in_large_HDL__locus291	TRUE	TRUE	TRUE
Cholesterol_to_total_lipids_ratio_in_large_HDL__locus292	TRUE	TRUE	TRUE
Cholesterol_to_total_lipids_ratio_in_large_HDL__locus293	TRUE	TRUE	TRUE
Cholesterol_to_total_lipids_ratio_in_large_HDL__locus294	TRUE	TRUE	TRUE
Cholesterol_to_total_lipids_ratio_in_large_HDL__locus295	TRUE	TRUE	TRUE
Cholesterol_to_total_lipids_ratio_in_large_HDL__locus296	TRUE	TRUE	TRUE
Cholesterol_to_total_lipids_ratio_in_large_HDL__locus297	TRUE	TRUE	TRUE
Cholesterol_to_total_lipids_ratio_in_large_HDL__locus298	TRUE	TRUE	TRUE
Cholesterol_to_total_lipids_ratio_in_large_HDL__locus299	TRUE	TRUE	TRUE
Cholesterol_to_total_lipids_ratio_in_large_HDL__locus300	TRUE	TRUE	TRUE
Cholesterol_to_total_lipids_ratio_in_large_HDL__locus301	TRUE	TRUE	TRUE
Cholesterol_to_total_lipids_ratio_in_large_HDL__locus302	TRUE	TRUE	TRUE
Cholesterol_to_total_lipids_ratio_in_large_HDL__locus303	TRUE	TRUE	TRUE
Cholesterol_to_total_lipids_ratio_in_large_HDL__locus304	TRUE	TRUE	TRUE
Cholesterol_to_total_lipids_ratio_in_large_HDL__locus305	TRUE	TRUE	TRUE
Cholesterol_to_total_lipids_ratio_in_large_HDL__locus306	TRUE	TRUE	TRUE
Cholesterol_to_total_lipids_ratio_in_large_HDL__locus307	TRUE	TRUE	TRUE
Cholesterol_to_total_lipids_ratio_in_large_HDL__locus308	TRUE	TRUE	TRUE
Cholesterol_to_total_lipids_ratio_in_large_HDL__locus309	TRUE	TRUE	TRUE
Cholesterol_to_total_lipids_ratio_in_large_HDL__locus310	FALSE	FALSE	FALSE
Cholesterol_to_total_lipids_ratio_in_large_HDL__locus311	TRUE	TRUE	TRUE
Cholesterol_to_total_lipids_ratio_in_large_HDL__locus312	TRUE	TRUE	TRUE
Cholesterol_to_total_lipids_ratio_in_large_HDL__locus313	TRUE	TRUE	TRUE
Cholesterol_to_total_lipids_ratio_in_large_HDL__locus314	TRUE	TRUE	TRUE
Cholesterol_to_total_lipids_ratio_in_large_HDL__locus315	TRUE	TRUE	TRUE
Cholesterol_to_total_lipids_ratio_in_large_HDL__locus316	TRUE	TRUE	TRUE
Cholesterol_to_total_lipids_ratio_in_large_HDL__locus317	TRUE	TRUE	TRUE
Cholesterol_to_total_lipids_ratio_in_large_HDL__locus318	TRUE	TRUE	TRUE
Cholesterol_to_total_lipids_ratio_in_large_HDL__locus319	TRUE	TRUE	TRUE
Cholesterol_to_total_lipids_ratio_in_large_HDL__locus320	TRUE	TRUE	TRUE
Cholesterol_to_total_lipids_ratio_in_large_HDL__locus321	TRUE	TRUE	TRUE
Cholesterol_to_total_lipids_ratio_in_large_HDL__locus322	TRUE	TRUE	TRUE
Cholesterol_to_total_lipids_ratio_in_large_HDL__locus323	TRUE	TRUE	TRUE
Cholesterol_to_total_lipids_ratio_in_large_HDL__locus324	TRUE	TRUE	TRUE
Cholesterol_to_total_lipids_ratio_in_large_HDL__locus325	TRUE	TRUE	TRUE
Cholesterol_to_total_lipids_ratio_in_large_HDL__locus326	TRUE	TRUE	TRUE
Cholesterol_to_total_lipids_ratio_in_large_HDL__locus327	TRUE	TRUE	TRUE
Cholesterol_to_total_lipids_ratio_in_large_HDL__locus328	TRUE	TRUE	TRUE
Cholesterol_to_total_lipids_ratio_in_large_HDL__locus329	TRUE	TRUE	TRUE
Cholesterol_to_total_lipids_ratio_in_large_HDL__locus330	TRUE	TRUE	TRUE
Cholesterol_to_total_lipids_ratio_in_large_HDL__locus331	TRUE	TRUE	TRUE
Cholesterol_to_total_lipids_ratio_in_large_HDL__locus332	TRUE	TRUE	TRUE
Cholesterol_to_total_lipids_ratio_in_large_HDL__locus333	TRUE	TRUE	TRUE
Cholesterol_to_total_lipids_ratio_in_large_HDL__locus334	TRUE	TRUE	TRUE
Cholesterol_to_total_lipids_ratio_in_large_HDL__locus335	TRUE	TRUE	TRUE
Cholesterol_to_total_lipids_ratio_in_large_HDL__locus336	TRUE	TRUE	TRUE
Cholesterol_to_total_lipids_ratio_in_large_HDL__locus337	TRUE	TRUE	TRUE
Cholesterol_to_total_lipids_ratio_in_large_HDL__locus338	TRUE	TRUE	TRUE
Cholesterol_to_total_lipids_ratio_in_large_HDL__locus339	TRUE	TRUE	TRUE
Cholesterol_to_total_lipids_ratio_in_large_HDL__locus340	TRUE	TRUE	TRUE
Cholesterol_to_total_lipids_ratio_in_large_HDL__locus341	TRUE	TRUE	TRUE
Cholesterol_to_total_lipids_ratio_in_large_HDL__locus342	TRUE	TRUE	TRUE
Cholesterol_to_total_lipids_ratio_in_large_HDL__locus343	TRUE	TRUE	TRUE
Cholesterol_to_total_lipids_ratio_in_large_HDL__locus344	TRUE	TRUE	TRUE
Cholesterol_to_total_lipids_ratio_in_large_HDL__locus345	TRUE	TRUE	TRUE
Cholesterol_to_total_lipids_ratio_in_large_HDL__locus346	TRUE	TRUE	TRUE
Cholesterol_to_total_lipids_ratio_in_large_HDL__locus347	TRUE	TRUE	TRUE
Cholesterol_to_total_lipids_ratio_in_large_HDL__locus348	TRUE	TRUE	TRUE
Cholesterol_to_total_lipids_ratio_in_large_HDL__locus349	TRUE	TRUE	TRUE
Cholesterol_to_total_lipids_ratio_in_large_HDL__locus350	TRUE	TRUE	TRUE
Cholesterol_to_total_lipids_ratio_in_large_HDL__locus351	TRUE	TRUE	TRUE
Cholesterol_to_total_lipids_ratio_in_large_HDL__locus352	TRUE	TRUE	TRUE
Cholesterol_to_total_lipids_ratio_in_large_HDL__locus353	TRUE	TRUE	TRUE
Cholesterol_to_total_lipids_ratio_in_large_HDL__locus354	TRUE	TRUE	TRUE
Cholesterol_to_total_lipids_ratio_in_large_HDL__locus355	TRUE	TRUE	TRUE
Cholesterol_to_total_lipids_ratio_in_large_HDL__locus356	TRUE	TRUE	TRUE
Cholesterol_to_total_lipids_ratio_in_large_HDL__locus357	TRUE	TRUE	TRUE
Cholesterol_to_total_lipids_ratio_in_large_HDL__locus358	TRUE	TRUE	TRUE
Cholesterol_to_total_lipids_ratio_in_large_HDL__locus359	TRUE	TRUE	TRUE
Cholesterol_to_total_lipids_ratio_in_large_HDL__locus360	TRUE	TRUE	TRUE
Cholesterol_to_total_lipids_ratio_in_large_HDL__locus361	FALSE	FALSE	FALSE
Cholesterol_to_total_lipids_ratio_in_large_HDL__locus362	TRUE	TRUE	TRUE
Cholesterol_to_total_lipids_ratio_in_large_HDL__locus363	TRUE	TRUE	TRUE
Cholesterol_to_total_lipids_ratio_in_large_HDL__locus364	TRUE	TRUE	TRUE
Cholesterol_to_total_lipids_ratio_in_large_HDL__locus365	TRUE	TRUE	TRUE
Cholesterol_to_total_lipids_ratio_in_large_HDL__locus366	TRUE	TRUE	TRUE
Cholesterol_to_total_lipids_ratio_in_large_HDL__locus367	TRUE	TRUE	TRUE
Cholesterol_to_total_lipids_ratio_in_large_HDL__locus368	TRUE	TRUE	TRUE
Cholesterol_to_total_lipids_ratio_in_large_HDL__locus369	TRUE	TRUE	TRUE
Cholesterol_to_total_lipids_ratio_in_large_HDL__locus370	TRUE	TRUE	TRUE
Cholesterol_to_total_lipids_ratio_in_large_HDL__locus371	TRUE	TRUE	TRUE
Cholesterol_to_total_lipids_ratio_in_large_HDL__locus372	TRUE	TRUE	TRUE
Cholesterol_to_total_lipids_ratio_in_large_HDL__locus373	TRUE	TRUE	TRUE
Cholesterol_to_total_lipids_ratio_in_large_HDL__locus374	TRUE	TRUE	TRUE
Cholesterol_to_total_lipids_ratio_in_large_HDL__locus375	TRUE	TRUE	TRUE
Cholesterol_to_total_lipids_ratio_in_large_HDL__locus376	TRUE	TRUE	TRUE
Cholesterol_to_total_lipids_ratio_in_large_HDL__locus377	TRUE	TRUE	TRUE
Cholesterol_to_total_lipids_ratio_in_large_HDL__locus378	TRUE	TRUE	TRUE
Cholesterol_to_total_lipids_ratio_in_large_HDL__locus379	TRUE	TRUE	TRUE
Cholesterol_to_total_lipids_ratio_in_large_HDL__locus380	TRUE	TRUE	TRUE
Cholesterol_to_total_lipids_ratio_in_large_HDL__locus381	TRUE	TRUE	TRUE
Cholesterol_to_total_lipids_ratio_in_large_HDL__locus382	TRUE	TRUE	TRUE
Cholesterol_to_total_lipids_ratio_in_large_HDL__locus383	TRUE	TRUE	TRUE
Cholesterol_to_total_lipids_ratio_in_large_HDL__locus384	TRUE	TRUE	TRUE
Cholesterol_to_total_lipids_ratio_in_large_HDL__locus385	TRUE	TRUE	TRUE
Cholesterol_to_total_lipids_ratio_in_large_HDL__locus386	FALSE	FALSE	FALSE
Cholesterol_to_total_lipids_ratio_in_large_HDL__locus387	TRUE	TRUE	TRUE
Cholesterol_to_total_lipids_ratio_in_large_HDL__locus388	TRUE	TRUE	TRUE
Cholesterol_to_total_lipids_ratio_in_large_HDL__locus389	TRUE	TRUE	TRUE
Cholesterol_to_total_lipids_ratio_in_large_HDL__locus390	TRUE	TRUE	TRUE
Cholesterol_to_total_lipids_ratio_in_large_HDL__locus391	TRUE	TRUE	TRUE
Cholesterol_to_total_lipids_ratio_in_large_HDL__locus392	TRUE	TRUE	TRUE
Cholesterol_to_total_lipids_ratio_in_large_HDL__locus393	TRUE	TRUE	TRUE
Cholesterol_to_total_lipids_ratio_in_large_HDL__locus394	TRUE	TRUE	TRUE
Cholesterol_to_total_lipids_ratio_in_large_HDL__locus395	TRUE	TRUE	TRUE
Cholesterol_to_total_lipids_ratio_in_large_HDL__locus396	TRUE	TRUE	TRUE
Cholesterol_to_total_lipids_ratio_in_large_HDL__locus397	TRUE	TRUE	TRUE
Cholesterol_to_total_lipids_ratio_in_large_HDL__locus398	TRUE	TRUE	TRUE
Cholesterol_to_total_lipids_ratio_in_large_HDL__locus399	TRUE	TRUE	TRUE
Cholesterol_to_total_lipids_ratio_in_large_HDL__locus400	TRUE	TRUE	TRUE
Cholesterol_to_total_lipids_ratio_in_large_HDL__locus401	TRUE	TRUE	TRUE
Cholesterol_to_total_lipids_ratio_in_large_HDL__locus402	TRUE	TRUE	TRUE
Cholesterol_to_total_lipids_ratio_in_large_HDL__locus403	TRUE	TRUE	TRUE
Cholesterol_to_total_lipids_ratio_in_large_HDL__locus404	TRUE	TRUE	TRUE
Cholesterol_to_total_lipids_ratio_in_large_HDL__locus405	TRUE	TRUE	TRUE
Cholesterol_to_total_lipids_ratio_in_large_HDL__locus406	TRUE	TRUE	TRUE
Cholesterol_to_total_lipids_ratio_in_large_HDL__locus407	TRUE	TRUE	TRUE
Cholesterol_to_total_lipids_ratio_in_large_HDL__locus408	TRUE	TRUE	TRUE
Cholesterol_to_total_lipids_ratio_in_large_HDL__locus409	TRUE	TRUE	TRUE
Cholesterol_to_total_lipids_ratio_in_large_HDL__locus410	TRUE	TRUE	TRUE
Cholesterol_to_total_lipids_ratio_in_large_HDL__locus411	TRUE	TRUE	TRUE
Cholesterol_to_total_lipids_ratio_in_large_HDL__locus412	TRUE	TRUE	TRUE
Cholesterol_to_total_lipids_ratio_in_large_HDL__locus413	TRUE	TRUE	TRUE
Cholesterol_to_total_lipids_ratio_in_large_HDL__locus414	TRUE	TRUE	TRUE
Cholesterol_to_total_lipids_ratio_in_large_HDL__locus415	TRUE	TRUE	TRUE
Cholesterol_to_total_lipids_ratio_in_large_HDL__locus416	TRUE	TRUE	TRUE
Cholesterol_to_total_lipids_ratio_in_large_HDL__locus417	TRUE	TRUE	TRUE
Cholesterol_to_total_lipids_ratio_in_large_HDL__locus418	TRUE	TRUE	TRUE
Cholesterol_to_total_lipids_ratio_in_large_HDL__locus419	TRUE	TRUE	TRUE
Cholesterol_to_total_lipids_ratio_in_large_HDL__locus420	TRUE	TRUE	TRUE
Cholesterol_to_total_lipids_ratio_in_large_HDL__locus421	TRUE	TRUE	TRUE
Cholesterol_to_total_lipids_ratio_in_large_HDL__locus422	TRUE	TRUE	TRUE
Cholesterol_to_total_lipids_ratio_in_large_HDL__locus423	TRUE	TRUE	TRUE
Cholesterol_to_total_lipids_ratio_in_large_HDL__locus424	TRUE	TRUE	TRUE
Cholesterol_to_total_lipids_ratio_in_large_HDL__locus425	TRUE	TRUE	TRUE
Cholesterol_to_total_lipids_ratio_in_large_HDL__locus426	TRUE	TRUE	TRUE
Cholesterol_to_total_lipids_ratio_in_large_HDL__locus427	TRUE	TRUE	TRUE
Cholesterol_to_total_lipids_ratio_in_large_HDL__locus428	TRUE	TRUE	TRUE
Cholesterol_to_total_lipids_ratio_in_large_HDL__locus429	TRUE	TRUE	TRUE
Cholesterol_to_total_lipids_ratio_in_large_HDL__locus430	TRUE	TRUE	TRUE
Cholesterol_to_total_lipids_ratio_in_large_HDL__locus431	TRUE	TRUE	TRUE
Cholesterol_to_total_lipids_ratio_in_large_HDL__locus432	TRUE	TRUE	TRUE
Cholesterol_to_total_lipids_ratio_in_large_HDL__locus433	TRUE	TRUE	TRUE
Cholesterol_to_total_lipids_ratio_in_large_HDL__locus434	TRUE	TRUE	TRUE
Cholesterol_to_total_lipids_ratio_in_large_HDL__locus435	TRUE	TRUE	TRUE
Cholesterol_to_total_lipids_ratio_in_large_HDL__locus436	TRUE	TRUE	TRUE
Cholesterol_to_total_lipids_ratio_in_large_HDL__locus437	TRUE	TRUE	TRUE
Cholesterol_to_total_lipids_ratio_in_large_HDL__locus438	TRUE	TRUE	TRUE
Cholesterol_to_total_lipids_ratio_in_large_HDL__locus439	TRUE	TRUE	TRUE
Cholesterol_to_total_lipids_ratio_in_large_HDL__locus440	TRUE	TRUE	TRUE
Cholesterol_to_total_lipids_ratio_in_large_HDL__locus441	TRUE	TRUE	TRUE
Cholesterol_to_total_lipids_ratio_in_large_HDL__locus442	TRUE	TRUE	TRUE
Cholesterol_to_total_lipids_ratio_in_large_HDL__locus443	TRUE	TRUE	TRUE
Cholesterol_to_total_lipids_ratio_in_large_HDL__locus444	TRUE	TRUE	TRUE
Cholesterol_to_total_lipids_ratio_in_large_HDL__locus445	TRUE	TRUE	TRUE
Cholesterol_to_total_lipids_ratio_in_large_HDL__locus446	TRUE	TRUE	TRUE
Cholesterol_to_total_lipids_ratio_in_large_HDL__locus447	TRUE	TRUE	TRUE
Cholesterol_to_total_lipids_ratio_in_large_HDL__locus448	TRUE	TRUE	TRUE
Cholesterol_to_total_lipids_ratio_in_large_HDL__locus449	TRUE	TRUE	TRUE
Cholesterol_to_total_lipids_ratio_in_large_HDL__locus450	TRUE	TRUE	TRUE
Cholesterol_to_total_lipids_ratio_in_large_HDL__locus451	TRUE	TRUE	TRUE
Cholesterol_to_total_lipids_ratio_in_large_HDL__locus452	TRUE	TRUE	TRUE
Cholesterol_to_total_lipids_ratio_in_large_HDL__locus453	TRUE	TRUE	TRUE
Cholesterol_to_total_lipids_ratio_in_large_HDL__locus454	TRUE	TRUE	TRUE
Cholesterol_to_total_lipids_ratio_in_large_HDL__locus455	TRUE	TRUE	TRUE
Cholesterol_to_total_lipids_ratio_in_large_HDL__locus456	TRUE	TRUE	TRUE
Cholesterol_to_total_lipids_ratio_in_large_HDL__locus457	TRUE	TRUE	TRUE
Cholesterol_to_total_lipids_ratio_in_large_HDL__locus458	TRUE	TRUE	TRUE
Cholesterol_to_total_lipids_ratio_in_large_HDL__locus459	TRUE	TRUE	TRUE
Cholesterol_to_total_lipids_ratio_in_large_HDL__locus460	TRUE	TRUE	TRUE
Cholesterol_to_total_lipids_ratio_in_large_HDL__locus461	TRUE	TRUE	TRUE
Cholesterol_to_total_lipids_ratio_in_large_HDL__locus462	TRUE	TRUE	TRUE
Cholesterol_to_total_lipids_ratio_in_large_HDL__locus463	TRUE	TRUE	TRUE
Cholesterol_to_total_lipids_ratio_in_large_HDL__locus464	TRUE	TRUE	TRUE
Cholesterol_to_total_lipids_ratio_in_large_HDL__locus465	TRUE	TRUE	TRUE
Cholesterol_to_total_lipids_ratio_in_large_HDL__locus466	TRUE	TRUE	TRUE
Cholesterol_to_total_lipids_ratio_in_large_HDL__locus467	TRUE	TRUE	TRUE
Cholesterol_to_total_lipids_ratio_in_large_HDL__locus468	TRUE	TRUE	TRUE
Cholesterol_to_total_lipids_ratio_in_large_HDL__locus469	TRUE	TRUE	TRUE
Cholesterol_to_total_lipids_ratio_in_large_HDL__locus470	TRUE	TRUE	TRUE
Cholesterol_to_total_lipids_ratio_in_large_HDL__locus471	TRUE	TRUE	TRUE
Cholesterol_to_total_lipids_ratio_in_large_HDL__locus472	TRUE	TRUE	TRUE
Cholesterol_to_total_lipids_ratio_in_large_HDL__locus473	TRUE	TRUE	TRUE
Cholesterol_to_total_lipids_ratio_in_large_HDL__locus474	TRUE	TRUE	TRUE
Cholesterol_to_total_lipids_ratio_in_large_HDL__locus475	TRUE	TRUE	TRUE
Cholesterol_to_total_lipids_ratio_in_large_HDL__locus476	TRUE	TRUE	TRUE
Cholesterol_to_total_lipids_ratio_in_large_HDL__locus477	TRUE	TRUE	TRUE
Cholesterol_to_total_lipids_ratio_in_large_HDL__locus478	TRUE	TRUE	TRUE
Cholesterol_to_total_lipids_ratio_in_large_HDL__locus479	TRUE	TRUE	TRUE
Cholesterol_to_total_lipids_ratio_in_large_HDL__locus480	TRUE	TRUE	TRUE
Cholesterol_to_total_lipids_ratio_in_large_HDL__locus481	TRUE	TRUE	TRUE
Cholesterol_to_total_lipids_ratio_in_large_HDL__locus482	TRUE	TRUE	TRUE
Cholesterol_to_total_lipids_ratio_in_large_HDL__locus483	TRUE	TRUE	TRUE
Cholesterol_to_total_lipids_ratio_in_large_HDL__locus484	TRUE	TRUE	TRUE
Cholesterol_to_total_lipids_ratio_in_large_HDL__locus485	TRUE	TRUE	TRUE
Cholesterol_to_total_lipids_ratio_in_large_HDL__locus486	TRUE	TRUE	TRUE
Cholesterol_to_total_lipids_ratio_in_large_HDL__locus487	TRUE	TRUE	TRUE
Cholesterol_to_total_lipids_ratio_in_large_HDL__locus488	TRUE	TRUE	TRUE
Cholesterol_to_total_lipids_ratio_in_large_HDL__locus489	TRUE	TRUE	TRUE
Cholesterol_to_total_lipids_ratio_in_large_HDL__locus490	TRUE	TRUE	TRUE
Cholesterol_to_total_lipids_ratio_in_large_HDL__locus491	TRUE	TRUE	TRUE
Cholesterol_to_total_lipids_ratio_in_large_HDL__locus492	TRUE	TRUE	TRUE
Cholesterol_to_total_lipids_ratio_in_large_HDL__locus493	TRUE	TRUE	TRUE
Cholesterol_to_total_lipids_ratio_in_large_HDL__locus494	TRUE	TRUE	TRUE
Cholesterol_to_total_lipids_ratio_in_large_HDL__locus495	TRUE	TRUE	TRUE
Cholesterol_to_total_lipids_ratio_in_medium_VLDL__locus001	TRUE	TRUE	TRUE
Cholesterol_to_total_lipids_ratio_in_medium_VLDL__locus002	TRUE	TRUE	TRUE
Cholesterol_to_total_lipids_ratio_in_medium_VLDL__locus003	TRUE	TRUE	TRUE
Cholesterol_to_total_lipids_ratio_in_medium_VLDL__locus004	TRUE	TRUE	TRUE
Cholesterol_to_total_lipids_ratio_in_medium_VLDL__locus005	TRUE	TRUE	TRUE
Cholesterol_to_total_lipids_ratio_in_medium_VLDL__locus006	TRUE	TRUE	TRUE
Cholesterol_to_total_lipids_ratio_in_medium_VLDL__locus007	TRUE	TRUE	TRUE
Cholesterol_to_total_lipids_ratio_in_medium_VLDL__locus008	TRUE	TRUE	TRUE
Cholesterol_to_total_lipids_ratio_in_medium_VLDL__locus009	TRUE	TRUE	TRUE
Cholesterol_to_total_lipids_ratio_in_medium_VLDL__locus010	TRUE	TRUE	TRUE
Cholesterol_to_total_lipids_ratio_in_medium_VLDL__locus011	TRUE	TRUE	TRUE
Cholesterol_to_total_lipids_ratio_in_medium_VLDL__locus012	TRUE	TRUE	TRUE
Cholesterol_to_total_lipids_ratio_in_medium_VLDL__locus013	FALSE	FALSE	FALSE
Cholesterol_to_total_lipids_ratio_in_medium_VLDL__locus014	TRUE	TRUE	TRUE
Cholesterol_to_total_lipids_ratio_in_medium_VLDL__locus015	TRUE	TRUE	TRUE
Cholesterol_to_total_lipids_ratio_in_medium_VLDL__locus016	TRUE	TRUE	TRUE
Cholesterol_to_total_lipids_ratio_in_medium_VLDL__locus017	TRUE	TRUE	TRUE
Cholesterol_to_total_lipids_ratio_in_medium_VLDL__locus018	TRUE	TRUE	TRUE
Cholesterol_to_total_lipids_ratio_in_medium_VLDL__locus019	TRUE	TRUE	TRUE
Cholesterol_to_total_lipids_ratio_in_medium_VLDL__locus020	TRUE	TRUE	TRUE
Cholesterol_to_total_lipids_ratio_in_medium_VLDL__locus021	TRUE	TRUE	TRUE
Cholesterol_to_total_lipids_ratio_in_medium_VLDL__locus022	TRUE	TRUE	TRUE
Cholesterol_to_total_lipids_ratio_in_medium_VLDL__locus023	TRUE	TRUE	TRUE
Cholesterol_to_total_lipids_ratio_in_medium_VLDL__locus024	TRUE	TRUE	TRUE
Cholesterol_to_total_lipids_ratio_in_medium_VLDL__locus025	TRUE	TRUE	TRUE
Cholesterol_to_total_lipids_ratio_in_medium_VLDL__locus026	TRUE	TRUE	TRUE
Cholesterol_to_total_lipids_ratio_in_medium_VLDL__locus027	TRUE	TRUE	TRUE
Cholesterol_to_total_lipids_ratio_in_medium_VLDL__locus028	TRUE	TRUE	TRUE
Cholesterol_to_total_lipids_ratio_in_medium_VLDL__locus029	TRUE	TRUE	TRUE
Cholesterol_to_total_lipids_ratio_in_medium_VLDL__locus030	TRUE	TRUE	TRUE
Cholesterol_to_total_lipids_ratio_in_medium_VLDL__locus031	TRUE	TRUE	TRUE
Cholesterol_to_total_lipids_ratio_in_medium_VLDL__locus032	TRUE	TRUE	TRUE
Cholesterol_to_total_lipids_ratio_in_medium_VLDL__locus033	TRUE	TRUE	TRUE
Cholesterol_to_total_lipids_ratio_in_medium_VLDL__locus034	TRUE	TRUE	TRUE
Cholesterol_to_total_lipids_ratio_in_medium_VLDL__locus035	TRUE	TRUE	TRUE
Cholesterol_to_total_lipids_ratio_in_medium_VLDL__locus036	TRUE	TRUE	TRUE
Cholesterol_to_total_lipids_ratio_in_medium_VLDL__locus037	TRUE	TRUE	TRUE
Cholesterol_to_total_lipids_ratio_in_medium_VLDL__locus038	TRUE	TRUE	TRUE
Cholesterol_to_total_lipids_ratio_in_medium_VLDL__locus039	TRUE	TRUE	TRUE
Cholesterol_to_total_lipids_ratio_in_medium_VLDL__locus040	TRUE	TRUE	TRUE
Cholesterol_to_total_lipids_ratio_in_medium_VLDL__locus041	TRUE	TRUE	TRUE
Cholesterol_to_total_lipids_ratio_in_medium_VLDL__locus042	TRUE	TRUE	TRUE
Cholesterol_to_total_lipids_ratio_in_medium_VLDL__locus043	TRUE	TRUE	TRUE
Cholesterol_to_total_lipids_ratio_in_medium_VLDL__locus044	TRUE	TRUE	TRUE
Cholesterol_to_total_lipids_ratio_in_medium_VLDL__locus045	TRUE	TRUE	TRUE
Cholesterol_to_total_lipids_ratio_in_medium_VLDL__locus046	TRUE	TRUE	TRUE
Cholesterol_to_total_lipids_ratio_in_medium_VLDL__locus047	TRUE	TRUE	TRUE
Cholesterol_to_total_lipids_ratio_in_medium_VLDL__locus048	TRUE	TRUE	TRUE
Cholesterol_to_total_lipids_ratio_in_medium_VLDL__locus049	TRUE	TRUE	TRUE
Cholesterol_to_total_lipids_ratio_in_medium_VLDL__locus050	TRUE	TRUE	TRUE
Cholesterol_to_total_lipids_ratio_in_medium_VLDL__locus051	TRUE	TRUE	TRUE
Cholesterol_to_total_lipids_ratio_in_medium_VLDL__locus052	TRUE	TRUE	TRUE
Cholesterol_to_total_lipids_ratio_in_medium_VLDL__locus053	TRUE	TRUE	TRUE
Cholesterol_to_total_lipids_ratio_in_medium_VLDL__locus054	TRUE	TRUE	TRUE
Cholesterol_to_total_lipids_ratio_in_medium_VLDL__locus055	TRUE	TRUE	TRUE
Cholesterol_to_total_lipids_ratio_in_medium_VLDL__locus056	TRUE	TRUE	TRUE
Cholesterol_to_total_lipids_ratio_in_medium_VLDL__locus057	TRUE	TRUE	FALSE
Cholesterol_to_total_lipids_ratio_in_medium_VLDL__locus058	TRUE	TRUE	TRUE
Cholesterol_to_total_lipids_ratio_in_medium_VLDL__locus059	TRUE	TRUE	TRUE
Cholesterol_to_total_lipids_ratio_in_medium_VLDL__locus060	TRUE	TRUE	TRUE
Cholesterol_to_total_lipids_ratio_in_medium_VLDL__locus061	TRUE	TRUE	TRUE
Cholesterol_to_total_lipids_ratio_in_medium_VLDL__locus062	TRUE	TRUE	TRUE
Cholesterol_to_total_lipids_ratio_in_medium_VLDL__locus063	TRUE	TRUE	TRUE
Cholesterol_to_total_lipids_ratio_in_medium_VLDL__locus064	TRUE	TRUE	TRUE
Cholesterol_to_total_lipids_ratio_in_medium_VLDL__locus065	TRUE	TRUE	TRUE
Cholesterol_to_total_lipids_ratio_in_medium_VLDL__locus066	TRUE	TRUE	TRUE
Cholesterol_to_total_lipids_ratio_in_medium_VLDL__locus067	TRUE	TRUE	TRUE
Cholesterol_to_total_lipids_ratio_in_medium_VLDL__locus068	TRUE	TRUE	TRUE
Cholesterol_to_total_lipids_ratio_in_medium_VLDL__locus069	TRUE	TRUE	TRUE
Cholesterol_to_total_lipids_ratio_in_medium_VLDL__locus070	TRUE	TRUE	TRUE
Cholesterol_to_total_lipids_ratio_in_medium_VLDL__locus071	TRUE	TRUE	TRUE
Cholesterol_to_total_lipids_ratio_in_medium_VLDL__locus072	TRUE	TRUE	TRUE
Cholesterol_to_total_lipids_ratio_in_medium_VLDL__locus073	TRUE	TRUE	TRUE
Cholesterol_to_total_lipids_ratio_in_medium_VLDL__locus074	TRUE	TRUE	TRUE
Cholesterol_to_total_lipids_ratio_in_medium_VLDL__locus075	TRUE	TRUE	TRUE
Cholesterol_to_total_lipids_ratio_in_medium_VLDL__locus076	TRUE	TRUE	TRUE
Cholesterol_to_total_lipids_ratio_in_medium_VLDL__locus077	TRUE	TRUE	TRUE
Cholesterol_to_total_lipids_ratio_in_medium_VLDL__locus078	TRUE	TRUE	TRUE
Cholesterol_to_total_lipids_ratio_in_medium_VLDL__locus079	TRUE	TRUE	TRUE
Cholesterol_to_total_lipids_ratio_in_medium_VLDL__locus080	TRUE	TRUE	TRUE
Cholesterol_to_total_lipids_ratio_in_medium_VLDL__locus081	TRUE	TRUE	TRUE
Cholesterol_to_total_lipids_ratio_in_medium_VLDL__locus082	TRUE	TRUE	TRUE
Cholesterol_to_total_lipids_ratio_in_medium_VLDL__locus083	TRUE	TRUE	TRUE
Cholesterol_to_total_lipids_ratio_in_medium_VLDL__locus084	TRUE	TRUE	TRUE
Cholesterol_to_total_lipids_ratio_in_medium_VLDL__locus085	TRUE	TRUE	TRUE
Cholesterol_to_total_lipids_ratio_in_medium_VLDL__locus086	TRUE	TRUE	TRUE
Cholesterol_to_total_lipids_ratio_in_medium_VLDL__locus087	TRUE	TRUE	TRUE
Cholesterol_to_total_lipids_ratio_in_medium_VLDL__locus088	TRUE	TRUE	TRUE
Cholesterol_to_total_lipids_ratio_in_medium_VLDL__locus089	TRUE	TRUE	TRUE
Cholesterol_to_total_lipids_ratio_in_medium_VLDL__locus090	TRUE	TRUE	TRUE
Cholesterol_to_total_lipids_ratio_in_medium_VLDL__locus091	TRUE	TRUE	TRUE
Cholesterol_to_total_lipids_ratio_in_medium_VLDL__locus092	TRUE	TRUE	TRUE
Cholesterol_to_total_lipids_ratio_in_medium_VLDL__locus093	TRUE	TRUE	TRUE
Cholesterol_to_total_lipids_ratio_in_medium_VLDL__locus094	TRUE	TRUE	TRUE
Cholesterol_to_total_lipids_ratio_in_medium_VLDL__locus095	TRUE	TRUE	TRUE
Cholesterol_to_total_lipids_ratio_in_medium_VLDL__locus096	TRUE	TRUE	TRUE
Cholesterol_to_total_lipids_ratio_in_medium_VLDL__locus097	TRUE	TRUE	TRUE
Cholesterol_to_total_lipids_ratio_in_medium_VLDL__locus098	TRUE	TRUE	TRUE
Cholesterol_to_total_lipids_ratio_in_medium_VLDL__locus099	TRUE	TRUE	TRUE
Cholesterol_to_total_lipids_ratio_in_medium_VLDL__locus100	TRUE	TRUE	TRUE
Cholesterol_to_total_lipids_ratio_in_medium_VLDL__locus101	TRUE	TRUE	TRUE
Cholesterol_to_total_lipids_ratio_in_medium_VLDL__locus102	TRUE	TRUE	TRUE
Cholesterol_to_total_lipids_ratio_in_medium_VLDL__locus103	TRUE	TRUE	TRUE
Cholesterol_to_total_lipids_ratio_in_medium_VLDL__locus104	TRUE	TRUE	TRUE
Cholesterol_to_total_lipids_ratio_in_medium_VLDL__locus105	TRUE	TRUE	TRUE
Cholesterol_to_total_lipids_ratio_in_medium_VLDL__locus106	TRUE	TRUE	TRUE
Cholesterol_to_total_lipids_ratio_in_medium_VLDL__locus107	TRUE	TRUE	TRUE
Cholesterol_to_total_lipids_ratio_in_medium_VLDL__locus108	TRUE	TRUE	TRUE
Cholesterol_to_total_lipids_ratio_in_medium_VLDL__locus109	TRUE	TRUE	TRUE
Cholesterol_to_total_lipids_ratio_in_medium_VLDL__locus110	TRUE	TRUE	TRUE
Cholesterol_to_total_lipids_ratio_in_medium_VLDL__locus111	TRUE	TRUE	TRUE
Cholesterol_to_total_lipids_ratio_in_medium_VLDL__locus112	TRUE	TRUE	TRUE
Cholesterol_to_total_lipids_ratio_in_medium_VLDL__locus113	TRUE	TRUE	TRUE
Cholesterol_to_total_lipids_ratio_in_medium_VLDL__locus114	TRUE	TRUE	TRUE
Cholesterol_to_total_lipids_ratio_in_medium_VLDL__locus115	TRUE	TRUE	TRUE
Cholesterol_to_total_lipids_ratio_in_medium_VLDL__locus116	TRUE	TRUE	TRUE
Cholesterol_to_total_lipids_ratio_in_medium_VLDL__locus117	TRUE	TRUE	TRUE
Cholesterol_to_total_lipids_ratio_in_medium_VLDL__locus118	TRUE	TRUE	TRUE
Cholesterol_to_total_lipids_ratio_in_medium_VLDL__locus119	TRUE	TRUE	TRUE
Cholesterol_to_total_lipids_ratio_in_medium_VLDL__locus120	TRUE	TRUE	TRUE
Cholesterol_to_total_lipids_ratio_in_medium_VLDL__locus121	TRUE	TRUE	TRUE
Cholesterol_to_total_lipids_ratio_in_medium_VLDL__locus122	TRUE	TRUE	TRUE
Cholesterol_to_total_lipids_ratio_in_medium_VLDL__locus123	TRUE	TRUE	TRUE
Cholesterol_to_total_lipids_ratio_in_medium_VLDL__locus124	TRUE	TRUE	TRUE
Cholesterol_to_total_lipids_ratio_in_medium_VLDL__locus125	TRUE	TRUE	TRUE
Cholesterol_to_total_lipids_ratio_in_medium_VLDL__locus126	TRUE	TRUE	TRUE
Cholesterol_to_total_lipids_ratio_in_medium_VLDL__locus127	TRUE	TRUE	TRUE
Cholesterol_to_total_lipids_ratio_in_medium_VLDL__locus128	TRUE	TRUE	TRUE
Cholesterol_to_total_lipids_ratio_in_medium_VLDL__locus129	TRUE	TRUE	TRUE
Cholesterol_to_total_lipids_ratio_in_medium_VLDL__locus130	TRUE	TRUE	TRUE
Cholesterol_to_total_lipids_ratio_in_medium_VLDL__locus131	TRUE	TRUE	TRUE
Cholesterol_to_total_lipids_ratio_in_medium_VLDL__locus132	TRUE	TRUE	TRUE
Cholesterol_to_total_lipids_ratio_in_medium_VLDL__locus133	TRUE	TRUE	TRUE
Cholesterol_to_total_lipids_ratio_in_medium_VLDL__locus134	TRUE	TRUE	TRUE
Cholesterol_to_total_lipids_ratio_in_medium_VLDL__locus135	TRUE	TRUE	TRUE
Cholesterol_to_total_lipids_ratio_in_medium_VLDL__locus136	TRUE	TRUE	TRUE
Cholesterol_to_total_lipids_ratio_in_medium_VLDL__locus137	TRUE	TRUE	TRUE
Cholesterol_to_total_lipids_ratio_in_medium_VLDL__locus138	TRUE	TRUE	TRUE
Cholesterol_to_total_lipids_ratio_in_medium_VLDL__locus139	TRUE	TRUE	TRUE
Cholesterol_to_total_lipids_ratio_in_medium_VLDL__locus140	TRUE	TRUE	TRUE
Cholesterol_to_total_lipids_ratio_in_medium_VLDL__locus141	TRUE	TRUE	TRUE
Cholesterol_to_total_lipids_ratio_in_medium_VLDL__locus142	TRUE	TRUE	TRUE
Cholesterol_to_total_lipids_ratio_in_medium_VLDL__locus143	TRUE	TRUE	TRUE
Cholesterol_to_total_lipids_ratio_in_medium_VLDL__locus144	TRUE	TRUE	TRUE
Cholesterol_to_total_lipids_ratio_in_medium_VLDL__locus145	TRUE	TRUE	TRUE
Cholesterol_to_total_lipids_ratio_in_medium_VLDL__locus146	TRUE	TRUE	TRUE
Cholesterol_to_total_lipids_ratio_in_medium_VLDL__locus147	TRUE	TRUE	TRUE
Cholesterol_to_total_lipids_ratio_in_medium_VLDL__locus148	TRUE	TRUE	TRUE
Cholesterol_to_total_lipids_ratio_in_medium_VLDL__locus149	TRUE	TRUE	TRUE
Cholesterol_to_total_lipids_ratio_in_medium_VLDL__locus150	TRUE	TRUE	TRUE
Cholesterol_to_total_lipids_ratio_in_medium_VLDL__locus151	TRUE	TRUE	TRUE
Cholesterol_to_total_lipids_ratio_in_medium_VLDL__locus152	TRUE	TRUE	TRUE
Cholesterol_to_total_lipids_ratio_in_medium_VLDL__locus153	TRUE	TRUE	TRUE
Cholesterol_to_total_lipids_ratio_in_medium_VLDL__locus154	TRUE	TRUE	TRUE
Cholesterol_to_total_lipids_ratio_in_medium_VLDL__locus155	TRUE	TRUE	TRUE
Cholesterol_to_total_lipids_ratio_in_medium_VLDL__locus156	TRUE	TRUE	TRUE
Cholesterol_to_total_lipids_ratio_in_medium_VLDL__locus157	TRUE	TRUE	TRUE
Cholesterol_to_total_lipids_ratio_in_medium_VLDL__locus158	TRUE	TRUE	TRUE
Cholesterol_to_total_lipids_ratio_in_medium_VLDL__locus159	TRUE	TRUE	TRUE
Cholesterol_to_total_lipids_ratio_in_medium_VLDL__locus160	TRUE	TRUE	TRUE
Cholesterol_to_total_lipids_ratio_in_medium_VLDL__locus161	TRUE	TRUE	TRUE
Cholesterol_to_total_lipids_ratio_in_medium_VLDL__locus162	TRUE	TRUE	TRUE
Cholesterol_to_total_lipids_ratio_in_medium_VLDL__locus163	TRUE	TRUE	TRUE
Cholesterol_to_total_lipids_ratio_in_medium_VLDL__locus164	TRUE	TRUE	TRUE
Cholesterol_to_total_lipids_ratio_in_medium_VLDL__locus165	TRUE	TRUE	TRUE
Cholesterol_to_total_lipids_ratio_in_medium_VLDL__locus166	TRUE	TRUE	TRUE
Cholesterol_to_total_lipids_ratio_in_medium_VLDL__locus167	TRUE	TRUE	TRUE
Cholesterol_to_total_lipids_ratio_in_medium_VLDL__locus168	TRUE	TRUE	TRUE
Cholesterol_to_total_lipids_ratio_in_medium_VLDL__locus169	TRUE	TRUE	TRUE
Cholesterol_to_total_lipids_ratio_in_medium_VLDL__locus170	TRUE	TRUE	TRUE
Cholesterol_to_total_lipids_ratio_in_medium_VLDL__locus171	TRUE	TRUE	TRUE
Cholesterol_to_total_lipids_ratio_in_medium_VLDL__locus172	TRUE	TRUE	TRUE
Cholesterol_to_total_lipids_ratio_in_medium_VLDL__locus173	TRUE	TRUE	TRUE
Cholesterol_to_total_lipids_ratio_in_medium_VLDL__locus174	TRUE	TRUE	TRUE
Cholesterol_to_total_lipids_ratio_in_medium_VLDL__locus175	TRUE	TRUE	TRUE
Cholesterol_to_total_lipids_ratio_in_medium_VLDL__locus176	TRUE	TRUE	TRUE
Cholesterol_to_total_lipids_ratio_in_medium_VLDL__locus177	TRUE	TRUE	TRUE
Cholesterol_to_total_lipids_ratio_in_medium_VLDL__locus178	TRUE	TRUE	TRUE
Cholesterol_to_total_lipids_ratio_in_medium_VLDL__locus179	TRUE	TRUE	TRUE
Cholesterol_to_total_lipids_ratio_in_medium_VLDL__locus180	TRUE	TRUE	TRUE
Cholesterol_to_total_lipids_ratio_in_medium_VLDL__locus181	TRUE	TRUE	TRUE
Cholesterol_to_total_lipids_ratio_in_medium_VLDL__locus182	TRUE	TRUE	TRUE
Cholesterol_to_total_lipids_ratio_in_medium_VLDL__locus183	TRUE	TRUE	TRUE
Cholesterol_to_total_lipids_ratio_in_medium_VLDL__locus184	TRUE	TRUE	TRUE
Cholesterol_to_total_lipids_ratio_in_medium_VLDL__locus185	TRUE	TRUE	TRUE
Cholesterol_to_total_lipids_ratio_in_medium_VLDL__locus186	TRUE	TRUE	TRUE
Cholesterol_to_total_lipids_ratio_in_medium_VLDL__locus187	TRUE	TRUE	TRUE
Cholesterol_to_total_lipids_ratio_in_medium_VLDL__locus188	TRUE	TRUE	TRUE
Cholesterol_to_total_lipids_ratio_in_medium_VLDL__locus189	TRUE	TRUE	TRUE
Cholesterol_to_total_lipids_ratio_in_medium_VLDL__locus190	TRUE	TRUE	TRUE
Cholesterol_to_total_lipids_ratio_in_medium_VLDL__locus191	TRUE	TRUE	TRUE
Cholesterol_to_total_lipids_ratio_in_medium_VLDL__locus192	TRUE	TRUE	TRUE
Cholesterol_to_total_lipids_ratio_in_medium_VLDL__locus193	TRUE	TRUE	TRUE
Cholesterol_to_total_lipids_ratio_in_medium_VLDL__locus194	TRUE	TRUE	TRUE
Cholesterol_to_total_lipids_ratio_in_medium_VLDL__locus195	TRUE	TRUE	TRUE
Cholesterol_to_total_lipids_ratio_in_medium_VLDL__locus196	TRUE	TRUE	TRUE
Cholesterol_to_total_lipids_ratio_in_medium_VLDL__locus197	TRUE	TRUE	TRUE
Cholesterol_to_total_lipids_ratio_in_medium_VLDL__locus198	TRUE	TRUE	TRUE
Cholesterol_to_total_lipids_ratio_in_medium_VLDL__locus199	TRUE	TRUE	TRUE
Cholesterol_to_total_lipids_ratio_in_medium_VLDL__locus200	TRUE	TRUE	TRUE
Cholesterol_to_total_lipids_ratio_in_medium_VLDL__locus201	FALSE	FALSE	FALSE
Cholesterol_to_total_lipids_ratio_in_medium_VLDL__locus202	TRUE	TRUE	TRUE
Cholesterol_to_total_lipids_ratio_in_medium_VLDL__locus203	TRUE	TRUE	TRUE
Cholesterol_to_total_lipids_ratio_in_medium_VLDL__locus204	TRUE	TRUE	TRUE
Cholesterol_to_total_lipids_ratio_in_medium_VLDL__locus205	TRUE	TRUE	TRUE
Cholesterol_to_total_lipids_ratio_in_medium_VLDL__locus206	TRUE	TRUE	TRUE
Cholesterol_to_total_lipids_ratio_in_medium_VLDL__locus207	TRUE	TRUE	TRUE
Cholesterol_to_total_lipids_ratio_in_medium_VLDL__locus208	TRUE	TRUE	TRUE
Cholesterol_to_total_lipids_ratio_in_medium_VLDL__locus209	TRUE	TRUE	TRUE
Cholesterol_to_total_lipids_ratio_in_medium_VLDL__locus210	TRUE	TRUE	TRUE
Cholesterol_to_total_lipids_ratio_in_medium_VLDL__locus211	TRUE	TRUE	TRUE
Cholesterol_to_total_lipids_ratio_in_medium_VLDL__locus212	TRUE	TRUE	TRUE
Cholesterol_to_total_lipids_ratio_in_medium_VLDL__locus213	TRUE	TRUE	TRUE
Cholesterol_to_total_lipids_ratio_in_medium_VLDL__locus214	TRUE	TRUE	TRUE
Cholesterol_to_total_lipids_ratio_in_medium_VLDL__locus215	TRUE	TRUE	TRUE
Cholesterol_to_total_lipids_ratio_in_medium_VLDL__locus216	TRUE	TRUE	TRUE
Cholesterol_to_total_lipids_ratio_in_medium_VLDL__locus217	TRUE	TRUE	TRUE
Cholesterol_to_total_lipids_ratio_in_medium_VLDL__locus218	TRUE	TRUE	TRUE
Cholesterol_to_total_lipids_ratio_in_medium_VLDL__locus219	TRUE	TRUE	TRUE
Cholesterol_to_total_lipids_ratio_in_medium_VLDL__locus220	FALSE	FALSE	FALSE
Cholesterol_to_total_lipids_ratio_in_medium_VLDL__locus221	TRUE	TRUE	TRUE
Cholesterol_to_total_lipids_ratio_in_medium_VLDL__locus222	TRUE	TRUE	TRUE
Cholesterol_to_total_lipids_ratio_in_medium_VLDL__locus223	TRUE	TRUE	TRUE
Cholesterol_to_total_lipids_ratio_in_medium_VLDL__locus224	TRUE	TRUE	TRUE
Cholesterol_to_total_lipids_ratio_in_medium_VLDL__locus225	TRUE	TRUE	TRUE
Cholesterol_to_total_lipids_ratio_in_medium_VLDL__locus226	TRUE	TRUE	TRUE
Cholesterol_to_total_lipids_ratio_in_medium_VLDL__locus227	TRUE	TRUE	TRUE
Cholesterol_to_total_lipids_ratio_in_medium_VLDL__locus228	TRUE	TRUE	TRUE
Cholesterol_to_total_lipids_ratio_in_medium_VLDL__locus229	TRUE	TRUE	TRUE
Cholesterol_to_total_lipids_ratio_in_medium_VLDL__locus230	TRUE	TRUE	TRUE
Cholesterol_to_total_lipids_ratio_in_medium_VLDL__locus231	TRUE	TRUE	TRUE
Cholesterol_to_total_lipids_ratio_in_medium_VLDL__locus232	TRUE	TRUE	TRUE
Cholesterol_to_total_lipids_ratio_in_medium_VLDL__locus233	TRUE	TRUE	TRUE
Cholesterol_to_total_lipids_ratio_in_medium_VLDL__locus234	TRUE	TRUE	TRUE
Cholesterol_to_total_lipids_ratio_in_medium_VLDL__locus235	TRUE	TRUE	TRUE
Cholesterol_to_total_lipids_ratio_in_medium_VLDL__locus236	TRUE	TRUE	TRUE
Cholesterol_to_total_lipids_ratio_in_medium_VLDL__locus237	TRUE	TRUE	TRUE
Cholesterol_to_total_lipids_ratio_in_medium_VLDL__locus238	TRUE	TRUE	TRUE
Cholesterol_to_total_lipids_ratio_in_medium_VLDL__locus239	TRUE	TRUE	TRUE
Cholesterol_to_total_lipids_ratio_in_medium_VLDL__locus240	TRUE	TRUE	TRUE
Cholesterol_to_total_lipids_ratio_in_medium_VLDL__locus241	TRUE	TRUE	TRUE
Cholesterol_to_total_lipids_ratio_in_medium_VLDL__locus242	TRUE	TRUE	TRUE
Cholesterol_to_total_lipids_ratio_in_medium_VLDL__locus243	TRUE	TRUE	TRUE
Cholesterol_to_total_lipids_ratio_in_medium_VLDL__locus244	TRUE	TRUE	TRUE
Cholesterol_to_total_lipids_ratio_in_medium_VLDL__locus245	TRUE	TRUE	TRUE
Cholesterol_to_total_lipids_ratio_in_medium_VLDL__locus246	TRUE	TRUE	TRUE
Cholesterol_to_total_lipids_ratio_in_medium_VLDL__locus247	TRUE	TRUE	TRUE
Cholesterol_to_total_lipids_ratio_in_medium_VLDL__locus248	TRUE	TRUE	TRUE
Cholesterol_to_total_lipids_ratio_in_medium_VLDL__locus249	TRUE	TRUE	TRUE
Cholesterol_to_total_lipids_ratio_in_medium_VLDL__locus250	TRUE	TRUE	TRUE
Cholesterol_to_total_lipids_ratio_in_medium_VLDL__locus251	TRUE	TRUE	TRUE
Cholesterol_to_total_lipids_ratio_in_medium_VLDL__locus252	TRUE	TRUE	TRUE
Cholesterol_to_total_lipids_ratio_in_medium_VLDL__locus253	TRUE	TRUE	TRUE
Cholesterol_to_total_lipids_ratio_in_medium_VLDL__locus254	TRUE	TRUE	TRUE
Cholesterol_to_total_lipids_ratio_in_medium_VLDL__locus255	TRUE	TRUE	TRUE
Cholesterol_to_total_lipids_ratio_in_medium_VLDL__locus256	TRUE	TRUE	TRUE
Cholesterol_to_total_lipids_ratio_in_medium_VLDL__locus257	TRUE	TRUE	TRUE
Cholesterol_to_total_lipids_ratio_in_medium_VLDL__locus258	TRUE	TRUE	TRUE
Cholesterol_to_total_lipids_ratio_in_medium_VLDL__locus259	TRUE	TRUE	TRUE
Cholesterol_to_total_lipids_ratio_in_medium_VLDL__locus260	TRUE	TRUE	TRUE
Cholesterol_to_total_lipids_ratio_in_medium_VLDL__locus261	TRUE	TRUE	TRUE
Cholesterol_to_total_lipids_ratio_in_medium_VLDL__locus262	TRUE	TRUE	TRUE
Cholesterol_to_total_lipids_ratio_in_medium_VLDL__locus263	TRUE	TRUE	TRUE
Cholesterol_to_total_lipids_ratio_in_medium_VLDL__locus264	TRUE	TRUE	TRUE
Cholesterol_to_total_lipids_ratio_in_medium_VLDL__locus265	TRUE	TRUE	TRUE
Cholesterol_to_total_lipids_ratio_in_medium_VLDL__locus266	TRUE	TRUE	TRUE
Cholesterol_to_total_lipids_ratio_in_medium_VLDL__locus267	TRUE	TRUE	TRUE
Cholesterol_to_total_lipids_ratio_in_medium_VLDL__locus268	TRUE	TRUE	TRUE
Cholesterol_to_total_lipids_ratio_in_medium_VLDL__locus269	TRUE	TRUE	TRUE
Cholesterol_to_total_lipids_ratio_in_medium_VLDL__locus270	TRUE	TRUE	TRUE
Cholesterol_to_total_lipids_ratio_in_medium_VLDL__locus271	TRUE	TRUE	TRUE
Cholesterol_to_total_lipids_ratio_in_medium_VLDL__locus272	TRUE	TRUE	TRUE
Cholesterol_to_total_lipids_ratio_in_medium_VLDL__locus273	TRUE	TRUE	TRUE
Cholesterol_to_total_lipids_ratio_in_medium_VLDL__locus274	TRUE	TRUE	TRUE
Cholesterol_to_total_lipids_ratio_in_medium_VLDL__locus275	TRUE	TRUE	TRUE
Cholesterol_to_total_lipids_ratio_in_medium_VLDL__locus276	TRUE	TRUE	TRUE
Cholesterol_to_total_lipids_ratio_in_medium_VLDL__locus277	TRUE	TRUE	TRUE
Cholesterol_to_total_lipids_ratio_in_medium_VLDL__locus278	TRUE	TRUE	TRUE
Cholesterol_to_total_lipids_ratio_in_medium_VLDL__locus279	TRUE	TRUE	TRUE
Cholesterol_to_total_lipids_ratio_in_medium_VLDL__locus280	TRUE	TRUE	TRUE
Cholesterol_to_total_lipids_ratio_in_medium_VLDL__locus281	TRUE	TRUE	TRUE
Cholesterol_to_total_lipids_ratio_in_medium_VLDL__locus282	TRUE	TRUE	TRUE
Cholesterol_to_total_lipids_ratio_in_medium_VLDL__locus283	TRUE	TRUE	TRUE
Cholesterol_to_total_lipids_ratio_in_medium_VLDL__locus284	TRUE	TRUE	TRUE
Cholesterol_to_total_lipids_ratio_in_medium_VLDL__locus285	TRUE	TRUE	TRUE
Cholesterol_to_total_lipids_ratio_in_medium_VLDL__locus286	TRUE	TRUE	TRUE
Cholesterol_to_total_lipids_ratio_in_medium_VLDL__locus287	TRUE	TRUE	TRUE
Cholesterol_to_total_lipids_ratio_in_medium_VLDL__locus288	TRUE	TRUE	TRUE
Cholesterol_to_total_lipids_ratio_in_medium_VLDL__locus289	TRUE	TRUE	TRUE
Cholesterol_to_total_lipids_ratio_in_medium_VLDL__locus290	TRUE	TRUE	TRUE
Cholesterol_to_total_lipids_ratio_in_medium_VLDL__locus291	TRUE	TRUE	TRUE
Cholesterol_to_total_lipids_ratio_in_medium_VLDL__locus292	TRUE	TRUE	TRUE
Cholesterol_to_total_lipids_ratio_in_medium_VLDL__locus293	TRUE	TRUE	TRUE
Cholesterol_to_total_lipids_ratio_in_medium_VLDL__locus294	TRUE	TRUE	TRUE
Cholesterol_to_total_lipids_ratio_in_medium_VLDL__locus295	TRUE	TRUE	TRUE
Cholesterol_to_total_lipids_ratio_in_medium_VLDL__locus296	TRUE	TRUE	TRUE
Cholesterol_to_total_lipids_ratio_in_medium_VLDL__locus297	TRUE	TRUE	TRUE
Cholesterol_to_total_lipids_ratio_in_medium_VLDL__locus298	TRUE	TRUE	TRUE
Cholesterol_to_total_lipids_ratio_in_medium_VLDL__locus299	TRUE	TRUE	TRUE
Cholesterol_to_total_lipids_ratio_in_medium_VLDL__locus300	TRUE	TRUE	TRUE
Cholesterol_to_total_lipids_ratio_in_medium_VLDL__locus301	TRUE	TRUE	TRUE
Cholesterol_to_total_lipids_ratio_in_medium_VLDL__locus302	TRUE	TRUE	TRUE
Cholesterol_to_total_lipids_ratio_in_medium_VLDL__locus303	TRUE	TRUE	TRUE
Cholesterol_to_total_lipids_ratio_in_medium_VLDL__locus304	TRUE	TRUE	TRUE
Cholesterol_to_total_lipids_ratio_in_medium_VLDL__locus305	TRUE	TRUE	TRUE
Cholesterol_to_total_lipids_ratio_in_medium_VLDL__locus306	TRUE	TRUE	TRUE
Cholesterol_to_total_lipids_ratio_in_medium_VLDL__locus307	TRUE	TRUE	TRUE
Cholesterol_to_total_lipids_ratio_in_medium_VLDL__locus308	TRUE	TRUE	TRUE
Cholesterol_to_total_lipids_ratio_in_medium_VLDL__locus309	TRUE	TRUE	TRUE
Cholesterol_to_total_lipids_ratio_in_medium_VLDL__locus310	TRUE	TRUE	TRUE
Cholesterol_to_total_lipids_ratio_in_medium_VLDL__locus311	TRUE	TRUE	TRUE
Cholesterol_to_total_lipids_ratio_in_medium_VLDL__locus312	TRUE	TRUE	TRUE
Cholesterol_to_total_lipids_ratio_in_medium_VLDL__locus313	TRUE	TRUE	TRUE
Cholesterol_to_total_lipids_ratio_in_medium_VLDL__locus314	TRUE	TRUE	TRUE
Cholesterol_to_total_lipids_ratio_in_medium_VLDL__locus315	TRUE	TRUE	TRUE
Cholesterol_to_total_lipids_ratio_in_medium_VLDL__locus316	TRUE	TRUE	TRUE
Cholesterol_to_total_lipids_ratio_in_medium_VLDL__locus317	TRUE	TRUE	TRUE
Cholesterol_to_total_lipids_ratio_in_medium_VLDL__locus318	TRUE	TRUE	TRUE
Cholesterol_to_total_lipids_ratio_in_medium_VLDL__locus319	TRUE	TRUE	TRUE
Cholesterol_to_total_lipids_ratio_in_medium_VLDL__locus320	TRUE	TRUE	TRUE
Cholesterol_to_total_lipids_ratio_in_medium_VLDL__locus321	TRUE	TRUE	TRUE
Cholesterol_to_total_lipids_ratio_in_medium_VLDL__locus322	FALSE	FALSE	FALSE
Cholesterol_to_total_lipids_ratio_in_medium_VLDL__locus323	TRUE	TRUE	TRUE
Cholesterol_to_total_lipids_ratio_in_medium_VLDL__locus324	TRUE	TRUE	TRUE
Cholesterol_to_total_lipids_ratio_in_medium_VLDL__locus325	TRUE	TRUE	TRUE
Cholesterol_to_total_lipids_ratio_in_medium_VLDL__locus326	TRUE	TRUE	TRUE
Cholesterol_to_total_lipids_ratio_in_medium_VLDL__locus327	TRUE	TRUE	TRUE
Cholesterol_to_total_lipids_ratio_in_medium_VLDL__locus328	TRUE	TRUE	TRUE
Cholesterol_to_total_lipids_ratio_in_medium_VLDL__locus329	TRUE	TRUE	TRUE
Cholesterol_to_total_lipids_ratio_in_medium_VLDL__locus330	TRUE	TRUE	TRUE
Cholesterol_to_total_lipids_ratio_in_medium_VLDL__locus331	TRUE	TRUE	TRUE
Cholesterol_to_total_lipids_ratio_in_medium_VLDL__locus332	TRUE	TRUE	TRUE
Cholesterol_to_total_lipids_ratio_in_medium_VLDL__locus333	TRUE	TRUE	TRUE
Cholesterol_to_total_lipids_ratio_in_medium_VLDL__locus334	TRUE	TRUE	TRUE
Cholesterol_to_total_lipids_ratio_in_medium_VLDL__locus335	TRUE	TRUE	TRUE
Cholesterol_to_total_lipids_ratio_in_medium_VLDL__locus336	TRUE	TRUE	TRUE
Cholesterol_to_total_lipids_ratio_in_medium_VLDL__locus337	TRUE	TRUE	TRUE
Cholesterol_to_total_lipids_ratio_in_medium_VLDL__locus338	TRUE	TRUE	TRUE
Cholesterol_to_total_lipids_ratio_in_medium_VLDL__locus339	TRUE	TRUE	TRUE
Cholesterol_to_total_lipids_ratio_in_medium_VLDL__locus340	TRUE	TRUE	TRUE
Cholesterol_to_total_lipids_ratio_in_medium_VLDL__locus341	TRUE	TRUE	TRUE
Cholesterol_to_total_lipids_ratio_in_medium_VLDL__locus342	TRUE	TRUE	TRUE
Cholesterol_to_total_lipids_ratio_in_medium_VLDL__locus343	TRUE	TRUE	TRUE
Cholesterol_to_total_lipids_ratio_in_medium_VLDL__locus344	TRUE	TRUE	TRUE
Cholesterol_to_total_lipids_ratio_in_medium_VLDL__locus345	TRUE	TRUE	TRUE
Cholesterol_to_total_lipids_ratio_in_medium_VLDL__locus346	FALSE	FALSE	FALSE
Cholesterol_to_total_lipids_ratio_in_medium_VLDL__locus347	TRUE	TRUE	TRUE
Cholesterol_to_total_lipids_ratio_in_medium_VLDL__locus348	TRUE	TRUE	TRUE
Cholesterol_to_total_lipids_ratio_in_medium_VLDL__locus349	TRUE	TRUE	TRUE
Cholesterol_to_total_lipids_ratio_in_medium_VLDL__locus350	TRUE	TRUE	TRUE
Cholesterol_to_total_lipids_ratio_in_medium_VLDL__locus351	TRUE	TRUE	TRUE
Cholesterol_to_total_lipids_ratio_in_medium_VLDL__locus352	TRUE	TRUE	TRUE
Cholesterol_to_total_lipids_ratio_in_medium_VLDL__locus353	TRUE	TRUE	TRUE
Cholesterol_to_total_lipids_ratio_in_medium_VLDL__locus354	TRUE	TRUE	TRUE
Cholesterol_to_total_lipids_ratio_in_medium_VLDL__locus355	TRUE	TRUE	TRUE
Cholesterol_to_total_lipids_ratio_in_medium_VLDL__locus356	TRUE	TRUE	TRUE
Cholesterol_to_total_lipids_ratio_in_medium_VLDL__locus357	TRUE	TRUE	TRUE
Cholesterol_to_total_lipids_ratio_in_medium_VLDL__locus358	TRUE	TRUE	TRUE
Cholesterol_to_total_lipids_ratio_in_medium_VLDL__locus359	TRUE	TRUE	TRUE
Cholesterol_to_total_lipids_ratio_in_medium_VLDL__locus360	TRUE	TRUE	TRUE
Cholesterol_to_total_lipids_ratio_in_medium_VLDL__locus361	TRUE	TRUE	TRUE
Cholesterol_to_total_lipids_ratio_in_medium_VLDL__locus362	TRUE	TRUE	TRUE
Cholesterol_to_total_lipids_ratio_in_medium_VLDL__locus363	TRUE	TRUE	TRUE
Cholesterol_to_total_lipids_ratio_in_medium_VLDL__locus364	TRUE	TRUE	TRUE
Cholesterol_to_total_lipids_ratio_in_medium_VLDL__locus365	TRUE	TRUE	TRUE
Cholesterol_to_total_lipids_ratio_in_medium_VLDL__locus366	TRUE	TRUE	TRUE
Cholesterol_to_total_lipids_ratio_in_medium_VLDL__locus367	TRUE	TRUE	TRUE
Cholesterol_to_total_lipids_ratio_in_medium_VLDL__locus368	TRUE	TRUE	TRUE
Cholesterol_to_total_lipids_ratio_in_medium_VLDL__locus369	TRUE	TRUE	TRUE
Cholesterol_to_total_lipids_ratio_in_medium_VLDL__locus370	TRUE	TRUE	TRUE
Cholesterol_to_total_lipids_ratio_in_medium_VLDL__locus371	TRUE	TRUE	TRUE
Cholesterol_to_total_lipids_ratio_in_medium_VLDL__locus372	TRUE	TRUE	TRUE
Cholesterol_to_total_lipids_ratio_in_medium_VLDL__locus373	TRUE	TRUE	TRUE
Cholesterol_to_total_lipids_ratio_in_medium_VLDL__locus374	TRUE	TRUE	TRUE
Cholesterol_to_total_lipids_ratio_in_medium_VLDL__locus375	TRUE	TRUE	TRUE
Cholesterol_to_total_lipids_ratio_in_medium_VLDL__locus376	TRUE	TRUE	TRUE
Cholesterol_to_total_lipids_ratio_in_medium_VLDL__locus377	TRUE	TRUE	TRUE
Cholesterol_to_total_lipids_ratio_in_medium_VLDL__locus378	TRUE	TRUE	TRUE
Cholesterol_to_total_lipids_ratio_in_medium_VLDL__locus379	TRUE	TRUE	TRUE
Cholesterol_to_total_lipids_ratio_in_medium_VLDL__locus380	TRUE	TRUE	TRUE
Cholesterol_to_total_lipids_ratio_in_medium_VLDL__locus381	TRUE	TRUE	TRUE
Cholesterol_to_total_lipids_ratio_in_medium_VLDL__locus382	TRUE	TRUE	TRUE
Cholesterol_to_total_lipids_ratio_in_medium_VLDL__locus383	TRUE	TRUE	TRUE
Cholesterol_to_total_lipids_ratio_in_medium_VLDL__locus384	TRUE	TRUE	TRUE
Cholesterol_to_total_lipids_ratio_in_medium_VLDL__locus385	TRUE	TRUE	TRUE
Cholesterol_to_total_lipids_ratio_in_medium_VLDL__locus386	TRUE	TRUE	TRUE
Cholesterol_to_total_lipids_ratio_in_medium_VLDL__locus387	FALSE	FALSE	FALSE
Cholesterol_to_total_lipids_ratio_in_medium_VLDL__locus388	TRUE	TRUE	TRUE
Cholesterol_to_total_lipids_ratio_in_medium_VLDL__locus389	TRUE	TRUE	TRUE
Cholesterol_to_total_lipids_ratio_in_medium_VLDL__locus390	TRUE	TRUE	TRUE
Cholesterol_to_total_lipids_ratio_in_medium_VLDL__locus391	TRUE	TRUE	TRUE
Cholesterol_to_total_lipids_ratio_in_medium_VLDL__locus392	TRUE	TRUE	TRUE
Cholesterol_to_total_lipids_ratio_in_medium_VLDL__locus393	TRUE	TRUE	TRUE
Cholesterol_to_total_lipids_ratio_in_medium_VLDL__locus394	TRUE	TRUE	TRUE
Cholesterol_to_total_lipids_ratio_in_medium_VLDL__locus395	TRUE	TRUE	TRUE
Cholesterol_to_total_lipids_ratio_in_medium_VLDL__locus396	TRUE	TRUE	TRUE
Cholesterol_to_total_lipids_ratio_in_medium_VLDL__locus397	TRUE	TRUE	TRUE
Cholesterol_to_total_lipids_ratio_in_medium_VLDL__locus398	TRUE	TRUE	TRUE
Cholesterol_to_total_lipids_ratio_in_medium_VLDL__locus399	TRUE	TRUE	TRUE
Cholesterol_to_total_lipids_ratio_in_medium_VLDL__locus400	TRUE	TRUE	TRUE
Cholesterol_to_total_lipids_ratio_in_medium_VLDL__locus401	TRUE	TRUE	TRUE
Cholesterol_to_total_lipids_ratio_in_medium_VLDL__locus402	TRUE	TRUE	TRUE
Cholesterol_to_total_lipids_ratio_in_medium_VLDL__locus403	TRUE	TRUE	TRUE
Cholesterol_to_total_lipids_ratio_in_medium_VLDL__locus404	TRUE	TRUE	TRUE
Cholesterol_to_total_lipids_ratio_in_medium_VLDL__locus405	TRUE	TRUE	TRUE
Cholesterol_to_total_lipids_ratio_in_medium_VLDL__locus406	TRUE	TRUE	TRUE
Cholesterol_to_total_lipids_ratio_in_medium_VLDL__locus407	TRUE	TRUE	TRUE
Cholesterol_to_total_lipids_ratio_in_medium_VLDL__locus408	TRUE	TRUE	TRUE
Cholesterol_to_total_lipids_ratio_in_medium_VLDL__locus409	TRUE	TRUE	TRUE
Cholesterol_to_total_lipids_ratio_in_medium_VLDL__locus410	TRUE	TRUE	TRUE
Cholesterol_to_total_lipids_ratio_in_medium_VLDL__locus411	TRUE	TRUE	TRUE
Cholesterol_to_total_lipids_ratio_in_medium_VLDL__locus412	TRUE	TRUE	TRUE
Cholesterol_to_total_lipids_ratio_in_medium_VLDL__locus413	TRUE	TRUE	TRUE
Cholesterol_to_total_lipids_ratio_in_medium_VLDL__locus414	TRUE	TRUE	TRUE
Cholesterol_to_total_lipids_ratio_in_medium_VLDL__locus415	TRUE	TRUE	TRUE
Cholesterol_to_total_lipids_ratio_in_medium_VLDL__locus416	TRUE	TRUE	TRUE
Cholesterol_to_total_lipids_ratio_in_medium_VLDL__locus417	TRUE	TRUE	TRUE
Cholesterol_to_total_lipids_ratio_in_medium_VLDL__locus418	TRUE	TRUE	TRUE
Cholesterol_to_total_lipids_ratio_in_medium_VLDL__locus419	TRUE	TRUE	TRUE
Cholesterol_to_total_lipids_ratio_in_medium_VLDL__locus420	TRUE	TRUE	TRUE
Cholesterol_to_total_lipids_ratio_in_medium_VLDL__locus421	TRUE	TRUE	TRUE
Cholesterol_to_total_lipids_ratio_in_medium_VLDL__locus422	TRUE	TRUE	TRUE
Cholesterol_to_total_lipids_ratio_in_medium_VLDL__locus423	TRUE	TRUE	TRUE
Cholesterol_to_total_lipids_ratio_in_medium_VLDL__locus424	TRUE	TRUE	TRUE
Cholesterol_to_total_lipids_ratio_in_medium_VLDL__locus425	TRUE	TRUE	TRUE
Cholesterol_to_total_lipids_ratio_in_medium_VLDL__locus426	TRUE	TRUE	TRUE
Cholesterol_to_total_lipids_ratio_in_medium_VLDL__locus427	TRUE	TRUE	TRUE
Cholesterol_to_total_lipids_ratio_in_medium_VLDL__locus428	FALSE	FALSE	FALSE
Cholesterol_to_total_lipids_ratio_in_medium_VLDL__locus429	TRUE	TRUE	TRUE
Cholesterol_to_total_lipids_ratio_in_medium_VLDL__locus430	TRUE	TRUE	TRUE
Cholesterol_to_total_lipids_ratio_in_medium_VLDL__locus431	TRUE	TRUE	TRUE
Cholesterol_to_total_lipids_ratio_in_medium_VLDL__locus432	TRUE	TRUE	TRUE
Cholesterol_to_total_lipids_ratio_in_medium_VLDL__locus433	TRUE	TRUE	TRUE
Cholesterol_to_total_lipids_ratio_in_medium_VLDL__locus434	TRUE	TRUE	TRUE
Cholesterol_to_total_lipids_ratio_in_medium_VLDL__locus435	TRUE	TRUE	TRUE
Cholesterol_to_total_lipids_ratio_in_medium_VLDL__locus436	TRUE	TRUE	TRUE
Cholesterol_to_total_lipids_ratio_in_medium_VLDL__locus437	TRUE	TRUE	TRUE
Cholesterol_to_total_lipids_ratio_in_medium_VLDL__locus438	TRUE	TRUE	TRUE
Cholesterol_to_total_lipids_ratio_in_medium_VLDL__locus439	TRUE	TRUE	TRUE
Cholesterol_to_total_lipids_ratio_in_medium_VLDL__locus440	TRUE	TRUE	TRUE
Cholesterol_to_total_lipids_ratio_in_medium_VLDL__locus441	TRUE	TRUE	TRUE
Cholesterol_to_total_lipids_ratio_in_medium_VLDL__locus442	TRUE	TRUE	TRUE
Cholesterol_to_total_lipids_ratio_in_very_large_VLDL__locus001	TRUE	TRUE	TRUE
Cholesterol_to_total_lipids_ratio_in_very_large_VLDL__locus002	TRUE	TRUE	TRUE
Cholesterol_to_total_lipids_ratio_in_very_large_VLDL__locus003	TRUE	TRUE	TRUE
Cholesterol_to_total_lipids_ratio_in_very_large_VLDL__locus004	TRUE	TRUE	TRUE
Cholesterol_to_total_lipids_ratio_in_very_large_VLDL__locus005	TRUE	TRUE	TRUE
Cholesterol_to_total_lipids_ratio_in_very_large_VLDL__locus006	TRUE	TRUE	TRUE
Cholesterol_to_total_lipids_ratio_in_very_large_VLDL__locus007	TRUE	TRUE	TRUE
Cholesterol_to_total_lipids_ratio_in_very_large_VLDL__locus008	TRUE	TRUE	TRUE
Cholesterol_to_total_lipids_ratio_in_very_large_VLDL__locus009	TRUE	TRUE	TRUE
Cholesterol_to_total_lipids_ratio_in_very_large_VLDL__locus010	TRUE	TRUE	TRUE
Cholesterol_to_total_lipids_ratio_in_very_large_VLDL__locus011	FALSE	FALSE	FALSE
Cholesterol_to_total_lipids_ratio_in_very_large_VLDL__locus012	TRUE	TRUE	TRUE
Cholesterol_to_total_lipids_ratio_in_very_large_VLDL__locus013	TRUE	TRUE	TRUE
Cholesterol_to_total_lipids_ratio_in_very_large_VLDL__locus014	TRUE	TRUE	TRUE
Cholesterol_to_total_lipids_ratio_in_very_large_VLDL__locus015	TRUE	TRUE	TRUE
Cholesterol_to_total_lipids_ratio_in_very_large_VLDL__locus016	TRUE	TRUE	TRUE
Cholesterol_to_total_lipids_ratio_in_very_large_VLDL__locus017	TRUE	TRUE	TRUE
Cholesterol_to_total_lipids_ratio_in_very_large_VLDL__locus018	TRUE	TRUE	TRUE
Cholesterol_to_total_lipids_ratio_in_very_large_VLDL__locus019	TRUE	TRUE	TRUE
Cholesterol_to_total_lipids_ratio_in_very_large_VLDL__locus020	TRUE	TRUE	TRUE
Cholesterol_to_total_lipids_ratio_in_very_large_VLDL__locus021	TRUE	TRUE	TRUE
Cholesterol_to_total_lipids_ratio_in_very_large_VLDL__locus022	TRUE	TRUE	TRUE
Cholesterol_to_total_lipids_ratio_in_very_large_VLDL__locus023	TRUE	TRUE	TRUE
Cholesterol_to_total_lipids_ratio_in_very_large_VLDL__locus024	TRUE	TRUE	TRUE
Cholesterol_to_total_lipids_ratio_in_very_large_VLDL__locus025	TRUE	TRUE	TRUE
Cholesterol_to_total_lipids_ratio_in_very_large_VLDL__locus026	TRUE	TRUE	TRUE
Cholesterol_to_total_lipids_ratio_in_very_large_VLDL__locus027	TRUE	TRUE	TRUE
Cholesterol_to_total_lipids_ratio_in_very_large_VLDL__locus028	TRUE	TRUE	TRUE
Cholesterol_to_total_lipids_ratio_in_very_large_VLDL__locus029	TRUE	TRUE	TRUE
Cholesterol_to_total_lipids_ratio_in_very_large_VLDL__locus030	TRUE	TRUE	TRUE
Cholesterol_to_total_lipids_ratio_in_very_large_VLDL__locus031	TRUE	TRUE	TRUE
Cholesterol_to_total_lipids_ratio_in_very_large_VLDL__locus032	TRUE	TRUE	TRUE
Cholesterol_to_total_lipids_ratio_in_very_large_VLDL__locus033	TRUE	TRUE	TRUE
Cholesterol_to_total_lipids_ratio_in_very_large_VLDL__locus034	TRUE	TRUE	TRUE
Cholesterol_to_total_lipids_ratio_in_very_large_VLDL__locus035	TRUE	TRUE	TRUE
Cholesterol_to_total_lipids_ratio_in_very_large_VLDL__locus036	TRUE	TRUE	TRUE
Cholesterol_to_total_lipids_ratio_in_very_large_VLDL__locus037	TRUE	TRUE	TRUE
Cholesterol_to_total_lipids_ratio_in_very_large_VLDL__locus038	TRUE	TRUE	TRUE
Cholesterol_to_total_lipids_ratio_in_very_large_VLDL__locus039	TRUE	TRUE	TRUE
Cholesterol_to_total_lipids_ratio_in_very_large_VLDL__locus040	TRUE	TRUE	TRUE
Cholesterol_to_total_lipids_ratio_in_very_large_VLDL__locus041	TRUE	TRUE	TRUE
Cholesterol_to_total_lipids_ratio_in_very_large_VLDL__locus042	TRUE	TRUE	TRUE
Cholesterol_to_total_lipids_ratio_in_very_large_VLDL__locus043	TRUE	TRUE	TRUE
Cholesterol_to_total_lipids_ratio_in_very_large_VLDL__locus044	TRUE	TRUE	TRUE
Cholesterol_to_total_lipids_ratio_in_very_large_VLDL__locus045	TRUE	TRUE	TRUE
Cholesterol_to_total_lipids_ratio_in_very_large_VLDL__locus046	TRUE	TRUE	TRUE
Cholesterol_to_total_lipids_ratio_in_very_large_VLDL__locus047	TRUE	TRUE	TRUE
Cholesterol_to_total_lipids_ratio_in_very_large_VLDL__locus048	TRUE	TRUE	TRUE
Cholesterol_to_total_lipids_ratio_in_very_large_VLDL__locus049	TRUE	TRUE	TRUE
Cholesterol_to_total_lipids_ratio_in_very_large_VLDL__locus050	TRUE	TRUE	TRUE
Cholesterol_to_total_lipids_ratio_in_very_large_VLDL__locus051	TRUE	TRUE	TRUE
Cholesterol_to_total_lipids_ratio_in_very_large_VLDL__locus052	TRUE	TRUE	TRUE
Cholesterol_to_total_lipids_ratio_in_very_large_VLDL__locus053	TRUE	TRUE	FALSE
Cholesterol_to_total_lipids_ratio_in_very_large_VLDL__locus054	TRUE	TRUE	TRUE
Cholesterol_to_total_lipids_ratio_in_very_large_VLDL__locus055	TRUE	TRUE	TRUE
Cholesterol_to_total_lipids_ratio_in_very_large_VLDL__locus056	TRUE	TRUE	TRUE
Cholesterol_to_total_lipids_ratio_in_very_large_VLDL__locus057	TRUE	TRUE	TRUE
Cholesterol_to_total_lipids_ratio_in_very_large_VLDL__locus058	TRUE	TRUE	TRUE
Cholesterol_to_total_lipids_ratio_in_very_large_VLDL__locus059	TRUE	TRUE	TRUE
Cholesterol_to_total_lipids_ratio_in_very_large_VLDL__locus060	TRUE	TRUE	TRUE
Cholesterol_to_total_lipids_ratio_in_very_large_VLDL__locus061	TRUE	TRUE	TRUE
Cholesterol_to_total_lipids_ratio_in_very_large_VLDL__locus062	TRUE	TRUE	TRUE
Cholesterol_to_total_lipids_ratio_in_very_large_VLDL__locus063	TRUE	TRUE	TRUE
Cholesterol_to_total_lipids_ratio_in_very_large_VLDL__locus064	TRUE	TRUE	TRUE
Cholesterol_to_total_lipids_ratio_in_very_large_VLDL__locus065	TRUE	TRUE	TRUE
Cholesterol_to_total_lipids_ratio_in_very_large_VLDL__locus066	TRUE	TRUE	TRUE
Cholesterol_to_total_lipids_ratio_in_very_large_VLDL__locus067	TRUE	TRUE	TRUE
Cholesterol_to_total_lipids_ratio_in_very_large_VLDL__locus068	TRUE	TRUE	TRUE
Cholesterol_to_total_lipids_ratio_in_very_large_VLDL__locus069	TRUE	TRUE	TRUE
Cholesterol_to_total_lipids_ratio_in_very_large_VLDL__locus070	TRUE	TRUE	TRUE
Cholesterol_to_total_lipids_ratio_in_very_large_VLDL__locus071	TRUE	TRUE	TRUE
Cholesterol_to_total_lipids_ratio_in_very_large_VLDL__locus072	TRUE	TRUE	TRUE
Cholesterol_to_total_lipids_ratio_in_very_large_VLDL__locus073	TRUE	TRUE	TRUE
Cholesterol_to_total_lipids_ratio_in_very_large_VLDL__locus074	TRUE	TRUE	TRUE
Cholesterol_to_total_lipids_ratio_in_very_large_VLDL__locus075	TRUE	TRUE	TRUE
Cholesterol_to_total_lipids_ratio_in_very_large_VLDL__locus076	TRUE	TRUE	TRUE
Cholesterol_to_total_lipids_ratio_in_very_large_VLDL__locus077	TRUE	TRUE	TRUE
Cholesterol_to_total_lipids_ratio_in_very_large_VLDL__locus078	TRUE	TRUE	TRUE
Cholesterol_to_total_lipids_ratio_in_very_large_VLDL__locus079	TRUE	TRUE	TRUE
Cholesterol_to_total_lipids_ratio_in_very_large_VLDL__locus080	TRUE	TRUE	TRUE
Cholesterol_to_total_lipids_ratio_in_very_large_VLDL__locus081	TRUE	TRUE	TRUE
Cholesterol_to_total_lipids_ratio_in_very_large_VLDL__locus082	TRUE	TRUE	TRUE
Cholesterol_to_total_lipids_ratio_in_very_large_VLDL__locus083	TRUE	TRUE	TRUE
Cholesterol_to_total_lipids_ratio_in_very_large_VLDL__locus084	TRUE	TRUE	TRUE
Cholesterol_to_total_lipids_ratio_in_very_large_VLDL__locus085	TRUE	TRUE	TRUE
Cholesterol_to_total_lipids_ratio_in_very_large_VLDL__locus086	TRUE	TRUE	TRUE
Cholesterol_to_total_lipids_ratio_in_very_large_VLDL__locus087	TRUE	TRUE	TRUE
Cholesterol_to_total_lipids_ratio_in_very_large_VLDL__locus088	TRUE	TRUE	TRUE
Cholesterol_to_total_lipids_ratio_in_very_large_VLDL__locus089	TRUE	TRUE	TRUE
Cholesterol_to_total_lipids_ratio_in_very_large_VLDL__locus090	TRUE	TRUE	TRUE
Cholesterol_to_total_lipids_ratio_in_very_large_VLDL__locus091	TRUE	TRUE	TRUE
Cholesterol_to_total_lipids_ratio_in_very_large_VLDL__locus092	TRUE	TRUE	TRUE
Cholesterol_to_total_lipids_ratio_in_very_large_VLDL__locus093	TRUE	TRUE	TRUE
Cholesterol_to_total_lipids_ratio_in_very_large_VLDL__locus094	TRUE	TRUE	TRUE
Cholesterol_to_total_lipids_ratio_in_very_large_VLDL__locus095	FALSE	FALSE	FALSE
Cholesterol_to_total_lipids_ratio_in_very_large_VLDL__locus096	TRUE	TRUE	TRUE
Cholesterol_to_total_lipids_ratio_in_very_large_VLDL__locus097	TRUE	TRUE	TRUE
Cholesterol_to_total_lipids_ratio_in_very_large_VLDL__locus098	TRUE	TRUE	TRUE
Cholesterol_to_total_lipids_ratio_in_very_large_VLDL__locus099	TRUE	TRUE	TRUE
Cholesterol_to_total_lipids_ratio_in_very_large_VLDL__locus100	TRUE	TRUE	TRUE
Cholesterol_to_total_lipids_ratio_in_very_large_VLDL__locus101	TRUE	TRUE	TRUE
Cholesterol_to_total_lipids_ratio_in_very_large_VLDL__locus102	TRUE	TRUE	TRUE
Cholesterol_to_total_lipids_ratio_in_very_large_VLDL__locus103	TRUE	TRUE	TRUE
Cholesterol_to_total_lipids_ratio_in_very_large_VLDL__locus104	TRUE	TRUE	TRUE
Cholesterol_to_total_lipids_ratio_in_very_large_VLDL__locus105	FALSE	FALSE	FALSE
Cholesterol_to_total_lipids_ratio_in_very_large_VLDL__locus106	TRUE	TRUE	TRUE
Cholesterol_to_total_lipids_ratio_in_very_large_VLDL__locus107	TRUE	TRUE	TRUE
Cholesterol_to_total_lipids_ratio_in_very_large_VLDL__locus108	TRUE	TRUE	TRUE
Cholesterol_to_total_lipids_ratio_in_very_large_VLDL__locus109	TRUE	TRUE	TRUE
Cholesterol_to_total_lipids_ratio_in_very_large_VLDL__locus110	TRUE	TRUE	TRUE
Cholesterol_to_total_lipids_ratio_in_very_large_VLDL__locus111	TRUE	TRUE	TRUE
Cholesterol_to_total_lipids_ratio_in_very_large_VLDL__locus112	TRUE	TRUE	TRUE
Cholesterol_to_total_lipids_ratio_in_very_large_VLDL__locus113	TRUE	TRUE	TRUE
Cholesterol_to_total_lipids_ratio_in_very_large_VLDL__locus114	TRUE	TRUE	TRUE
Cholesterol_to_total_lipids_ratio_in_very_large_VLDL__locus115	TRUE	TRUE	TRUE
Cholesterol_to_total_lipids_ratio_in_very_large_VLDL__locus116	TRUE	TRUE	TRUE
Cholesterol_to_total_lipids_ratio_in_very_large_VLDL__locus117	TRUE	TRUE	TRUE
Cholesterol_to_total_lipids_ratio_in_very_large_VLDL__locus118	TRUE	TRUE	TRUE
Cholesterol_to_total_lipids_ratio_in_very_large_VLDL__locus119	TRUE	TRUE	TRUE
Cholesterol_to_total_lipids_ratio_in_very_large_VLDL__locus120	TRUE	TRUE	TRUE
Cholesterol_to_total_lipids_ratio_in_very_large_VLDL__locus121	TRUE	TRUE	TRUE
Cholesterol_to_total_lipids_ratio_in_very_large_VLDL__locus122	TRUE	TRUE	TRUE
Cholesterol_to_total_lipids_ratio_in_very_large_VLDL__locus123	TRUE	TRUE	TRUE
Cholesterol_to_total_lipids_ratio_in_very_large_VLDL__locus124	TRUE	TRUE	TRUE
Cholesterol_to_total_lipids_ratio_in_very_large_VLDL__locus125	TRUE	TRUE	TRUE
Cholesterol_to_total_lipids_ratio_in_very_large_VLDL__locus126	TRUE	TRUE	TRUE
Cholesterol_to_total_lipids_ratio_in_very_large_VLDL__locus127	TRUE	TRUE	TRUE
Cholesterol_to_total_lipids_ratio_in_very_large_VLDL__locus128	TRUE	TRUE	TRUE
Cholesterol_to_total_lipids_ratio_in_very_large_VLDL__locus129	TRUE	TRUE	TRUE
Cholesterol_to_total_lipids_ratio_in_very_large_VLDL__locus130	TRUE	TRUE	TRUE
Cholesterol_to_total_lipids_ratio_in_very_large_VLDL__locus131	TRUE	TRUE	TRUE
Cholesterol_to_total_lipids_ratio_in_very_large_VLDL__locus132	TRUE	TRUE	TRUE
Cholesterol_to_total_lipids_ratio_in_very_large_VLDL__locus133	TRUE	TRUE	TRUE
Cholesterol_to_total_lipids_ratio_in_very_large_VLDL__locus134	TRUE	TRUE	TRUE
Cholesterol_to_total_lipids_ratio_in_very_large_VLDL__locus135	TRUE	TRUE	TRUE
Cholesterol_to_total_lipids_ratio_in_very_large_VLDL__locus136	TRUE	TRUE	TRUE
Cholesterol_to_total_lipids_ratio_in_very_large_VLDL__locus137	TRUE	TRUE	TRUE
Cholesterol_to_total_lipids_ratio_in_very_large_VLDL__locus138	TRUE	TRUE	TRUE
Cholesterol_to_total_lipids_ratio_in_very_large_VLDL__locus139	TRUE	TRUE	TRUE
Cholesterol_to_total_lipids_ratio_in_very_large_VLDL__locus140	TRUE	TRUE	TRUE
Cholesterol_to_total_lipids_ratio_in_very_large_VLDL__locus141	TRUE	TRUE	TRUE
Cholesterol_to_total_lipids_ratio_in_very_large_VLDL__locus142	TRUE	TRUE	TRUE
Cholesterol_to_total_lipids_ratio_in_very_large_VLDL__locus143	TRUE	TRUE	TRUE
Cholesterol_to_total_lipids_ratio_in_very_large_VLDL__locus144	TRUE	TRUE	TRUE
Cholesterol_to_total_lipids_ratio_in_very_large_VLDL__locus145	TRUE	TRUE	TRUE
Cholesterol_to_total_lipids_ratio_in_very_large_VLDL__locus146	TRUE	TRUE	TRUE
Cholesterol_to_total_lipids_ratio_in_very_large_VLDL__locus147	TRUE	TRUE	TRUE
Cholesterol_to_total_lipids_ratio_in_very_large_VLDL__locus148	TRUE	TRUE	TRUE
Cholesterol_to_total_lipids_ratio_in_very_large_VLDL__locus149	TRUE	TRUE	TRUE
Cholesterol_to_total_lipids_ratio_in_very_large_VLDL__locus150	TRUE	TRUE	TRUE
Cholesterol_to_total_lipids_ratio_in_very_large_VLDL__locus151	TRUE	TRUE	TRUE
Cholesterol_to_total_lipids_ratio_in_very_large_VLDL__locus152	TRUE	TRUE	TRUE
Cholesterol_to_total_lipids_ratio_in_very_large_VLDL__locus153	TRUE	TRUE	TRUE
Cholesterol_to_total_lipids_ratio_in_very_large_VLDL__locus154	TRUE	TRUE	TRUE
Cholesterol_to_total_lipids_ratio_in_very_large_VLDL__locus155	TRUE	TRUE	TRUE
Cholesterol_to_total_lipids_ratio_in_very_large_VLDL__locus156	TRUE	TRUE	TRUE
Cholesterol_to_total_lipids_ratio_in_very_large_VLDL__locus157	TRUE	TRUE	TRUE
Cholesterol_to_total_lipids_ratio_in_very_large_VLDL__locus158	TRUE	TRUE	TRUE
Cholesterol_to_total_lipids_ratio_in_very_large_VLDL__locus159	TRUE	TRUE	TRUE
Cholesterol_to_total_lipids_ratio_in_very_large_VLDL__locus160	TRUE	TRUE	TRUE
Cholesterol_to_total_lipids_ratio_in_very_large_VLDL__locus161	TRUE	TRUE	TRUE
Cholesterol_to_total_lipids_ratio_in_very_large_VLDL__locus162	TRUE	TRUE	TRUE
Cholesterol_to_total_lipids_ratio_in_very_large_VLDL__locus163	TRUE	TRUE	TRUE
Cholesterol_to_total_lipids_ratio_in_very_large_VLDL__locus164	TRUE	TRUE	TRUE
Cholesterol_to_total_lipids_ratio_in_very_large_VLDL__locus165	TRUE	TRUE	TRUE
Cholesterol_to_total_lipids_ratio_in_very_large_VLDL__locus166	TRUE	TRUE	TRUE
Cholesterol_to_total_lipids_ratio_in_very_large_VLDL__locus167	TRUE	TRUE	TRUE
Cholesterol_to_total_lipids_ratio_in_very_large_VLDL__locus168	TRUE	TRUE	TRUE
Cholesterol_to_total_lipids_ratio_in_very_large_VLDL__locus169	TRUE	TRUE	TRUE
Cholesterol_to_total_lipids_ratio_in_very_large_VLDL__locus170	TRUE	TRUE	TRUE
Cholesterol_to_total_lipids_ratio_in_very_large_VLDL__locus171	TRUE	TRUE	TRUE
Cholesterol_to_total_lipids_ratio_in_very_large_VLDL__locus172	TRUE	TRUE	TRUE
Cholesterol_to_total_lipids_ratio_in_very_large_VLDL__locus173	TRUE	TRUE	TRUE
Cholesterol_to_total_lipids_ratio_in_very_large_VLDL__locus174	TRUE	TRUE	TRUE
Cholesterol_to_total_lipids_ratio_in_very_large_VLDL__locus175	TRUE	TRUE	TRUE
Cholesterol_to_total_lipids_ratio_in_very_large_VLDL__locus176	TRUE	TRUE	TRUE
Cholesterol_to_total_lipids_ratio_in_very_large_VLDL__locus177	TRUE	TRUE	TRUE
Cholesterol_to_total_lipids_ratio_in_very_large_VLDL__locus178	TRUE	TRUE	TRUE
Cholesterol_to_total_lipids_ratio_in_very_large_VLDL__locus179	TRUE	TRUE	TRUE
Cholesterol_to_total_lipids_ratio_in_very_large_VLDL__locus180	TRUE	TRUE	TRUE
Cholesterol_to_total_lipids_ratio_in_very_large_VLDL__locus181	TRUE	TRUE	TRUE
Cholesterol_to_total_lipids_ratio_in_very_large_VLDL__locus182	TRUE	TRUE	TRUE
Cholesterol_to_total_lipids_ratio_in_very_large_VLDL__locus183	TRUE	TRUE	TRUE
Cholesterol_to_total_lipids_ratio_in_very_large_VLDL__locus184	TRUE	TRUE	TRUE
Cholesterol_to_total_lipids_ratio_in_very_large_VLDL__locus185	TRUE	TRUE	TRUE
Cholesterol_to_total_lipids_ratio_in_very_large_VLDL__locus186	TRUE	TRUE	TRUE
Cholesterol_to_total_lipids_ratio_in_very_large_VLDL__locus187	TRUE	TRUE	TRUE
Cholesterol_to_total_lipids_ratio_in_very_large_VLDL__locus188	TRUE	TRUE	TRUE
Cholesterol_to_total_lipids_ratio_in_very_large_VLDL__locus189	TRUE	TRUE	TRUE
Cholesterol_to_total_lipids_ratio_in_very_large_VLDL__locus190	TRUE	TRUE	TRUE
Cholesterol_to_total_lipids_ratio_in_very_large_VLDL__locus191	TRUE	TRUE	TRUE
Cholesterol_to_total_lipids_ratio_in_very_large_VLDL__locus192	TRUE	TRUE	TRUE
Cholesterol_to_total_lipids_ratio_in_very_large_VLDL__locus193	TRUE	TRUE	TRUE
Cholesterol_to_total_lipids_ratio_in_very_large_VLDL__locus194	TRUE	TRUE	TRUE
Cholesterol_to_total_lipids_ratio_in_very_large_VLDL__locus195	TRUE	TRUE	TRUE
Cholesterol_to_total_lipids_ratio_in_very_large_VLDL__locus196	TRUE	TRUE	TRUE
Cholesterol_to_total_lipids_ratio_in_very_large_VLDL__locus197	TRUE	TRUE	TRUE
Cholesterol_to_total_lipids_ratio_in_very_large_VLDL__locus198	TRUE	TRUE	TRUE
Cholesterol_to_total_lipids_ratio_in_very_large_VLDL__locus199	TRUE	TRUE	TRUE
Cholesterol_to_total_lipids_ratio_in_very_large_VLDL__locus200	TRUE	TRUE	TRUE
Cholesterol_to_total_lipids_ratio_in_very_large_VLDL__locus201	TRUE	TRUE	TRUE
Cholesterol_to_total_lipids_ratio_in_very_large_VLDL__locus202	TRUE	TRUE	TRUE
Cholesterol_to_total_lipids_ratio_in_very_large_VLDL__locus203	TRUE	TRUE	TRUE
Cholesterol_to_total_lipids_ratio_in_very_large_VLDL__locus204	TRUE	TRUE	TRUE
Cholesterol_to_total_lipids_ratio_in_very_large_VLDL__locus205	TRUE	TRUE	TRUE
Cholesterol_to_total_lipids_ratio_in_very_large_VLDL__locus206	TRUE	TRUE	TRUE
Cholesterol_to_total_lipids_ratio_in_very_large_VLDL__locus207	TRUE	TRUE	TRUE
Cholesterol_to_total_lipids_ratio_in_very_large_VLDL__locus208	TRUE	TRUE	TRUE
Cholesterol_to_total_lipids_ratio_in_very_large_VLDL__locus209	TRUE	TRUE	TRUE
Cholesterol_to_total_lipids_ratio_in_very_large_VLDL__locus210	TRUE	TRUE	TRUE
Cholesterol_to_total_lipids_ratio_in_very_large_VLDL__locus211	TRUE	TRUE	TRUE
Cholesterol_to_total_lipids_ratio_in_very_large_VLDL__locus212	TRUE	TRUE	TRUE
Cholesterol_to_total_lipids_ratio_in_very_large_VLDL__locus213	TRUE	TRUE	TRUE
Cholesterol_to_total_lipids_ratio_in_very_large_VLDL__locus214	TRUE	TRUE	TRUE
Cholesterol_to_total_lipids_ratio_in_very_large_VLDL__locus215	TRUE	TRUE	TRUE
Cholesterol_to_total_lipids_ratio_in_very_large_VLDL__locus216	TRUE	TRUE	TRUE
Cholesterol_to_total_lipids_ratio_in_very_large_VLDL__locus217	TRUE	TRUE	TRUE
Cholesterol_to_total_lipids_ratio_in_very_large_VLDL__locus218	TRUE	TRUE	TRUE
Cholesterol_to_total_lipids_ratio_in_very_large_VLDL__locus219	TRUE	TRUE	TRUE
Cholesterol_to_total_lipids_ratio_in_very_large_VLDL__locus220	TRUE	TRUE	TRUE
Cholesterol_to_total_lipids_ratio_in_very_large_VLDL__locus221	TRUE	TRUE	TRUE
Cholesterol_to_total_lipids_ratio_in_very_large_VLDL__locus222	TRUE	TRUE	TRUE
Cholesterol_to_total_lipids_ratio_in_very_large_VLDL__locus223	TRUE	TRUE	TRUE
Cholesterol_to_total_lipids_ratio_in_very_large_VLDL__locus224	TRUE	TRUE	TRUE
Cholesterol_to_total_lipids_ratio_in_very_large_VLDL__locus225	TRUE	TRUE	TRUE
Cholesterol_to_total_lipids_ratio_in_very_large_VLDL__locus226	TRUE	TRUE	TRUE
Cholesterol_to_total_lipids_ratio_in_very_large_VLDL__locus227	TRUE	TRUE	TRUE
Cholesterol_to_total_lipids_ratio_in_very_large_VLDL__locus228	TRUE	TRUE	TRUE
Cholesterol_to_total_lipids_ratio_in_very_large_VLDL__locus229	TRUE	TRUE	TRUE
Cholesterol_to_total_lipids_ratio_in_very_large_VLDL__locus230	TRUE	TRUE	TRUE
Cholesterol_to_total_lipids_ratio_in_very_large_VLDL__locus231	TRUE	TRUE	TRUE
Cholesterol_to_total_lipids_ratio_in_very_large_VLDL__locus232	TRUE	TRUE	TRUE
Cholesterol_to_total_lipids_ratio_in_very_large_VLDL__locus233	TRUE	TRUE	TRUE
Cholesterol_to_total_lipids_ratio_in_very_large_VLDL__locus234	TRUE	TRUE	TRUE
Cholesterol_to_total_lipids_ratio_in_very_large_VLDL__locus235	TRUE	TRUE	TRUE
Cholesterol_to_total_lipids_ratio_in_very_large_VLDL__locus236	TRUE	TRUE	TRUE
Cholesterol_to_total_lipids_ratio_in_very_large_VLDL__locus237	TRUE	TRUE	TRUE
Cholesterol_to_total_lipids_ratio_in_very_large_VLDL__locus238	TRUE	TRUE	TRUE
Cholesterol_to_total_lipids_ratio_in_very_large_VLDL__locus239	TRUE	TRUE	TRUE
Cholesterol_to_total_lipids_ratio_in_very_large_VLDL__locus240	TRUE	TRUE	TRUE
Cholesterol_to_total_lipids_ratio_in_very_large_VLDL__locus241	TRUE	TRUE	TRUE
Cholesterol_to_total_lipids_ratio_in_very_large_VLDL__locus242	TRUE	TRUE	TRUE
Cholesterol_to_total_lipids_ratio_in_very_large_VLDL__locus243	TRUE	TRUE	TRUE
Cholesterol_to_total_lipids_ratio_in_very_large_VLDL__locus244	TRUE	TRUE	TRUE
Cholesterol_to_total_lipids_ratio_in_very_large_VLDL__locus245	TRUE	TRUE	TRUE
Cholesterol_to_total_lipids_ratio_in_very_large_VLDL__locus246	TRUE	TRUE	TRUE
Cholesterol_to_total_lipids_ratio_in_very_large_VLDL__locus247	TRUE	TRUE	TRUE
Cholesterol_to_total_lipids_ratio_in_very_large_VLDL__locus248	TRUE	TRUE	TRUE
Cholesterol_to_total_lipids_ratio_in_very_large_VLDL__locus249	TRUE	TRUE	TRUE
Cholesterol_to_total_lipids_ratio_in_very_large_VLDL__locus250	TRUE	TRUE	TRUE
Cholesterol_to_total_lipids_ratio_in_very_large_VLDL__locus251	TRUE	TRUE	TRUE
Cholesterol_to_total_lipids_ratio_in_very_large_VLDL__locus252	TRUE	TRUE	TRUE
Cholesterol_to_total_lipids_ratio_in_very_large_VLDL__locus253	TRUE	TRUE	TRUE
Cholesterol_to_total_lipids_ratio_in_very_large_VLDL__locus254	TRUE	TRUE	TRUE
Cholesterol_to_total_lipids_ratio_in_very_large_VLDL__locus255	TRUE	TRUE	TRUE
Cholesterol_to_total_lipids_ratio_in_very_large_VLDL__locus256	TRUE	TRUE	TRUE
Cholesterol_to_total_lipids_ratio_in_very_large_VLDL__locus257	TRUE	TRUE	TRUE
Cholesterol_to_total_lipids_ratio_in_very_large_VLDL__locus258	TRUE	TRUE	TRUE
Cholesterol_to_total_lipids_ratio_in_very_large_VLDL__locus259	TRUE	TRUE	TRUE
Cholesterol_to_total_lipids_ratio_in_very_large_VLDL__locus260	TRUE	TRUE	TRUE
Cholesterol_to_total_lipids_ratio_in_very_large_VLDL__locus261	TRUE	TRUE	TRUE
Cholesterol_to_total_lipids_ratio_in_very_large_VLDL__locus262	TRUE	TRUE	TRUE
Cholesterol_to_total_lipids_ratio_in_very_large_VLDL__locus263	TRUE	TRUE	TRUE
Cholesterol_to_total_lipids_ratio_in_very_large_VLDL__locus264	TRUE	TRUE	TRUE
Cholesterol_to_total_lipids_ratio_in_very_large_VLDL__locus265	TRUE	TRUE	TRUE
Cholesterol_to_total_lipids_ratio_in_very_large_VLDL__locus266	TRUE	TRUE	TRUE
Cholesterol_to_total_lipids_ratio_in_very_large_VLDL__locus267	TRUE	TRUE	TRUE
Cholesterol_to_total_lipids_ratio_in_very_large_VLDL__locus268	TRUE	TRUE	TRUE
Cholesterol_to_total_lipids_ratio_in_very_large_VLDL__locus269	TRUE	TRUE	TRUE
Cholesterol_to_total_lipids_ratio_in_very_large_VLDL__locus270	TRUE	TRUE	TRUE
Cholesterol_to_total_lipids_ratio_in_very_large_VLDL__locus271	TRUE	TRUE	TRUE
Cholesterol_to_total_lipids_ratio_in_very_large_VLDL__locus272	TRUE	TRUE	TRUE
Cholesterol_to_total_lipids_ratio_in_very_large_VLDL__locus273	TRUE	TRUE	TRUE
Cholesterol_to_total_lipids_ratio_in_very_large_VLDL__locus274	TRUE	TRUE	TRUE
Cholesterol_to_total_lipids_ratio_in_very_large_VLDL__locus275	TRUE	TRUE	TRUE
Cholesterol_to_total_lipids_ratio_in_very_large_VLDL__locus276	TRUE	TRUE	TRUE
Cholesterol_to_total_lipids_ratio_in_very_large_VLDL__locus277	TRUE	TRUE	TRUE
Cholesterol_to_total_lipids_ratio_in_very_large_VLDL__locus278	TRUE	TRUE	TRUE
Cholesterol_to_total_lipids_ratio_in_very_large_VLDL__locus279	TRUE	TRUE	TRUE
Cholesterol_to_total_lipids_ratio_in_very_large_VLDL__locus280	TRUE	TRUE	TRUE
Cholesterol_to_total_lipids_ratio_in_very_large_VLDL__locus281	TRUE	TRUE	TRUE
Cholesterol_to_total_lipids_ratio_in_very_large_VLDL__locus282	TRUE	TRUE	TRUE
Cholesterol_to_total_lipids_ratio_in_very_large_VLDL__locus283	TRUE	TRUE	TRUE
Cholesterol_to_total_lipids_ratio_in_very_large_VLDL__locus284	TRUE	TRUE	TRUE
Cholesterol_to_total_lipids_ratio_in_very_large_VLDL__locus285	TRUE	TRUE	TRUE
Cholesterol_to_total_lipids_ratio_in_very_large_VLDL__locus286	TRUE	TRUE	TRUE
Cholesterol_to_total_lipids_ratio_in_very_large_VLDL__locus287	TRUE	TRUE	TRUE
Cholesterol_to_total_lipids_ratio_in_very_large_VLDL__locus288	TRUE	TRUE	TRUE
Cholesterol_to_total_lipids_ratio_in_very_large_VLDL__locus289	TRUE	TRUE	TRUE
Cholesterol_to_total_lipids_ratio_in_very_large_VLDL__locus290	TRUE	TRUE	TRUE
Cholesterol_to_total_lipids_ratio_in_very_large_VLDL__locus291	TRUE	TRUE	TRUE
Cholesterol_to_total_lipids_ratio_in_very_large_VLDL__locus292	TRUE	TRUE	TRUE
Cholesterol_to_total_lipids_ratio_in_very_large_VLDL__locus293	TRUE	TRUE	TRUE
Cholesterol_to_total_lipids_ratio_in_very_large_VLDL__locus294	TRUE	TRUE	TRUE
Cholesterol_to_total_lipids_ratio_in_very_large_VLDL__locus295	TRUE	TRUE	TRUE
Cholesterol_to_total_lipids_ratio_in_very_large_VLDL__locus296	TRUE	TRUE	TRUE
Cholesterol_to_total_lipids_ratio_in_very_large_VLDL__locus297	TRUE	TRUE	TRUE
Cholesterol_to_total_lipids_ratio_in_very_large_VLDL__locus298	TRUE	TRUE	TRUE
Cholesterol_to_total_lipids_ratio_in_very_large_VLDL__locus299	TRUE	TRUE	TRUE
Cholesterol_to_total_lipids_ratio_in_very_large_VLDL__locus300	TRUE	TRUE	TRUE
Cholesterol_to_total_lipids_ratio_in_very_large_VLDL__locus301	TRUE	TRUE	TRUE
Cholesterol_to_total_lipids_ratio_in_very_large_VLDL__locus302	TRUE	TRUE	TRUE
Cholesterol_to_total_lipids_ratio_in_very_large_VLDL__locus303	TRUE	TRUE	TRUE
Cholesterol_to_total_lipids_ratio_in_very_large_VLDL__locus304	TRUE	TRUE	TRUE
Cholesterol_to_total_lipids_ratio_in_very_large_VLDL__locus305	TRUE	TRUE	TRUE
Cholesterol_to_total_lipids_ratio_in_very_large_VLDL__locus306	TRUE	TRUE	TRUE
Cholesterol_to_total_lipids_ratio_in_very_large_VLDL__locus307	TRUE	TRUE	TRUE
Cholesterol_to_total_lipids_ratio_in_very_large_VLDL__locus308	TRUE	TRUE	TRUE
Cholesterol_to_total_lipids_ratio_in_very_large_VLDL__locus309	TRUE	TRUE	TRUE
Cholesterol_to_total_lipids_ratio_in_very_large_VLDL__locus310	TRUE	TRUE	TRUE
Cholesterol_to_total_lipids_ratio_in_very_large_VLDL__locus311	TRUE	TRUE	TRUE
Cholesterol_to_total_lipids_ratio_in_very_large_VLDL__locus312	TRUE	TRUE	TRUE
Cholesterol_to_total_lipids_ratio_in_very_large_VLDL__locus313	TRUE	TRUE	TRUE
Cholesterol_to_total_lipids_ratio_in_very_large_VLDL__locus314	TRUE	TRUE	TRUE
Cholesterol_to_total_lipids_ratio_in_very_large_VLDL__locus315	TRUE	TRUE	TRUE
Cholesterol_to_total_lipids_ratio_in_very_large_VLDL__locus316	TRUE	TRUE	TRUE
Cholesterol_to_total_lipids_ratio_in_very_large_VLDL__locus317	TRUE	TRUE	TRUE
Cholesterol_to_total_lipids_ratio_in_very_large_VLDL__locus318	TRUE	TRUE	TRUE
Cholesterol_to_total_lipids_ratio_in_very_large_VLDL__locus319	TRUE	TRUE	TRUE
Cholesterol_to_total_lipids_ratio_in_very_large_VLDL__locus320	TRUE	TRUE	TRUE
Cholesterol_to_total_lipids_ratio_in_very_large_VLDL__locus321	TRUE	TRUE	TRUE
Cholesterol_to_total_lipids_ratio_in_very_large_VLDL__locus322	TRUE	TRUE	TRUE
Cholesterol_to_total_lipids_ratio_in_very_large_VLDL__locus323	TRUE	TRUE	TRUE
Cholesterol_to_total_lipids_ratio_in_very_large_VLDL__locus324	TRUE	TRUE	TRUE
Cholesterol_to_total_lipids_ratio_in_very_large_VLDL__locus325	TRUE	TRUE	TRUE
Cholesterol_to_total_lipids_ratio_in_very_large_VLDL__locus326	TRUE	TRUE	TRUE
Cholesterol_to_total_lipids_ratio_in_very_large_VLDL__locus327	TRUE	TRUE	TRUE
Cholesterol_to_total_lipids_ratio_in_very_large_VLDL__locus328	TRUE	TRUE	TRUE
Cholesterol_to_total_lipids_ratio_in_very_large_VLDL__locus329	TRUE	TRUE	TRUE
Cholesterol_to_total_lipids_ratio_in_very_large_VLDL__locus330	TRUE	TRUE	TRUE
Cholesterol_to_total_lipids_ratio_in_very_large_VLDL__locus331	TRUE	TRUE	TRUE
Cholesterol_to_total_lipids_ratio_in_very_large_VLDL__locus332	TRUE	TRUE	TRUE
Cholesterol_to_total_lipids_ratio_in_very_large_VLDL__locus333	TRUE	TRUE	TRUE
Cholesterol_to_total_lipids_ratio_in_very_large_VLDL__locus334	TRUE	TRUE	TRUE
Cholesterol_to_total_lipids_ratio_in_very_large_VLDL__locus335	TRUE	TRUE	TRUE
Cholesterol_to_total_lipids_ratio_in_very_large_VLDL__locus336	TRUE	TRUE	TRUE
Cholesterol_to_total_lipids_ratio_in_very_large_VLDL__locus337	TRUE	TRUE	TRUE
Cholesterol_to_total_lipids_ratio_in_very_large_VLDL__locus338	TRUE	TRUE	TRUE
Cholesterol_to_total_lipids_ratio_in_very_large_VLDL__locus339	TRUE	TRUE	TRUE
Cholesterol_to_total_lipids_ratio_in_very_large_VLDL__locus340	TRUE	TRUE	TRUE
Cholesterol_to_total_lipids_ratio_in_very_large_VLDL__locus341	TRUE	TRUE	TRUE
Cholesterol_to_total_lipids_ratio_in_very_large_VLDL__locus342	TRUE	TRUE	TRUE
Cholesterol_to_total_lipids_ratio_in_very_large_VLDL__locus343	TRUE	TRUE	TRUE
Cholesterol_to_total_lipids_ratio_in_very_large_VLDL__locus344	TRUE	TRUE	TRUE
Cholesterol_to_total_lipids_ratio_in_very_large_VLDL__locus345	TRUE	TRUE	TRUE
Cholesterol_to_total_lipids_ratio_in_very_large_VLDL__locus346	TRUE	TRUE	TRUE
Cholesterol_to_total_lipids_ratio_in_very_large_VLDL__locus347	TRUE	TRUE	TRUE
Cholesterol_to_total_lipids_ratio_in_very_large_VLDL__locus348	TRUE	TRUE	TRUE
Cholesterol_to_total_lipids_ratio_in_very_large_VLDL__locus349	TRUE	TRUE	TRUE
Cholesterol_to_total_lipids_ratio_in_very_large_VLDL__locus350	TRUE	TRUE	TRUE
Cholesterol_to_total_lipids_ratio_in_very_large_VLDL__locus351	TRUE	TRUE	TRUE
Cholesterol_to_total_lipids_ratio_in_very_large_VLDL__locus352	TRUE	TRUE	TRUE
Cholesterol_to_total_lipids_ratio_in_very_large_VLDL__locus353	TRUE	TRUE	TRUE
Cholesterol_to_total_lipids_ratio_in_very_large_VLDL__locus354	TRUE	TRUE	TRUE
Cholesterol_to_total_lipids_ratio_in_very_large_VLDL__locus355	TRUE	TRUE	TRUE
Cholesterol_to_total_lipids_ratio_in_very_large_VLDL__locus356	TRUE	TRUE	TRUE
Cholesterol_to_total_lipids_ratio_in_very_large_VLDL__locus357	TRUE	TRUE	TRUE
Cholesterol_to_total_lipids_ratio_in_very_large_VLDL__locus358	FALSE	FALSE	FALSE
Cholesterol_to_total_lipids_ratio_in_very_large_VLDL__locus359	TRUE	TRUE	TRUE
Cholesterol_to_total_lipids_ratio_in_very_large_VLDL__locus360	TRUE	TRUE	TRUE
Cholesterol_to_total_lipids_ratio_in_very_large_VLDL__locus361	TRUE	TRUE	TRUE
Cholesterol_to_total_lipids_ratio_in_very_large_VLDL__locus362	TRUE	TRUE	TRUE
Cholesterol_to_total_lipids_ratio_in_very_large_VLDL__locus363	TRUE	TRUE	TRUE
Cholesterol_to_total_lipids_ratio_in_very_large_VLDL__locus364	TRUE	TRUE	TRUE
Cholesterol_to_total_lipids_ratio_in_very_large_VLDL__locus365	TRUE	TRUE	TRUE
Cholesterol_to_total_lipids_ratio_in_very_large_VLDL__locus366	TRUE	TRUE	TRUE
Cholesterol_to_total_lipids_ratio_in_very_large_VLDL__locus367	TRUE	TRUE	TRUE
Cholesterol_to_total_lipids_ratio_in_very_large_VLDL__locus368	TRUE	TRUE	TRUE
Cholesterol_to_total_lipids_ratio_in_very_large_VLDL__locus369	TRUE	TRUE	TRUE
Cholesterol_to_total_lipids_ratio_in_very_large_VLDL__locus370	TRUE	TRUE	TRUE
Cholesterol_to_total_lipids_ratio_in_very_large_VLDL__locus371	TRUE	TRUE	TRUE
Cholesterol_to_total_lipids_ratio_in_very_large_VLDL__locus372	TRUE	TRUE	TRUE
Cholesterol_to_total_lipids_ratio_in_very_large_VLDL__locus373	TRUE	TRUE	TRUE
Cholesterol_to_total_lipids_ratio_in_very_large_VLDL__locus374	TRUE	TRUE	TRUE
Cholesterol_to_total_lipids_ratio_in_very_large_VLDL__locus375	TRUE	TRUE	TRUE
Cholesterol_to_total_lipids_ratio_in_very_large_VLDL__locus376	TRUE	TRUE	TRUE
Cholesterol_to_total_lipids_ratio_in_very_large_VLDL__locus377	TRUE	TRUE	TRUE
Cholesterol_to_total_lipids_ratio_in_very_large_VLDL__locus378	TRUE	TRUE	TRUE
Cholesterol_to_total_lipids_ratio_in_very_large_VLDL__locus379	TRUE	TRUE	TRUE
Cholesterol_to_total_lipids_ratio_in_very_large_VLDL__locus380	TRUE	TRUE	TRUE
Cholesterol_to_total_lipids_ratio_in_very_large_VLDL__locus381	TRUE	TRUE	TRUE
Cholesterol_to_total_lipids_ratio_in_very_large_VLDL__locus382	TRUE	TRUE	TRUE
Cholesterol_to_total_lipids_ratio_in_very_large_VLDL__locus383	TRUE	TRUE	TRUE
Cholesterol_to_total_lipids_ratio_in_very_large_VLDL__locus384	TRUE	TRUE	TRUE
Cholesterol_to_total_lipids_ratio_in_very_large_VLDL__locus385	TRUE	TRUE	TRUE
Cholesterol_to_total_lipids_ratio_in_very_large_VLDL__locus386	TRUE	TRUE	TRUE
Cholesterol_to_total_lipids_ratio_in_very_large_VLDL__locus387	TRUE	TRUE	TRUE
Cholesterol_to_total_lipids_ratio_in_very_large_VLDL__locus388	TRUE	TRUE	TRUE
Cholesterol_to_total_lipids_ratio_in_very_large_VLDL__locus389	TRUE	TRUE	TRUE
Cholesterol_to_total_lipids_ratio_in_very_large_VLDL__locus390	TRUE	TRUE	TRUE
Cholesterol_to_total_lipids_ratio_in_very_large_VLDL__locus391	TRUE	TRUE	TRUE
Cholesterol_to_total_lipids_ratio_in_very_large_VLDL__locus392	FALSE	FALSE	FALSE
Cholesterol_to_total_lipids_ratio_in_very_large_VLDL__locus393	TRUE	TRUE	TRUE
Cholesterol_to_total_lipids_ratio_in_very_large_VLDL__locus394	TRUE	TRUE	TRUE
Cholesterol_to_total_lipids_ratio_in_very_large_VLDL__locus395	TRUE	TRUE	TRUE
Cholesterol_to_total_lipids_ratio_in_very_large_VLDL__locus396	TRUE	TRUE	TRUE
Cholesterol_to_total_lipids_ratio_in_very_large_VLDL__locus397	TRUE	TRUE	TRUE
Cholesterol_to_total_lipids_ratio_in_very_large_VLDL__locus398	TRUE	TRUE	TRUE
Cholesterol_to_total_lipids_ratio_in_very_large_VLDL__locus399	TRUE	TRUE	TRUE
Cholesterol_to_total_lipids_ratio_in_very_large_VLDL__locus400	TRUE	TRUE	TRUE
Cholesterol_to_total_lipids_ratio_in_very_large_VLDL__locus401	TRUE	TRUE	TRUE
Cholesterol_to_total_lipids_ratio_in_very_large_VLDL__locus402	TRUE	TRUE	TRUE
Cholesterol_to_total_lipids_ratio_in_very_large_VLDL__locus403	TRUE	TRUE	TRUE
Cholesterol_to_total_lipids_ratio_in_very_large_VLDL__locus404	TRUE	TRUE	TRUE
Cholesterol_to_total_lipids_ratio_in_very_large_VLDL__locus405	TRUE	TRUE	TRUE
Cholesterol_to_total_lipids_ratio_in_very_large_VLDL__locus406	TRUE	TRUE	TRUE
Cholesteryl_esters_to_total_lipids_ratio_in_medium_VLDL__locus001	TRUE	TRUE	TRUE
Cholesteryl_esters_to_total_lipids_ratio_in_medium_VLDL__locus002	TRUE	TRUE	TRUE
Cholesteryl_esters_to_total_lipids_ratio_in_medium_VLDL__locus003	TRUE	TRUE	TRUE
Cholesteryl_esters_to_total_lipids_ratio_in_medium_VLDL__locus004	TRUE	TRUE	TRUE
Cholesteryl_esters_to_total_lipids_ratio_in_medium_VLDL__locus005	TRUE	TRUE	TRUE
Cholesteryl_esters_to_total_lipids_ratio_in_medium_VLDL__locus006	TRUE	TRUE	TRUE
Cholesteryl_esters_to_total_lipids_ratio_in_medium_VLDL__locus007	TRUE	TRUE	TRUE
Cholesteryl_esters_to_total_lipids_ratio_in_medium_VLDL__locus008	TRUE	TRUE	TRUE
Cholesteryl_esters_to_total_lipids_ratio_in_medium_VLDL__locus009	TRUE	TRUE	TRUE
Cholesteryl_esters_to_total_lipids_ratio_in_medium_VLDL__locus010	TRUE	TRUE	TRUE
Cholesteryl_esters_to_total_lipids_ratio_in_medium_VLDL__locus011	TRUE	TRUE	TRUE
Cholesteryl_esters_to_total_lipids_ratio_in_medium_VLDL__locus012	FALSE	FALSE	FALSE
Cholesteryl_esters_to_total_lipids_ratio_in_medium_VLDL__locus013	TRUE	TRUE	TRUE
Cholesteryl_esters_to_total_lipids_ratio_in_medium_VLDL__locus014	TRUE	TRUE	TRUE
Cholesteryl_esters_to_total_lipids_ratio_in_medium_VLDL__locus015	TRUE	TRUE	TRUE
Cholesteryl_esters_to_total_lipids_ratio_in_medium_VLDL__locus016	TRUE	TRUE	TRUE
Cholesteryl_esters_to_total_lipids_ratio_in_medium_VLDL__locus017	TRUE	TRUE	TRUE
Cholesteryl_esters_to_total_lipids_ratio_in_medium_VLDL__locus018	TRUE	TRUE	TRUE
Cholesteryl_esters_to_total_lipids_ratio_in_medium_VLDL__locus019	TRUE	TRUE	TRUE
Cholesteryl_esters_to_total_lipids_ratio_in_medium_VLDL__locus020	TRUE	TRUE	TRUE
Cholesteryl_esters_to_total_lipids_ratio_in_medium_VLDL__locus021	TRUE	TRUE	TRUE
Cholesteryl_esters_to_total_lipids_ratio_in_medium_VLDL__locus022	TRUE	TRUE	TRUE
Cholesteryl_esters_to_total_lipids_ratio_in_medium_VLDL__locus023	TRUE	TRUE	TRUE
Cholesteryl_esters_to_total_lipids_ratio_in_medium_VLDL__locus024	TRUE	TRUE	TRUE
Cholesteryl_esters_to_total_lipids_ratio_in_medium_VLDL__locus025	TRUE	TRUE	TRUE
Cholesteryl_esters_to_total_lipids_ratio_in_medium_VLDL__locus026	TRUE	TRUE	TRUE
Cholesteryl_esters_to_total_lipids_ratio_in_medium_VLDL__locus027	TRUE	TRUE	TRUE
Cholesteryl_esters_to_total_lipids_ratio_in_medium_VLDL__locus028	TRUE	TRUE	TRUE
Cholesteryl_esters_to_total_lipids_ratio_in_medium_VLDL__locus029	TRUE	TRUE	TRUE
Cholesteryl_esters_to_total_lipids_ratio_in_medium_VLDL__locus030	TRUE	TRUE	TRUE
Cholesteryl_esters_to_total_lipids_ratio_in_medium_VLDL__locus031	TRUE	TRUE	TRUE
Cholesteryl_esters_to_total_lipids_ratio_in_medium_VLDL__locus032	TRUE	TRUE	TRUE
Cholesteryl_esters_to_total_lipids_ratio_in_medium_VLDL__locus033	TRUE	TRUE	TRUE
Cholesteryl_esters_to_total_lipids_ratio_in_medium_VLDL__locus034	TRUE	TRUE	TRUE
Cholesteryl_esters_to_total_lipids_ratio_in_medium_VLDL__locus035	TRUE	TRUE	TRUE
Cholesteryl_esters_to_total_lipids_ratio_in_medium_VLDL__locus036	TRUE	TRUE	TRUE
Cholesteryl_esters_to_total_lipids_ratio_in_medium_VLDL__locus037	TRUE	TRUE	TRUE
Cholesteryl_esters_to_total_lipids_ratio_in_medium_VLDL__locus038	TRUE	TRUE	TRUE
Cholesteryl_esters_to_total_lipids_ratio_in_medium_VLDL__locus039	TRUE	TRUE	TRUE
Cholesteryl_esters_to_total_lipids_ratio_in_medium_VLDL__locus040	TRUE	TRUE	TRUE
Cholesteryl_esters_to_total_lipids_ratio_in_medium_VLDL__locus041	TRUE	TRUE	TRUE
Cholesteryl_esters_to_total_lipids_ratio_in_medium_VLDL__locus042	TRUE	TRUE	TRUE
Cholesteryl_esters_to_total_lipids_ratio_in_medium_VLDL__locus043	TRUE	TRUE	TRUE
Cholesteryl_esters_to_total_lipids_ratio_in_medium_VLDL__locus044	TRUE	TRUE	TRUE
Cholesteryl_esters_to_total_lipids_ratio_in_medium_VLDL__locus045	TRUE	TRUE	TRUE
Cholesteryl_esters_to_total_lipids_ratio_in_medium_VLDL__locus046	TRUE	TRUE	TRUE
Cholesteryl_esters_to_total_lipids_ratio_in_medium_VLDL__locus047	TRUE	TRUE	TRUE
Cholesteryl_esters_to_total_lipids_ratio_in_medium_VLDL__locus048	TRUE	TRUE	TRUE
Cholesteryl_esters_to_total_lipids_ratio_in_medium_VLDL__locus049	TRUE	TRUE	TRUE
Cholesteryl_esters_to_total_lipids_ratio_in_medium_VLDL__locus050	TRUE	TRUE	TRUE
Cholesteryl_esters_to_total_lipids_ratio_in_medium_VLDL__locus051	TRUE	TRUE	TRUE
Cholesteryl_esters_to_total_lipids_ratio_in_medium_VLDL__locus052	TRUE	TRUE	TRUE
Cholesteryl_esters_to_total_lipids_ratio_in_medium_VLDL__locus053	TRUE	TRUE	TRUE
Cholesteryl_esters_to_total_lipids_ratio_in_medium_VLDL__locus054	TRUE	TRUE	TRUE
Cholesteryl_esters_to_total_lipids_ratio_in_medium_VLDL__locus055	TRUE	TRUE	TRUE
Cholesteryl_esters_to_total_lipids_ratio_in_medium_VLDL__locus056	TRUE	TRUE	TRUE
Cholesteryl_esters_to_total_lipids_ratio_in_medium_VLDL__locus057	TRUE	TRUE	FALSE
Cholesteryl_esters_to_total_lipids_ratio_in_medium_VLDL__locus058	TRUE	TRUE	TRUE
Cholesteryl_esters_to_total_lipids_ratio_in_medium_VLDL__locus059	TRUE	TRUE	TRUE
Cholesteryl_esters_to_total_lipids_ratio_in_medium_VLDL__locus060	TRUE	TRUE	TRUE
Cholesteryl_esters_to_total_lipids_ratio_in_medium_VLDL__locus061	TRUE	TRUE	TRUE
Cholesteryl_esters_to_total_lipids_ratio_in_medium_VLDL__locus062	TRUE	TRUE	TRUE
Cholesteryl_esters_to_total_lipids_ratio_in_medium_VLDL__locus063	TRUE	TRUE	TRUE
Cholesteryl_esters_to_total_lipids_ratio_in_medium_VLDL__locus064	TRUE	TRUE	TRUE
Cholesteryl_esters_to_total_lipids_ratio_in_medium_VLDL__locus065	TRUE	TRUE	TRUE
Cholesteryl_esters_to_total_lipids_ratio_in_medium_VLDL__locus066	TRUE	TRUE	TRUE
Cholesteryl_esters_to_total_lipids_ratio_in_medium_VLDL__locus067	TRUE	TRUE	TRUE
Cholesteryl_esters_to_total_lipids_ratio_in_medium_VLDL__locus068	TRUE	TRUE	TRUE
Cholesteryl_esters_to_total_lipids_ratio_in_medium_VLDL__locus069	TRUE	TRUE	TRUE
Cholesteryl_esters_to_total_lipids_ratio_in_medium_VLDL__locus070	TRUE	TRUE	TRUE
Cholesteryl_esters_to_total_lipids_ratio_in_medium_VLDL__locus071	TRUE	TRUE	TRUE
Cholesteryl_esters_to_total_lipids_ratio_in_medium_VLDL__locus072	TRUE	TRUE	TRUE
Cholesteryl_esters_to_total_lipids_ratio_in_medium_VLDL__locus073	TRUE	TRUE	TRUE
Cholesteryl_esters_to_total_lipids_ratio_in_medium_VLDL__locus074	TRUE	TRUE	TRUE
Cholesteryl_esters_to_total_lipids_ratio_in_medium_VLDL__locus075	TRUE	TRUE	TRUE
Cholesteryl_esters_to_total_lipids_ratio_in_medium_VLDL__locus076	TRUE	TRUE	TRUE
Cholesteryl_esters_to_total_lipids_ratio_in_medium_VLDL__locus077	TRUE	TRUE	TRUE
Cholesteryl_esters_to_total_lipids_ratio_in_medium_VLDL__locus078	TRUE	TRUE	TRUE
Cholesteryl_esters_to_total_lipids_ratio_in_medium_VLDL__locus079	TRUE	TRUE	TRUE
Cholesteryl_esters_to_total_lipids_ratio_in_medium_VLDL__locus080	TRUE	TRUE	TRUE
Cholesteryl_esters_to_total_lipids_ratio_in_medium_VLDL__locus081	TRUE	TRUE	TRUE
Cholesteryl_esters_to_total_lipids_ratio_in_medium_VLDL__locus082	TRUE	TRUE	TRUE
Cholesteryl_esters_to_total_lipids_ratio_in_medium_VLDL__locus083	TRUE	TRUE	TRUE
Cholesteryl_esters_to_total_lipids_ratio_in_medium_VLDL__locus084	TRUE	TRUE	TRUE
Cholesteryl_esters_to_total_lipids_ratio_in_medium_VLDL__locus085	TRUE	TRUE	TRUE
Cholesteryl_esters_to_total_lipids_ratio_in_medium_VLDL__locus086	TRUE	TRUE	TRUE
Cholesteryl_esters_to_total_lipids_ratio_in_medium_VLDL__locus087	TRUE	TRUE	TRUE
Cholesteryl_esters_to_total_lipids_ratio_in_medium_VLDL__locus088	TRUE	TRUE	TRUE
Cholesteryl_esters_to_total_lipids_ratio_in_medium_VLDL__locus089	TRUE	TRUE	TRUE
Cholesteryl_esters_to_total_lipids_ratio_in_medium_VLDL__locus090	TRUE	TRUE	TRUE
Cholesteryl_esters_to_total_lipids_ratio_in_medium_VLDL__locus091	TRUE	TRUE	TRUE
Cholesteryl_esters_to_total_lipids_ratio_in_medium_VLDL__locus092	TRUE	TRUE	TRUE
Cholesteryl_esters_to_total_lipids_ratio_in_medium_VLDL__locus093	TRUE	TRUE	TRUE
Cholesteryl_esters_to_total_lipids_ratio_in_medium_VLDL__locus094	TRUE	TRUE	TRUE
Cholesteryl_esters_to_total_lipids_ratio_in_medium_VLDL__locus095	TRUE	TRUE	TRUE
Cholesteryl_esters_to_total_lipids_ratio_in_medium_VLDL__locus096	TRUE	TRUE	TRUE
Cholesteryl_esters_to_total_lipids_ratio_in_medium_VLDL__locus097	TRUE	TRUE	TRUE
Cholesteryl_esters_to_total_lipids_ratio_in_medium_VLDL__locus098	TRUE	TRUE	TRUE
Cholesteryl_esters_to_total_lipids_ratio_in_medium_VLDL__locus099	TRUE	TRUE	TRUE
Cholesteryl_esters_to_total_lipids_ratio_in_medium_VLDL__locus100	TRUE	TRUE	TRUE
Cholesteryl_esters_to_total_lipids_ratio_in_medium_VLDL__locus101	TRUE	TRUE	TRUE
Cholesteryl_esters_to_total_lipids_ratio_in_medium_VLDL__locus102	TRUE	TRUE	TRUE
Cholesteryl_esters_to_total_lipids_ratio_in_medium_VLDL__locus103	TRUE	TRUE	TRUE
Cholesteryl_esters_to_total_lipids_ratio_in_medium_VLDL__locus104	TRUE	TRUE	TRUE
Cholesteryl_esters_to_total_lipids_ratio_in_medium_VLDL__locus105	TRUE	TRUE	TRUE
Cholesteryl_esters_to_total_lipids_ratio_in_medium_VLDL__locus106	TRUE	TRUE	TRUE
Cholesteryl_esters_to_total_lipids_ratio_in_medium_VLDL__locus107	TRUE	TRUE	TRUE
Cholesteryl_esters_to_total_lipids_ratio_in_medium_VLDL__locus108	TRUE	TRUE	TRUE
Cholesteryl_esters_to_total_lipids_ratio_in_medium_VLDL__locus109	TRUE	TRUE	TRUE
Cholesteryl_esters_to_total_lipids_ratio_in_medium_VLDL__locus110	TRUE	TRUE	TRUE
Cholesteryl_esters_to_total_lipids_ratio_in_medium_VLDL__locus111	TRUE	TRUE	TRUE
Cholesteryl_esters_to_total_lipids_ratio_in_medium_VLDL__locus112	TRUE	TRUE	TRUE
Cholesteryl_esters_to_total_lipids_ratio_in_medium_VLDL__locus113	TRUE	TRUE	TRUE
Cholesteryl_esters_to_total_lipids_ratio_in_medium_VLDL__locus114	TRUE	TRUE	TRUE
Cholesteryl_esters_to_total_lipids_ratio_in_medium_VLDL__locus115	TRUE	TRUE	TRUE
Cholesteryl_esters_to_total_lipids_ratio_in_medium_VLDL__locus116	TRUE	TRUE	TRUE
Cholesteryl_esters_to_total_lipids_ratio_in_medium_VLDL__locus117	TRUE	TRUE	TRUE
Cholesteryl_esters_to_total_lipids_ratio_in_medium_VLDL__locus118	TRUE	TRUE	TRUE
Cholesteryl_esters_to_total_lipids_ratio_in_medium_VLDL__locus119	TRUE	TRUE	TRUE
Cholesteryl_esters_to_total_lipids_ratio_in_medium_VLDL__locus120	TRUE	TRUE	TRUE
Cholesteryl_esters_to_total_lipids_ratio_in_medium_VLDL__locus121	TRUE	TRUE	TRUE
Cholesteryl_esters_to_total_lipids_ratio_in_medium_VLDL__locus122	TRUE	TRUE	TRUE
Cholesteryl_esters_to_total_lipids_ratio_in_medium_VLDL__locus123	TRUE	TRUE	TRUE
Cholesteryl_esters_to_total_lipids_ratio_in_medium_VLDL__locus124	TRUE	TRUE	TRUE
Cholesteryl_esters_to_total_lipids_ratio_in_medium_VLDL__locus125	TRUE	TRUE	TRUE
Cholesteryl_esters_to_total_lipids_ratio_in_medium_VLDL__locus126	TRUE	TRUE	TRUE
Cholesteryl_esters_to_total_lipids_ratio_in_medium_VLDL__locus127	TRUE	TRUE	TRUE
Cholesteryl_esters_to_total_lipids_ratio_in_medium_VLDL__locus128	TRUE	TRUE	TRUE
Cholesteryl_esters_to_total_lipids_ratio_in_medium_VLDL__locus129	TRUE	TRUE	TRUE
Cholesteryl_esters_to_total_lipids_ratio_in_medium_VLDL__locus130	TRUE	TRUE	TRUE
Cholesteryl_esters_to_total_lipids_ratio_in_medium_VLDL__locus131	TRUE	TRUE	TRUE
Cholesteryl_esters_to_total_lipids_ratio_in_medium_VLDL__locus132	TRUE	TRUE	TRUE
Cholesteryl_esters_to_total_lipids_ratio_in_medium_VLDL__locus133	TRUE	TRUE	TRUE
Cholesteryl_esters_to_total_lipids_ratio_in_medium_VLDL__locus134	TRUE	TRUE	TRUE
Cholesteryl_esters_to_total_lipids_ratio_in_medium_VLDL__locus135	TRUE	TRUE	TRUE
Cholesteryl_esters_to_total_lipids_ratio_in_medium_VLDL__locus136	TRUE	TRUE	TRUE
Cholesteryl_esters_to_total_lipids_ratio_in_medium_VLDL__locus137	TRUE	TRUE	TRUE
Cholesteryl_esters_to_total_lipids_ratio_in_medium_VLDL__locus138	TRUE	TRUE	TRUE
Cholesteryl_esters_to_total_lipids_ratio_in_medium_VLDL__locus139	TRUE	TRUE	TRUE
Cholesteryl_esters_to_total_lipids_ratio_in_medium_VLDL__locus140	TRUE	TRUE	TRUE
Cholesteryl_esters_to_total_lipids_ratio_in_medium_VLDL__locus141	TRUE	TRUE	TRUE
Cholesteryl_esters_to_total_lipids_ratio_in_medium_VLDL__locus142	TRUE	TRUE	TRUE
Cholesteryl_esters_to_total_lipids_ratio_in_medium_VLDL__locus143	TRUE	TRUE	TRUE
Cholesteryl_esters_to_total_lipids_ratio_in_medium_VLDL__locus144	TRUE	TRUE	TRUE
Cholesteryl_esters_to_total_lipids_ratio_in_medium_VLDL__locus145	TRUE	TRUE	TRUE
Cholesteryl_esters_to_total_lipids_ratio_in_medium_VLDL__locus146	TRUE	TRUE	TRUE
Cholesteryl_esters_to_total_lipids_ratio_in_medium_VLDL__locus147	TRUE	TRUE	TRUE
Cholesteryl_esters_to_total_lipids_ratio_in_medium_VLDL__locus148	TRUE	TRUE	TRUE
Cholesteryl_esters_to_total_lipids_ratio_in_medium_VLDL__locus149	TRUE	TRUE	TRUE
Cholesteryl_esters_to_total_lipids_ratio_in_medium_VLDL__locus150	TRUE	TRUE	TRUE
Cholesteryl_esters_to_total_lipids_ratio_in_medium_VLDL__locus151	TRUE	TRUE	TRUE
Cholesteryl_esters_to_total_lipids_ratio_in_medium_VLDL__locus152	TRUE	TRUE	TRUE
Cholesteryl_esters_to_total_lipids_ratio_in_medium_VLDL__locus153	TRUE	TRUE	TRUE
Cholesteryl_esters_to_total_lipids_ratio_in_medium_VLDL__locus154	TRUE	TRUE	TRUE
Cholesteryl_esters_to_total_lipids_ratio_in_medium_VLDL__locus155	TRUE	TRUE	TRUE
Cholesteryl_esters_to_total_lipids_ratio_in_medium_VLDL__locus156	TRUE	TRUE	TRUE
Cholesteryl_esters_to_total_lipids_ratio_in_medium_VLDL__locus157	TRUE	TRUE	TRUE
Cholesteryl_esters_to_total_lipids_ratio_in_medium_VLDL__locus158	TRUE	TRUE	TRUE
Cholesteryl_esters_to_total_lipids_ratio_in_medium_VLDL__locus159	TRUE	TRUE	TRUE
Cholesteryl_esters_to_total_lipids_ratio_in_medium_VLDL__locus160	TRUE	TRUE	TRUE
Cholesteryl_esters_to_total_lipids_ratio_in_medium_VLDL__locus161	TRUE	TRUE	TRUE
Cholesteryl_esters_to_total_lipids_ratio_in_medium_VLDL__locus162	TRUE	TRUE	TRUE
Cholesteryl_esters_to_total_lipids_ratio_in_medium_VLDL__locus163	TRUE	TRUE	TRUE
Cholesteryl_esters_to_total_lipids_ratio_in_medium_VLDL__locus164	TRUE	TRUE	TRUE
Cholesteryl_esters_to_total_lipids_ratio_in_medium_VLDL__locus165	TRUE	TRUE	TRUE
Cholesteryl_esters_to_total_lipids_ratio_in_medium_VLDL__locus166	TRUE	TRUE	TRUE
Cholesteryl_esters_to_total_lipids_ratio_in_medium_VLDL__locus167	TRUE	TRUE	TRUE
Cholesteryl_esters_to_total_lipids_ratio_in_medium_VLDL__locus168	TRUE	TRUE	TRUE
Cholesteryl_esters_to_total_lipids_ratio_in_medium_VLDL__locus169	TRUE	TRUE	TRUE
Cholesteryl_esters_to_total_lipids_ratio_in_medium_VLDL__locus170	TRUE	TRUE	TRUE
Cholesteryl_esters_to_total_lipids_ratio_in_medium_VLDL__locus171	TRUE	TRUE	TRUE
Cholesteryl_esters_to_total_lipids_ratio_in_medium_VLDL__locus172	TRUE	TRUE	TRUE
Cholesteryl_esters_to_total_lipids_ratio_in_medium_VLDL__locus173	TRUE	TRUE	TRUE
Cholesteryl_esters_to_total_lipids_ratio_in_medium_VLDL__locus174	TRUE	TRUE	TRUE
Cholesteryl_esters_to_total_lipids_ratio_in_medium_VLDL__locus175	TRUE	TRUE	TRUE
Cholesteryl_esters_to_total_lipids_ratio_in_medium_VLDL__locus176	TRUE	TRUE	TRUE
Cholesteryl_esters_to_total_lipids_ratio_in_medium_VLDL__locus177	TRUE	TRUE	TRUE
Cholesteryl_esters_to_total_lipids_ratio_in_medium_VLDL__locus178	TRUE	TRUE	TRUE
Cholesteryl_esters_to_total_lipids_ratio_in_medium_VLDL__locus179	TRUE	TRUE	TRUE
Cholesteryl_esters_to_total_lipids_ratio_in_medium_VLDL__locus180	TRUE	TRUE	TRUE
Cholesteryl_esters_to_total_lipids_ratio_in_medium_VLDL__locus181	TRUE	TRUE	TRUE
Cholesteryl_esters_to_total_lipids_ratio_in_medium_VLDL__locus182	TRUE	TRUE	TRUE
Cholesteryl_esters_to_total_lipids_ratio_in_medium_VLDL__locus183	TRUE	TRUE	TRUE
Cholesteryl_esters_to_total_lipids_ratio_in_medium_VLDL__locus184	TRUE	TRUE	TRUE
Cholesteryl_esters_to_total_lipids_ratio_in_medium_VLDL__locus185	TRUE	TRUE	TRUE
Cholesteryl_esters_to_total_lipids_ratio_in_medium_VLDL__locus186	TRUE	TRUE	TRUE
Cholesteryl_esters_to_total_lipids_ratio_in_medium_VLDL__locus187	TRUE	TRUE	TRUE
Cholesteryl_esters_to_total_lipids_ratio_in_medium_VLDL__locus188	TRUE	TRUE	TRUE
Cholesteryl_esters_to_total_lipids_ratio_in_medium_VLDL__locus189	TRUE	TRUE	TRUE
Cholesteryl_esters_to_total_lipids_ratio_in_medium_VLDL__locus190	TRUE	TRUE	TRUE
Cholesteryl_esters_to_total_lipids_ratio_in_medium_VLDL__locus191	TRUE	TRUE	TRUE
Cholesteryl_esters_to_total_lipids_ratio_in_medium_VLDL__locus192	TRUE	TRUE	TRUE
Cholesteryl_esters_to_total_lipids_ratio_in_medium_VLDL__locus193	TRUE	TRUE	TRUE
Cholesteryl_esters_to_total_lipids_ratio_in_medium_VLDL__locus194	TRUE	TRUE	TRUE
Cholesteryl_esters_to_total_lipids_ratio_in_medium_VLDL__locus195	TRUE	TRUE	TRUE
Cholesteryl_esters_to_total_lipids_ratio_in_medium_VLDL__locus196	TRUE	TRUE	TRUE
Cholesteryl_esters_to_total_lipids_ratio_in_medium_VLDL__locus197	TRUE	TRUE	TRUE
Cholesteryl_esters_to_total_lipids_ratio_in_medium_VLDL__locus198	TRUE	TRUE	TRUE
Cholesteryl_esters_to_total_lipids_ratio_in_medium_VLDL__locus199	TRUE	TRUE	TRUE
Cholesteryl_esters_to_total_lipids_ratio_in_medium_VLDL__locus200	TRUE	TRUE	TRUE
Cholesteryl_esters_to_total_lipids_ratio_in_medium_VLDL__locus201	TRUE	TRUE	TRUE
Cholesteryl_esters_to_total_lipids_ratio_in_medium_VLDL__locus202	TRUE	TRUE	TRUE
Cholesteryl_esters_to_total_lipids_ratio_in_medium_VLDL__locus203	TRUE	TRUE	TRUE
Cholesteryl_esters_to_total_lipids_ratio_in_medium_VLDL__locus204	TRUE	TRUE	TRUE
Cholesteryl_esters_to_total_lipids_ratio_in_medium_VLDL__locus205	TRUE	TRUE	TRUE
Cholesteryl_esters_to_total_lipids_ratio_in_medium_VLDL__locus206	TRUE	TRUE	TRUE
Cholesteryl_esters_to_total_lipids_ratio_in_medium_VLDL__locus207	TRUE	TRUE	TRUE
Cholesteryl_esters_to_total_lipids_ratio_in_medium_VLDL__locus208	TRUE	TRUE	TRUE
Cholesteryl_esters_to_total_lipids_ratio_in_medium_VLDL__locus209	TRUE	TRUE	TRUE
Cholesteryl_esters_to_total_lipids_ratio_in_medium_VLDL__locus210	TRUE	TRUE	TRUE
Cholesteryl_esters_to_total_lipids_ratio_in_medium_VLDL__locus211	TRUE	TRUE	TRUE
Cholesteryl_esters_to_total_lipids_ratio_in_medium_VLDL__locus212	TRUE	TRUE	TRUE
Cholesteryl_esters_to_total_lipids_ratio_in_medium_VLDL__locus213	TRUE	TRUE	TRUE
Cholesteryl_esters_to_total_lipids_ratio_in_medium_VLDL__locus214	TRUE	TRUE	TRUE
Cholesteryl_esters_to_total_lipids_ratio_in_medium_VLDL__locus215	TRUE	TRUE	TRUE
Cholesteryl_esters_to_total_lipids_ratio_in_medium_VLDL__locus216	TRUE	TRUE	TRUE
Cholesteryl_esters_to_total_lipids_ratio_in_medium_VLDL__locus217	TRUE	TRUE	TRUE
Cholesteryl_esters_to_total_lipids_ratio_in_medium_VLDL__locus218	TRUE	TRUE	TRUE
Cholesteryl_esters_to_total_lipids_ratio_in_medium_VLDL__locus219	TRUE	TRUE	TRUE
Cholesteryl_esters_to_total_lipids_ratio_in_medium_VLDL__locus220	TRUE	TRUE	TRUE
Cholesteryl_esters_to_total_lipids_ratio_in_medium_VLDL__locus221	TRUE	TRUE	TRUE
Cholesteryl_esters_to_total_lipids_ratio_in_medium_VLDL__locus222	TRUE	TRUE	TRUE
Cholesteryl_esters_to_total_lipids_ratio_in_medium_VLDL__locus223	TRUE	TRUE	TRUE
Cholesteryl_esters_to_total_lipids_ratio_in_medium_VLDL__locus224	TRUE	TRUE	TRUE
Cholesteryl_esters_to_total_lipids_ratio_in_medium_VLDL__locus225	TRUE	TRUE	TRUE
Cholesteryl_esters_to_total_lipids_ratio_in_medium_VLDL__locus226	TRUE	TRUE	TRUE
Cholesteryl_esters_to_total_lipids_ratio_in_medium_VLDL__locus227	TRUE	TRUE	TRUE
Cholesteryl_esters_to_total_lipids_ratio_in_medium_VLDL__locus228	TRUE	TRUE	TRUE
Cholesteryl_esters_to_total_lipids_ratio_in_medium_VLDL__locus229	TRUE	TRUE	TRUE
Cholesteryl_esters_to_total_lipids_ratio_in_medium_VLDL__locus230	TRUE	TRUE	TRUE
Cholesteryl_esters_to_total_lipids_ratio_in_medium_VLDL__locus231	TRUE	TRUE	TRUE
Cholesteryl_esters_to_total_lipids_ratio_in_medium_VLDL__locus232	TRUE	TRUE	TRUE
Cholesteryl_esters_to_total_lipids_ratio_in_medium_VLDL__locus233	TRUE	TRUE	TRUE
Cholesteryl_esters_to_total_lipids_ratio_in_medium_VLDL__locus234	TRUE	TRUE	TRUE
Cholesteryl_esters_to_total_lipids_ratio_in_medium_VLDL__locus235	TRUE	TRUE	TRUE
Cholesteryl_esters_to_total_lipids_ratio_in_medium_VLDL__locus236	TRUE	TRUE	TRUE
Cholesteryl_esters_to_total_lipids_ratio_in_medium_VLDL__locus237	TRUE	TRUE	TRUE
Cholesteryl_esters_to_total_lipids_ratio_in_medium_VLDL__locus238	TRUE	TRUE	TRUE
Cholesteryl_esters_to_total_lipids_ratio_in_medium_VLDL__locus239	TRUE	TRUE	TRUE
Cholesteryl_esters_to_total_lipids_ratio_in_medium_VLDL__locus240	TRUE	TRUE	TRUE
Cholesteryl_esters_to_total_lipids_ratio_in_medium_VLDL__locus241	TRUE	TRUE	TRUE
Cholesteryl_esters_to_total_lipids_ratio_in_medium_VLDL__locus242	TRUE	TRUE	TRUE
Cholesteryl_esters_to_total_lipids_ratio_in_medium_VLDL__locus243	TRUE	TRUE	TRUE
Cholesteryl_esters_to_total_lipids_ratio_in_medium_VLDL__locus244	TRUE	TRUE	TRUE
Cholesteryl_esters_to_total_lipids_ratio_in_medium_VLDL__locus245	TRUE	TRUE	TRUE
Cholesteryl_esters_to_total_lipids_ratio_in_medium_VLDL__locus246	TRUE	TRUE	TRUE
Cholesteryl_esters_to_total_lipids_ratio_in_medium_VLDL__locus247	TRUE	TRUE	TRUE
Cholesteryl_esters_to_total_lipids_ratio_in_medium_VLDL__locus248	TRUE	TRUE	TRUE
Cholesteryl_esters_to_total_lipids_ratio_in_medium_VLDL__locus249	TRUE	TRUE	TRUE
Cholesteryl_esters_to_total_lipids_ratio_in_medium_VLDL__locus250	TRUE	TRUE	TRUE
Cholesteryl_esters_to_total_lipids_ratio_in_medium_VLDL__locus251	TRUE	TRUE	TRUE
Cholesteryl_esters_to_total_lipids_ratio_in_medium_VLDL__locus252	TRUE	TRUE	TRUE
Cholesteryl_esters_to_total_lipids_ratio_in_medium_VLDL__locus253	TRUE	TRUE	TRUE
Cholesteryl_esters_to_total_lipids_ratio_in_medium_VLDL__locus254	TRUE	TRUE	TRUE
Cholesteryl_esters_to_total_lipids_ratio_in_medium_VLDL__locus255	TRUE	TRUE	TRUE
Cholesteryl_esters_to_total_lipids_ratio_in_medium_VLDL__locus256	TRUE	TRUE	TRUE
Cholesteryl_esters_to_total_lipids_ratio_in_medium_VLDL__locus257	TRUE	TRUE	TRUE
Cholesteryl_esters_to_total_lipids_ratio_in_medium_VLDL__locus258	TRUE	TRUE	TRUE
Cholesteryl_esters_to_total_lipids_ratio_in_medium_VLDL__locus259	TRUE	TRUE	TRUE
Cholesteryl_esters_to_total_lipids_ratio_in_medium_VLDL__locus260	TRUE	TRUE	TRUE
Cholesteryl_esters_to_total_lipids_ratio_in_medium_VLDL__locus261	TRUE	TRUE	TRUE
Cholesteryl_esters_to_total_lipids_ratio_in_medium_VLDL__locus262	TRUE	TRUE	TRUE
Cholesteryl_esters_to_total_lipids_ratio_in_medium_VLDL__locus263	TRUE	TRUE	TRUE
Cholesteryl_esters_to_total_lipids_ratio_in_medium_VLDL__locus264	TRUE	TRUE	TRUE
Cholesteryl_esters_to_total_lipids_ratio_in_medium_VLDL__locus265	TRUE	TRUE	TRUE
Cholesteryl_esters_to_total_lipids_ratio_in_medium_VLDL__locus266	TRUE	TRUE	TRUE
Cholesteryl_esters_to_total_lipids_ratio_in_medium_VLDL__locus267	TRUE	TRUE	TRUE
Cholesteryl_esters_to_total_lipids_ratio_in_medium_VLDL__locus268	TRUE	TRUE	TRUE
Cholesteryl_esters_to_total_lipids_ratio_in_medium_VLDL__locus269	TRUE	TRUE	TRUE
Cholesteryl_esters_to_total_lipids_ratio_in_medium_VLDL__locus270	TRUE	TRUE	TRUE
Cholesteryl_esters_to_total_lipids_ratio_in_medium_VLDL__locus271	TRUE	TRUE	TRUE
Cholesteryl_esters_to_total_lipids_ratio_in_medium_VLDL__locus272	TRUE	TRUE	TRUE
Cholesteryl_esters_to_total_lipids_ratio_in_medium_VLDL__locus273	TRUE	TRUE	TRUE
Cholesteryl_esters_to_total_lipids_ratio_in_medium_VLDL__locus274	TRUE	TRUE	TRUE
Cholesteryl_esters_to_total_lipids_ratio_in_medium_VLDL__locus275	TRUE	TRUE	TRUE
Cholesteryl_esters_to_total_lipids_ratio_in_medium_VLDL__locus276	TRUE	TRUE	TRUE
Cholesteryl_esters_to_total_lipids_ratio_in_medium_VLDL__locus277	TRUE	TRUE	TRUE
Cholesteryl_esters_to_total_lipids_ratio_in_medium_VLDL__locus278	TRUE	TRUE	TRUE
Cholesteryl_esters_to_total_lipids_ratio_in_medium_VLDL__locus279	TRUE	TRUE	TRUE
Cholesteryl_esters_to_total_lipids_ratio_in_medium_VLDL__locus280	TRUE	TRUE	TRUE
Cholesteryl_esters_to_total_lipids_ratio_in_medium_VLDL__locus281	TRUE	TRUE	TRUE
Cholesteryl_esters_to_total_lipids_ratio_in_medium_VLDL__locus282	TRUE	TRUE	TRUE
Cholesteryl_esters_to_total_lipids_ratio_in_medium_VLDL__locus283	TRUE	TRUE	TRUE
Cholesteryl_esters_to_total_lipids_ratio_in_medium_VLDL__locus284	TRUE	TRUE	TRUE
Cholesteryl_esters_to_total_lipids_ratio_in_medium_VLDL__locus285	TRUE	TRUE	TRUE
Cholesteryl_esters_to_total_lipids_ratio_in_medium_VLDL__locus286	TRUE	TRUE	TRUE
Cholesteryl_esters_to_total_lipids_ratio_in_medium_VLDL__locus287	TRUE	TRUE	TRUE
Cholesteryl_esters_to_total_lipids_ratio_in_medium_VLDL__locus288	TRUE	TRUE	TRUE
Cholesteryl_esters_to_total_lipids_ratio_in_medium_VLDL__locus289	TRUE	TRUE	TRUE
Cholesteryl_esters_to_total_lipids_ratio_in_medium_VLDL__locus290	TRUE	TRUE	TRUE
Cholesteryl_esters_to_total_lipids_ratio_in_medium_VLDL__locus291	TRUE	TRUE	TRUE
Cholesteryl_esters_to_total_lipids_ratio_in_medium_VLDL__locus292	TRUE	TRUE	TRUE
Cholesteryl_esters_to_total_lipids_ratio_in_medium_VLDL__locus293	TRUE	TRUE	TRUE
Cholesteryl_esters_to_total_lipids_ratio_in_medium_VLDL__locus294	TRUE	TRUE	TRUE
Cholesteryl_esters_to_total_lipids_ratio_in_medium_VLDL__locus295	TRUE	TRUE	TRUE
Cholesteryl_esters_to_total_lipids_ratio_in_medium_VLDL__locus296	TRUE	TRUE	TRUE
Cholesteryl_esters_to_total_lipids_ratio_in_medium_VLDL__locus297	TRUE	TRUE	TRUE
Cholesteryl_esters_to_total_lipids_ratio_in_medium_VLDL__locus298	TRUE	TRUE	TRUE
Cholesteryl_esters_to_total_lipids_ratio_in_medium_VLDL__locus299	TRUE	TRUE	TRUE
Cholesteryl_esters_to_total_lipids_ratio_in_medium_VLDL__locus300	TRUE	TRUE	TRUE
Cholesteryl_esters_to_total_lipids_ratio_in_medium_VLDL__locus301	TRUE	TRUE	TRUE
Cholesteryl_esters_to_total_lipids_ratio_in_medium_VLDL__locus302	TRUE	TRUE	TRUE
Cholesteryl_esters_to_total_lipids_ratio_in_medium_VLDL__locus303	TRUE	TRUE	TRUE
Cholesteryl_esters_to_total_lipids_ratio_in_medium_VLDL__locus304	TRUE	TRUE	TRUE
Cholesteryl_esters_to_total_lipids_ratio_in_medium_VLDL__locus305	TRUE	TRUE	TRUE
Cholesteryl_esters_to_total_lipids_ratio_in_medium_VLDL__locus306	TRUE	TRUE	TRUE
Cholesteryl_esters_to_total_lipids_ratio_in_medium_VLDL__locus307	TRUE	TRUE	TRUE
Cholesteryl_esters_to_total_lipids_ratio_in_medium_VLDL__locus308	TRUE	TRUE	TRUE
Cholesteryl_esters_to_total_lipids_ratio_in_medium_VLDL__locus309	TRUE	TRUE	TRUE
Cholesteryl_esters_to_total_lipids_ratio_in_medium_VLDL__locus310	TRUE	TRUE	TRUE
Cholesteryl_esters_to_total_lipids_ratio_in_medium_VLDL__locus311	TRUE	TRUE	TRUE
Cholesteryl_esters_to_total_lipids_ratio_in_medium_VLDL__locus312	TRUE	TRUE	TRUE
Cholesteryl_esters_to_total_lipids_ratio_in_medium_VLDL__locus313	TRUE	TRUE	TRUE
Cholesteryl_esters_to_total_lipids_ratio_in_medium_VLDL__locus314	TRUE	TRUE	TRUE
Cholesteryl_esters_to_total_lipids_ratio_in_medium_VLDL__locus315	TRUE	TRUE	TRUE
Cholesteryl_esters_to_total_lipids_ratio_in_medium_VLDL__locus316	TRUE	TRUE	TRUE
Cholesteryl_esters_to_total_lipids_ratio_in_medium_VLDL__locus317	TRUE	TRUE	TRUE
Cholesteryl_esters_to_total_lipids_ratio_in_medium_VLDL__locus318	TRUE	TRUE	TRUE
Cholesteryl_esters_to_total_lipids_ratio_in_medium_VLDL__locus319	TRUE	TRUE	TRUE
Cholesteryl_esters_to_total_lipids_ratio_in_medium_VLDL__locus320	TRUE	TRUE	TRUE
Cholesteryl_esters_to_total_lipids_ratio_in_medium_VLDL__locus321	FALSE	FALSE	FALSE
Cholesteryl_esters_to_total_lipids_ratio_in_medium_VLDL__locus322	TRUE	TRUE	TRUE
Cholesteryl_esters_to_total_lipids_ratio_in_medium_VLDL__locus323	TRUE	TRUE	TRUE
Cholesteryl_esters_to_total_lipids_ratio_in_medium_VLDL__locus324	TRUE	TRUE	TRUE
Cholesteryl_esters_to_total_lipids_ratio_in_medium_VLDL__locus325	TRUE	TRUE	TRUE
Cholesteryl_esters_to_total_lipids_ratio_in_medium_VLDL__locus326	TRUE	TRUE	TRUE
Cholesteryl_esters_to_total_lipids_ratio_in_medium_VLDL__locus327	TRUE	TRUE	TRUE
Cholesteryl_esters_to_total_lipids_ratio_in_medium_VLDL__locus328	TRUE	TRUE	TRUE
Cholesteryl_esters_to_total_lipids_ratio_in_medium_VLDL__locus329	TRUE	TRUE	TRUE
Cholesteryl_esters_to_total_lipids_ratio_in_medium_VLDL__locus330	TRUE	TRUE	TRUE
Cholesteryl_esters_to_total_lipids_ratio_in_medium_VLDL__locus331	TRUE	TRUE	TRUE
Cholesteryl_esters_to_total_lipids_ratio_in_medium_VLDL__locus332	TRUE	TRUE	TRUE
Cholesteryl_esters_to_total_lipids_ratio_in_medium_VLDL__locus333	TRUE	TRUE	TRUE
Cholesteryl_esters_to_total_lipids_ratio_in_medium_VLDL__locus334	TRUE	TRUE	TRUE
Cholesteryl_esters_to_total_lipids_ratio_in_medium_VLDL__locus335	TRUE	TRUE	TRUE
Cholesteryl_esters_to_total_lipids_ratio_in_medium_VLDL__locus336	TRUE	TRUE	TRUE
Cholesteryl_esters_to_total_lipids_ratio_in_medium_VLDL__locus337	TRUE	TRUE	TRUE
Cholesteryl_esters_to_total_lipids_ratio_in_medium_VLDL__locus338	TRUE	TRUE	TRUE
Cholesteryl_esters_to_total_lipids_ratio_in_medium_VLDL__locus339	TRUE	TRUE	TRUE
Cholesteryl_esters_to_total_lipids_ratio_in_medium_VLDL__locus340	TRUE	TRUE	TRUE
Cholesteryl_esters_to_total_lipids_ratio_in_medium_VLDL__locus341	TRUE	TRUE	TRUE
Cholesteryl_esters_to_total_lipids_ratio_in_medium_VLDL__locus342	TRUE	TRUE	TRUE
Cholesteryl_esters_to_total_lipids_ratio_in_medium_VLDL__locus343	TRUE	TRUE	TRUE
Cholesteryl_esters_to_total_lipids_ratio_in_medium_VLDL__locus344	TRUE	TRUE	TRUE
Cholesteryl_esters_to_total_lipids_ratio_in_medium_VLDL__locus345	TRUE	TRUE	TRUE
Cholesteryl_esters_to_total_lipids_ratio_in_medium_VLDL__locus346	TRUE	TRUE	TRUE
Cholesteryl_esters_to_total_lipids_ratio_in_medium_VLDL__locus347	TRUE	TRUE	TRUE
Cholesteryl_esters_to_total_lipids_ratio_in_medium_VLDL__locus348	FALSE	FALSE	FALSE
Cholesteryl_esters_to_total_lipids_ratio_in_medium_VLDL__locus349	TRUE	TRUE	TRUE
Cholesteryl_esters_to_total_lipids_ratio_in_medium_VLDL__locus350	TRUE	TRUE	TRUE
Cholesteryl_esters_to_total_lipids_ratio_in_medium_VLDL__locus351	TRUE	TRUE	TRUE
Cholesteryl_esters_to_total_lipids_ratio_in_medium_VLDL__locus352	TRUE	TRUE	TRUE
Cholesteryl_esters_to_total_lipids_ratio_in_medium_VLDL__locus353	TRUE	TRUE	TRUE
Cholesteryl_esters_to_total_lipids_ratio_in_medium_VLDL__locus354	TRUE	TRUE	TRUE
Cholesteryl_esters_to_total_lipids_ratio_in_medium_VLDL__locus355	TRUE	TRUE	TRUE
Cholesteryl_esters_to_total_lipids_ratio_in_medium_VLDL__locus356	TRUE	TRUE	TRUE
Cholesteryl_esters_to_total_lipids_ratio_in_medium_VLDL__locus357	TRUE	TRUE	TRUE
Cholesteryl_esters_to_total_lipids_ratio_in_medium_VLDL__locus358	TRUE	TRUE	TRUE
Cholesteryl_esters_to_total_lipids_ratio_in_medium_VLDL__locus359	TRUE	TRUE	TRUE
Cholesteryl_esters_to_total_lipids_ratio_in_medium_VLDL__locus360	TRUE	TRUE	TRUE
Cholesteryl_esters_to_total_lipids_ratio_in_medium_VLDL__locus361	TRUE	TRUE	TRUE
Cholesteryl_esters_to_total_lipids_ratio_in_medium_VLDL__locus362	TRUE	TRUE	TRUE
Cholesteryl_esters_to_total_lipids_ratio_in_medium_VLDL__locus363	TRUE	TRUE	TRUE
Cholesteryl_esters_to_total_lipids_ratio_in_medium_VLDL__locus364	TRUE	TRUE	TRUE
Cholesteryl_esters_to_total_lipids_ratio_in_medium_VLDL__locus365	TRUE	TRUE	TRUE
Cholesteryl_esters_to_total_lipids_ratio_in_medium_VLDL__locus366	TRUE	TRUE	TRUE
Cholesteryl_esters_to_total_lipids_ratio_in_medium_VLDL__locus367	TRUE	TRUE	TRUE
Cholesteryl_esters_to_total_lipids_ratio_in_medium_VLDL__locus368	TRUE	TRUE	TRUE
Cholesteryl_esters_to_total_lipids_ratio_in_medium_VLDL__locus369	TRUE	TRUE	TRUE
Cholesteryl_esters_to_total_lipids_ratio_in_medium_VLDL__locus370	TRUE	TRUE	TRUE
Cholesteryl_esters_to_total_lipids_ratio_in_medium_VLDL__locus371	TRUE	TRUE	TRUE
Cholesteryl_esters_to_total_lipids_ratio_in_medium_VLDL__locus372	TRUE	TRUE	TRUE
Cholesteryl_esters_to_total_lipids_ratio_in_medium_VLDL__locus373	TRUE	TRUE	TRUE
Cholesteryl_esters_to_total_lipids_ratio_in_medium_VLDL__locus374	TRUE	TRUE	TRUE
Cholesteryl_esters_to_total_lipids_ratio_in_medium_VLDL__locus375	TRUE	TRUE	TRUE
Cholesteryl_esters_to_total_lipids_ratio_in_medium_VLDL__locus376	TRUE	TRUE	TRUE
Cholesteryl_esters_to_total_lipids_ratio_in_medium_VLDL__locus377	TRUE	TRUE	TRUE
Cholesteryl_esters_to_total_lipids_ratio_in_medium_VLDL__locus378	TRUE	TRUE	TRUE
Cholesteryl_esters_to_total_lipids_ratio_in_medium_VLDL__locus379	TRUE	TRUE	TRUE
Cholesteryl_esters_to_total_lipids_ratio_in_medium_VLDL__locus380	TRUE	TRUE	TRUE
Cholesteryl_esters_to_total_lipids_ratio_in_medium_VLDL__locus381	TRUE	TRUE	TRUE
Cholesteryl_esters_to_total_lipids_ratio_in_medium_VLDL__locus382	TRUE	TRUE	TRUE
Cholesteryl_esters_to_total_lipids_ratio_in_medium_VLDL__locus383	TRUE	TRUE	TRUE
Cholesteryl_esters_to_total_lipids_ratio_in_medium_VLDL__locus384	TRUE	TRUE	TRUE
Cholesteryl_esters_to_total_lipids_ratio_in_medium_VLDL__locus385	TRUE	TRUE	TRUE
Cholesteryl_esters_to_total_lipids_ratio_in_medium_VLDL__locus386	TRUE	TRUE	TRUE
Cholesteryl_esters_to_total_lipids_ratio_in_medium_VLDL__locus387	TRUE	TRUE	TRUE
Cholesteryl_esters_to_total_lipids_ratio_in_medium_VLDL__locus388	FALSE	FALSE	FALSE
Cholesteryl_esters_to_total_lipids_ratio_in_medium_VLDL__locus389	TRUE	TRUE	TRUE
Cholesteryl_esters_to_total_lipids_ratio_in_medium_VLDL__locus390	TRUE	TRUE	TRUE
Cholesteryl_esters_to_total_lipids_ratio_in_medium_VLDL__locus391	TRUE	TRUE	TRUE
Cholesteryl_esters_to_total_lipids_ratio_in_medium_VLDL__locus392	TRUE	TRUE	TRUE
Cholesteryl_esters_to_total_lipids_ratio_in_medium_VLDL__locus393	TRUE	TRUE	TRUE
Cholesteryl_esters_to_total_lipids_ratio_in_medium_VLDL__locus394	TRUE	TRUE	TRUE
Cholesteryl_esters_to_total_lipids_ratio_in_medium_VLDL__locus395	TRUE	TRUE	TRUE
Cholesteryl_esters_to_total_lipids_ratio_in_medium_VLDL__locus396	TRUE	TRUE	TRUE
Cholesteryl_esters_to_total_lipids_ratio_in_medium_VLDL__locus397	TRUE	TRUE	TRUE
Cholesteryl_esters_to_total_lipids_ratio_in_medium_VLDL__locus398	TRUE	TRUE	TRUE
Cholesteryl_esters_to_total_lipids_ratio_in_medium_VLDL__locus399	TRUE	TRUE	TRUE
Cholesteryl_esters_to_total_lipids_ratio_in_medium_VLDL__locus400	TRUE	TRUE	TRUE
Cholesteryl_esters_to_total_lipids_ratio_in_medium_VLDL__locus401	TRUE	TRUE	TRUE
Cholesteryl_esters_to_total_lipids_ratio_in_medium_VLDL__locus402	TRUE	TRUE	TRUE
Cholesteryl_esters_to_total_lipids_ratio_in_medium_VLDL__locus403	TRUE	TRUE	TRUE
Cholesteryl_esters_to_total_lipids_ratio_in_medium_VLDL__locus404	TRUE	TRUE	TRUE
Cholesteryl_esters_to_total_lipids_ratio_in_medium_VLDL__locus405	TRUE	TRUE	TRUE
Cholesteryl_esters_to_total_lipids_ratio_in_medium_VLDL__locus406	TRUE	TRUE	TRUE
Cholesteryl_esters_to_total_lipids_ratio_in_medium_VLDL__locus407	TRUE	TRUE	TRUE
Cholesteryl_esters_to_total_lipids_ratio_in_medium_VLDL__locus408	TRUE	TRUE	TRUE
Cholesteryl_esters_to_total_lipids_ratio_in_medium_VLDL__locus409	TRUE	TRUE	TRUE
Cholesteryl_esters_to_total_lipids_ratio_in_medium_VLDL__locus410	TRUE	TRUE	TRUE
Cholesteryl_esters_to_total_lipids_ratio_in_medium_VLDL__locus411	TRUE	TRUE	TRUE
Cholesteryl_esters_to_total_lipids_ratio_in_medium_VLDL__locus412	TRUE	TRUE	TRUE
Cholesteryl_esters_to_total_lipids_ratio_in_medium_VLDL__locus413	TRUE	TRUE	TRUE
Cholesteryl_esters_to_total_lipids_ratio_in_medium_VLDL__locus414	TRUE	TRUE	TRUE
Cholesteryl_esters_to_total_lipids_ratio_in_medium_VLDL__locus415	TRUE	TRUE	TRUE
Cholesteryl_esters_to_total_lipids_ratio_in_medium_VLDL__locus416	TRUE	TRUE	TRUE
Cholesteryl_esters_to_total_lipids_ratio_in_medium_VLDL__locus417	TRUE	TRUE	TRUE
Cholesteryl_esters_to_total_lipids_ratio_in_medium_VLDL__locus418	TRUE	TRUE	TRUE
Cholesteryl_esters_to_total_lipids_ratio_in_medium_VLDL__locus419	TRUE	TRUE	TRUE
Cholesteryl_esters_to_total_lipids_ratio_in_medium_VLDL__locus420	TRUE	TRUE	TRUE
Cholesteryl_esters_to_total_lipids_ratio_in_medium_VLDL__locus421	TRUE	TRUE	TRUE
Cholesteryl_esters_to_total_lipids_ratio_in_medium_VLDL__locus422	TRUE	TRUE	TRUE
Cholesteryl_esters_to_total_lipids_ratio_in_medium_VLDL__locus423	TRUE	TRUE	TRUE
Cholesteryl_esters_to_total_lipids_ratio_in_medium_VLDL__locus424	TRUE	TRUE	TRUE
Cholesteryl_esters_to_total_lipids_ratio_in_medium_VLDL__locus425	TRUE	TRUE	TRUE
Cholesteryl_esters_to_total_lipids_ratio_in_medium_VLDL__locus426	TRUE	TRUE	TRUE
Cholesteryl_esters_to_total_lipids_ratio_in_medium_VLDL__locus427	TRUE	TRUE	TRUE
Cholesteryl_esters_to_total_lipids_ratio_in_medium_VLDL__locus428	TRUE	TRUE	TRUE
Cholesteryl_esters_to_total_lipids_ratio_in_medium_VLDL__locus429	TRUE	TRUE	TRUE
Cholesteryl_esters_to_total_lipids_ratio_in_medium_VLDL__locus430	TRUE	TRUE	TRUE
Cholesteryl_esters_to_total_lipids_ratio_in_medium_VLDL__locus431	FALSE	FALSE	FALSE
Cholesteryl_esters_to_total_lipids_ratio_in_medium_VLDL__locus432	TRUE	TRUE	TRUE
Cholesteryl_esters_to_total_lipids_ratio_in_medium_VLDL__locus433	TRUE	TRUE	TRUE
Cholesteryl_esters_to_total_lipids_ratio_in_medium_VLDL__locus434	TRUE	TRUE	TRUE
Cholesteryl_esters_to_total_lipids_ratio_in_medium_VLDL__locus435	TRUE	TRUE	TRUE
Cholesteryl_esters_to_total_lipids_ratio_in_medium_VLDL__locus436	TRUE	TRUE	TRUE
Cholesteryl_esters_to_total_lipids_ratio_in_medium_VLDL__locus437	TRUE	TRUE	TRUE
Cholesteryl_esters_to_total_lipids_ratio_in_medium_VLDL__locus438	TRUE	TRUE	TRUE
Cholesteryl_esters_to_total_lipids_ratio_in_medium_VLDL__locus439	TRUE	TRUE	TRUE
Cholesteryl_esters_to_total_lipids_ratio_in_medium_VLDL__locus440	TRUE	TRUE	TRUE
Cholesteryl_esters_to_total_lipids_ratio_in_medium_VLDL__locus441	TRUE	TRUE	TRUE
Cholesteryl_esters_to_total_lipids_ratio_in_medium_VLDL__locus442	TRUE	TRUE	TRUE
Cholesteryl_esters_to_total_lipids_ratio_in_medium_VLDL__locus443	TRUE	TRUE	TRUE
Cholesteryl_esters_to_total_lipids_ratio_in_medium_VLDL__locus444	TRUE	TRUE	TRUE
Cholesteryl_esters_to_total_lipids_ratio_in_medium_VLDL__locus445	TRUE	TRUE	TRUE
Cholesteryl_esters_to_total_lipids_ratio_in_medium_VLDL__locus446	TRUE	TRUE	TRUE
Cholesteryl_esters_to_total_lipids_ratio_in_very_small_VLDL__locus001	TRUE	TRUE	TRUE
Cholesteryl_esters_to_total_lipids_ratio_in_very_small_VLDL__locus002	TRUE	TRUE	TRUE
Cholesteryl_esters_to_total_lipids_ratio_in_very_small_VLDL__locus003	TRUE	TRUE	TRUE
Cholesteryl_esters_to_total_lipids_ratio_in_very_small_VLDL__locus004	TRUE	TRUE	TRUE
Cholesteryl_esters_to_total_lipids_ratio_in_very_small_VLDL__locus005	TRUE	TRUE	TRUE
Cholesteryl_esters_to_total_lipids_ratio_in_very_small_VLDL__locus006	TRUE	TRUE	TRUE
Cholesteryl_esters_to_total_lipids_ratio_in_very_small_VLDL__locus007	TRUE	TRUE	TRUE
Cholesteryl_esters_to_total_lipids_ratio_in_very_small_VLDL__locus008	TRUE	TRUE	TRUE
Cholesteryl_esters_to_total_lipids_ratio_in_very_small_VLDL__locus009	TRUE	TRUE	TRUE
Cholesteryl_esters_to_total_lipids_ratio_in_very_small_VLDL__locus010	TRUE	TRUE	TRUE
Cholesteryl_esters_to_total_lipids_ratio_in_very_small_VLDL__locus011	TRUE	TRUE	TRUE
Cholesteryl_esters_to_total_lipids_ratio_in_very_small_VLDL__locus012	FALSE	FALSE	FALSE
Cholesteryl_esters_to_total_lipids_ratio_in_very_small_VLDL__locus013	TRUE	TRUE	TRUE
Cholesteryl_esters_to_total_lipids_ratio_in_very_small_VLDL__locus014	TRUE	TRUE	TRUE
Cholesteryl_esters_to_total_lipids_ratio_in_very_small_VLDL__locus015	TRUE	TRUE	TRUE
Cholesteryl_esters_to_total_lipids_ratio_in_very_small_VLDL__locus016	TRUE	TRUE	TRUE
Cholesteryl_esters_to_total_lipids_ratio_in_very_small_VLDL__locus017	TRUE	TRUE	TRUE
Cholesteryl_esters_to_total_lipids_ratio_in_very_small_VLDL__locus018	TRUE	TRUE	TRUE
Cholesteryl_esters_to_total_lipids_ratio_in_very_small_VLDL__locus019	TRUE	TRUE	TRUE
Cholesteryl_esters_to_total_lipids_ratio_in_very_small_VLDL__locus020	TRUE	TRUE	TRUE
Cholesteryl_esters_to_total_lipids_ratio_in_very_small_VLDL__locus021	TRUE	TRUE	TRUE
Cholesteryl_esters_to_total_lipids_ratio_in_very_small_VLDL__locus022	TRUE	TRUE	TRUE
Cholesteryl_esters_to_total_lipids_ratio_in_very_small_VLDL__locus023	TRUE	TRUE	TRUE
Cholesteryl_esters_to_total_lipids_ratio_in_very_small_VLDL__locus024	TRUE	TRUE	TRUE
Cholesteryl_esters_to_total_lipids_ratio_in_very_small_VLDL__locus025	TRUE	TRUE	TRUE
Cholesteryl_esters_to_total_lipids_ratio_in_very_small_VLDL__locus026	TRUE	TRUE	TRUE
Cholesteryl_esters_to_total_lipids_ratio_in_very_small_VLDL__locus027	TRUE	TRUE	TRUE
Cholesteryl_esters_to_total_lipids_ratio_in_very_small_VLDL__locus028	TRUE	TRUE	TRUE
Cholesteryl_esters_to_total_lipids_ratio_in_very_small_VLDL__locus029	TRUE	TRUE	TRUE
Cholesteryl_esters_to_total_lipids_ratio_in_very_small_VLDL__locus030	TRUE	TRUE	TRUE
Cholesteryl_esters_to_total_lipids_ratio_in_very_small_VLDL__locus031	TRUE	TRUE	TRUE
Cholesteryl_esters_to_total_lipids_ratio_in_very_small_VLDL__locus032	TRUE	TRUE	TRUE
Cholesteryl_esters_to_total_lipids_ratio_in_very_small_VLDL__locus033	TRUE	TRUE	TRUE
Cholesteryl_esters_to_total_lipids_ratio_in_very_small_VLDL__locus034	TRUE	TRUE	TRUE
Cholesteryl_esters_to_total_lipids_ratio_in_very_small_VLDL__locus035	TRUE	TRUE	TRUE
Cholesteryl_esters_to_total_lipids_ratio_in_very_small_VLDL__locus036	TRUE	TRUE	TRUE
Cholesteryl_esters_to_total_lipids_ratio_in_very_small_VLDL__locus037	TRUE	TRUE	TRUE
Cholesteryl_esters_to_total_lipids_ratio_in_very_small_VLDL__locus038	TRUE	TRUE	TRUE
Cholesteryl_esters_to_total_lipids_ratio_in_very_small_VLDL__locus039	TRUE	TRUE	TRUE
Cholesteryl_esters_to_total_lipids_ratio_in_very_small_VLDL__locus040	TRUE	TRUE	TRUE
Cholesteryl_esters_to_total_lipids_ratio_in_very_small_VLDL__locus041	TRUE	TRUE	TRUE
Cholesteryl_esters_to_total_lipids_ratio_in_very_small_VLDL__locus042	TRUE	TRUE	TRUE
Cholesteryl_esters_to_total_lipids_ratio_in_very_small_VLDL__locus043	TRUE	TRUE	TRUE
Cholesteryl_esters_to_total_lipids_ratio_in_very_small_VLDL__locus044	TRUE	TRUE	TRUE
Cholesteryl_esters_to_total_lipids_ratio_in_very_small_VLDL__locus045	TRUE	TRUE	TRUE
Cholesteryl_esters_to_total_lipids_ratio_in_very_small_VLDL__locus046	TRUE	TRUE	TRUE
Cholesteryl_esters_to_total_lipids_ratio_in_very_small_VLDL__locus047	TRUE	TRUE	TRUE
Cholesteryl_esters_to_total_lipids_ratio_in_very_small_VLDL__locus048	TRUE	TRUE	TRUE
Cholesteryl_esters_to_total_lipids_ratio_in_very_small_VLDL__locus049	TRUE	TRUE	TRUE
Cholesteryl_esters_to_total_lipids_ratio_in_very_small_VLDL__locus050	TRUE	TRUE	TRUE
Cholesteryl_esters_to_total_lipids_ratio_in_very_small_VLDL__locus051	TRUE	TRUE	TRUE
Cholesteryl_esters_to_total_lipids_ratio_in_very_small_VLDL__locus052	TRUE	TRUE	TRUE
Cholesteryl_esters_to_total_lipids_ratio_in_very_small_VLDL__locus053	TRUE	TRUE	TRUE
Cholesteryl_esters_to_total_lipids_ratio_in_very_small_VLDL__locus054	TRUE	TRUE	TRUE
Cholesteryl_esters_to_total_lipids_ratio_in_very_small_VLDL__locus055	TRUE	TRUE	TRUE
Cholesteryl_esters_to_total_lipids_ratio_in_very_small_VLDL__locus056	TRUE	TRUE	TRUE
Cholesteryl_esters_to_total_lipids_ratio_in_very_small_VLDL__locus057	TRUE	TRUE	TRUE
Cholesteryl_esters_to_total_lipids_ratio_in_very_small_VLDL__locus058	TRUE	TRUE	TRUE
Cholesteryl_esters_to_total_lipids_ratio_in_very_small_VLDL__locus059	TRUE	TRUE	TRUE
Cholesteryl_esters_to_total_lipids_ratio_in_very_small_VLDL__locus060	TRUE	TRUE	TRUE
Cholesteryl_esters_to_total_lipids_ratio_in_very_small_VLDL__locus061	TRUE	TRUE	TRUE
Cholesteryl_esters_to_total_lipids_ratio_in_very_small_VLDL__locus062	TRUE	TRUE	TRUE
Cholesteryl_esters_to_total_lipids_ratio_in_very_small_VLDL__locus063	TRUE	TRUE	TRUE
Cholesteryl_esters_to_total_lipids_ratio_in_very_small_VLDL__locus064	TRUE	TRUE	TRUE
Cholesteryl_esters_to_total_lipids_ratio_in_very_small_VLDL__locus065	TRUE	TRUE	TRUE
Cholesteryl_esters_to_total_lipids_ratio_in_very_small_VLDL__locus066	TRUE	TRUE	TRUE
Cholesteryl_esters_to_total_lipids_ratio_in_very_small_VLDL__locus067	TRUE	TRUE	TRUE
Cholesteryl_esters_to_total_lipids_ratio_in_very_small_VLDL__locus068	TRUE	TRUE	TRUE
Cholesteryl_esters_to_total_lipids_ratio_in_very_small_VLDL__locus069	TRUE	TRUE	TRUE
Cholesteryl_esters_to_total_lipids_ratio_in_very_small_VLDL__locus070	TRUE	TRUE	TRUE
Cholesteryl_esters_to_total_lipids_ratio_in_very_small_VLDL__locus071	TRUE	TRUE	TRUE
Cholesteryl_esters_to_total_lipids_ratio_in_very_small_VLDL__locus072	TRUE	TRUE	TRUE
Cholesteryl_esters_to_total_lipids_ratio_in_very_small_VLDL__locus073	TRUE	TRUE	TRUE
Cholesteryl_esters_to_total_lipids_ratio_in_very_small_VLDL__locus074	TRUE	TRUE	TRUE
Cholesteryl_esters_to_total_lipids_ratio_in_very_small_VLDL__locus075	TRUE	TRUE	TRUE
Cholesteryl_esters_to_total_lipids_ratio_in_very_small_VLDL__locus076	TRUE	TRUE	TRUE
Cholesteryl_esters_to_total_lipids_ratio_in_very_small_VLDL__locus077	TRUE	TRUE	TRUE
Cholesteryl_esters_to_total_lipids_ratio_in_very_small_VLDL__locus078	TRUE	TRUE	TRUE
Cholesteryl_esters_to_total_lipids_ratio_in_very_small_VLDL__locus079	TRUE	TRUE	TRUE
Cholesteryl_esters_to_total_lipids_ratio_in_very_small_VLDL__locus080	TRUE	TRUE	TRUE
Cholesteryl_esters_to_total_lipids_ratio_in_very_small_VLDL__locus081	TRUE	TRUE	TRUE
Cholesteryl_esters_to_total_lipids_ratio_in_very_small_VLDL__locus082	TRUE	TRUE	TRUE
Cholesteryl_esters_to_total_lipids_ratio_in_very_small_VLDL__locus083	TRUE	TRUE	TRUE
Cholesteryl_esters_to_total_lipids_ratio_in_very_small_VLDL__locus084	TRUE	TRUE	TRUE
Cholesteryl_esters_to_total_lipids_ratio_in_very_small_VLDL__locus085	TRUE	TRUE	TRUE
Cholesteryl_esters_to_total_lipids_ratio_in_very_small_VLDL__locus086	TRUE	TRUE	TRUE
Cholesteryl_esters_to_total_lipids_ratio_in_very_small_VLDL__locus087	TRUE	TRUE	TRUE
Cholesteryl_esters_to_total_lipids_ratio_in_very_small_VLDL__locus088	TRUE	TRUE	TRUE
Cholesteryl_esters_to_total_lipids_ratio_in_very_small_VLDL__locus089	TRUE	TRUE	TRUE
Cholesteryl_esters_to_total_lipids_ratio_in_very_small_VLDL__locus090	TRUE	TRUE	TRUE
Cholesteryl_esters_to_total_lipids_ratio_in_very_small_VLDL__locus091	TRUE	TRUE	TRUE
Cholesteryl_esters_to_total_lipids_ratio_in_very_small_VLDL__locus092	TRUE	TRUE	TRUE
Cholesteryl_esters_to_total_lipids_ratio_in_very_small_VLDL__locus093	TRUE	TRUE	TRUE
Cholesteryl_esters_to_total_lipids_ratio_in_very_small_VLDL__locus094	TRUE	TRUE	TRUE
Cholesteryl_esters_to_total_lipids_ratio_in_very_small_VLDL__locus095	TRUE	TRUE	TRUE
Cholesteryl_esters_to_total_lipids_ratio_in_very_small_VLDL__locus096	TRUE	TRUE	TRUE
Cholesteryl_esters_to_total_lipids_ratio_in_very_small_VLDL__locus097	TRUE	TRUE	TRUE
Cholesteryl_esters_to_total_lipids_ratio_in_very_small_VLDL__locus098	TRUE	TRUE	TRUE
Cholesteryl_esters_to_total_lipids_ratio_in_very_small_VLDL__locus099	TRUE	TRUE	TRUE
Cholesteryl_esters_to_total_lipids_ratio_in_very_small_VLDL__locus100	TRUE	TRUE	TRUE
Cholesteryl_esters_to_total_lipids_ratio_in_very_small_VLDL__locus101	TRUE	TRUE	TRUE
Cholesteryl_esters_to_total_lipids_ratio_in_very_small_VLDL__locus102	TRUE	TRUE	TRUE
Cholesteryl_esters_to_total_lipids_ratio_in_very_small_VLDL__locus103	TRUE	TRUE	TRUE
Cholesteryl_esters_to_total_lipids_ratio_in_very_small_VLDL__locus104	TRUE	TRUE	TRUE
Cholesteryl_esters_to_total_lipids_ratio_in_very_small_VLDL__locus105	TRUE	TRUE	TRUE
Cholesteryl_esters_to_total_lipids_ratio_in_very_small_VLDL__locus106	TRUE	TRUE	TRUE
Cholesteryl_esters_to_total_lipids_ratio_in_very_small_VLDL__locus107	TRUE	TRUE	TRUE
Cholesteryl_esters_to_total_lipids_ratio_in_very_small_VLDL__locus108	TRUE	TRUE	TRUE
Cholesteryl_esters_to_total_lipids_ratio_in_very_small_VLDL__locus109	TRUE	TRUE	TRUE
Cholesteryl_esters_to_total_lipids_ratio_in_very_small_VLDL__locus110	TRUE	TRUE	TRUE
Cholesteryl_esters_to_total_lipids_ratio_in_very_small_VLDL__locus111	TRUE	TRUE	TRUE
Cholesteryl_esters_to_total_lipids_ratio_in_very_small_VLDL__locus112	TRUE	TRUE	TRUE
Cholesteryl_esters_to_total_lipids_ratio_in_very_small_VLDL__locus113	TRUE	TRUE	TRUE
Cholesteryl_esters_to_total_lipids_ratio_in_very_small_VLDL__locus114	TRUE	TRUE	TRUE
Cholesteryl_esters_to_total_lipids_ratio_in_very_small_VLDL__locus115	TRUE	TRUE	TRUE
Cholesteryl_esters_to_total_lipids_ratio_in_very_small_VLDL__locus116	TRUE	TRUE	TRUE
Cholesteryl_esters_to_total_lipids_ratio_in_very_small_VLDL__locus117	TRUE	TRUE	TRUE
Cholesteryl_esters_to_total_lipids_ratio_in_very_small_VLDL__locus118	TRUE	TRUE	TRUE
Cholesteryl_esters_to_total_lipids_ratio_in_very_small_VLDL__locus119	TRUE	TRUE	TRUE
Cholesteryl_esters_to_total_lipids_ratio_in_very_small_VLDL__locus120	TRUE	TRUE	TRUE
Cholesteryl_esters_to_total_lipids_ratio_in_very_small_VLDL__locus121	TRUE	TRUE	TRUE
Cholesteryl_esters_to_total_lipids_ratio_in_very_small_VLDL__locus122	TRUE	TRUE	TRUE
Cholesteryl_esters_to_total_lipids_ratio_in_very_small_VLDL__locus123	TRUE	TRUE	TRUE
Cholesteryl_esters_to_total_lipids_ratio_in_very_small_VLDL__locus124	TRUE	TRUE	TRUE
Cholesteryl_esters_to_total_lipids_ratio_in_very_small_VLDL__locus125	TRUE	TRUE	TRUE
Cholesteryl_esters_to_total_lipids_ratio_in_very_small_VLDL__locus126	TRUE	TRUE	TRUE
Cholesteryl_esters_to_total_lipids_ratio_in_very_small_VLDL__locus127	TRUE	TRUE	TRUE
Cholesteryl_esters_to_total_lipids_ratio_in_very_small_VLDL__locus128	TRUE	TRUE	TRUE
Cholesteryl_esters_to_total_lipids_ratio_in_very_small_VLDL__locus129	TRUE	TRUE	TRUE
Cholesteryl_esters_to_total_lipids_ratio_in_very_small_VLDL__locus130	TRUE	TRUE	TRUE
Cholesteryl_esters_to_total_lipids_ratio_in_very_small_VLDL__locus131	TRUE	TRUE	TRUE
Cholesteryl_esters_to_total_lipids_ratio_in_very_small_VLDL__locus132	TRUE	TRUE	TRUE
Cholesteryl_esters_to_total_lipids_ratio_in_very_small_VLDL__locus133	TRUE	TRUE	TRUE
Cholesteryl_esters_to_total_lipids_ratio_in_very_small_VLDL__locus134	TRUE	TRUE	TRUE
Cholesteryl_esters_to_total_lipids_ratio_in_very_small_VLDL__locus135	TRUE	TRUE	TRUE
Cholesteryl_esters_to_total_lipids_ratio_in_very_small_VLDL__locus136	TRUE	TRUE	TRUE
Cholesteryl_esters_to_total_lipids_ratio_in_very_small_VLDL__locus137	TRUE	TRUE	TRUE
Cholesteryl_esters_to_total_lipids_ratio_in_very_small_VLDL__locus138	TRUE	TRUE	TRUE
Cholesteryl_esters_to_total_lipids_ratio_in_very_small_VLDL__locus139	TRUE	TRUE	TRUE
Cholesteryl_esters_to_total_lipids_ratio_in_very_small_VLDL__locus140	TRUE	TRUE	TRUE
Cholesteryl_esters_to_total_lipids_ratio_in_very_small_VLDL__locus141	TRUE	TRUE	TRUE
Cholesteryl_esters_to_total_lipids_ratio_in_very_small_VLDL__locus142	TRUE	TRUE	TRUE
Cholesteryl_esters_to_total_lipids_ratio_in_very_small_VLDL__locus143	TRUE	TRUE	TRUE
Cholesteryl_esters_to_total_lipids_ratio_in_very_small_VLDL__locus144	TRUE	TRUE	TRUE
Cholesteryl_esters_to_total_lipids_ratio_in_very_small_VLDL__locus145	TRUE	TRUE	TRUE
Cholesteryl_esters_to_total_lipids_ratio_in_very_small_VLDL__locus146	TRUE	TRUE	TRUE
Cholesteryl_esters_to_total_lipids_ratio_in_very_small_VLDL__locus147	TRUE	TRUE	TRUE
Cholesteryl_esters_to_total_lipids_ratio_in_very_small_VLDL__locus148	TRUE	TRUE	TRUE
Cholesteryl_esters_to_total_lipids_ratio_in_very_small_VLDL__locus149	TRUE	TRUE	TRUE
Cholesteryl_esters_to_total_lipids_ratio_in_very_small_VLDL__locus150	TRUE	TRUE	TRUE
Cholesteryl_esters_to_total_lipids_ratio_in_very_small_VLDL__locus151	TRUE	TRUE	TRUE
Cholesteryl_esters_to_total_lipids_ratio_in_very_small_VLDL__locus152	TRUE	TRUE	TRUE
Cholesteryl_esters_to_total_lipids_ratio_in_very_small_VLDL__locus153	TRUE	TRUE	TRUE
Cholesteryl_esters_to_total_lipids_ratio_in_very_small_VLDL__locus154	TRUE	TRUE	TRUE
Cholesteryl_esters_to_total_lipids_ratio_in_very_small_VLDL__locus155	TRUE	TRUE	TRUE
Cholesteryl_esters_to_total_lipids_ratio_in_very_small_VLDL__locus156	TRUE	TRUE	TRUE
Cholesteryl_esters_to_total_lipids_ratio_in_very_small_VLDL__locus157	TRUE	TRUE	TRUE
Cholesteryl_esters_to_total_lipids_ratio_in_very_small_VLDL__locus158	TRUE	TRUE	TRUE
Cholesteryl_esters_to_total_lipids_ratio_in_very_small_VLDL__locus159	TRUE	TRUE	TRUE
Cholesteryl_esters_to_total_lipids_ratio_in_very_small_VLDL__locus160	TRUE	TRUE	TRUE
Cholesteryl_esters_to_total_lipids_ratio_in_very_small_VLDL__locus161	TRUE	TRUE	TRUE
Cholesteryl_esters_to_total_lipids_ratio_in_very_small_VLDL__locus162	TRUE	TRUE	TRUE
Cholesteryl_esters_to_total_lipids_ratio_in_very_small_VLDL__locus163	TRUE	TRUE	TRUE
Cholesteryl_esters_to_total_lipids_ratio_in_very_small_VLDL__locus164	TRUE	TRUE	TRUE
Cholesteryl_esters_to_total_lipids_ratio_in_very_small_VLDL__locus165	TRUE	TRUE	TRUE
Cholesteryl_esters_to_total_lipids_ratio_in_very_small_VLDL__locus166	TRUE	TRUE	TRUE
Cholesteryl_esters_to_total_lipids_ratio_in_very_small_VLDL__locus167	TRUE	TRUE	TRUE
Cholesteryl_esters_to_total_lipids_ratio_in_very_small_VLDL__locus168	TRUE	TRUE	TRUE
Cholesteryl_esters_to_total_lipids_ratio_in_very_small_VLDL__locus169	TRUE	TRUE	TRUE
Cholesteryl_esters_to_total_lipids_ratio_in_very_small_VLDL__locus170	TRUE	TRUE	TRUE
Cholesteryl_esters_to_total_lipids_ratio_in_very_small_VLDL__locus171	TRUE	TRUE	TRUE
Cholesteryl_esters_to_total_lipids_ratio_in_very_small_VLDL__locus172	TRUE	TRUE	TRUE
Cholesteryl_esters_to_total_lipids_ratio_in_very_small_VLDL__locus173	TRUE	TRUE	TRUE
Cholesteryl_esters_to_total_lipids_ratio_in_very_small_VLDL__locus174	TRUE	TRUE	TRUE
Cholesteryl_esters_to_total_lipids_ratio_in_very_small_VLDL__locus175	TRUE	TRUE	TRUE
Cholesteryl_esters_to_total_lipids_ratio_in_very_small_VLDL__locus176	TRUE	TRUE	TRUE
Cholesteryl_esters_to_total_lipids_ratio_in_very_small_VLDL__locus177	TRUE	TRUE	TRUE
Cholesteryl_esters_to_total_lipids_ratio_in_very_small_VLDL__locus178	TRUE	TRUE	TRUE
Cholesteryl_esters_to_total_lipids_ratio_in_very_small_VLDL__locus179	TRUE	TRUE	TRUE
Cholesteryl_esters_to_total_lipids_ratio_in_very_small_VLDL__locus180	TRUE	TRUE	TRUE
Cholesteryl_esters_to_total_lipids_ratio_in_very_small_VLDL__locus181	TRUE	TRUE	TRUE
Cholesteryl_esters_to_total_lipids_ratio_in_very_small_VLDL__locus182	TRUE	TRUE	TRUE
Cholesteryl_esters_to_total_lipids_ratio_in_very_small_VLDL__locus183	TRUE	TRUE	TRUE
Cholesteryl_esters_to_total_lipids_ratio_in_very_small_VLDL__locus184	TRUE	TRUE	TRUE
Cholesteryl_esters_to_total_lipids_ratio_in_very_small_VLDL__locus185	TRUE	TRUE	TRUE
Cholesteryl_esters_to_total_lipids_ratio_in_very_small_VLDL__locus186	TRUE	TRUE	TRUE
Cholesteryl_esters_to_total_lipids_ratio_in_very_small_VLDL__locus187	TRUE	TRUE	TRUE
Cholesteryl_esters_to_total_lipids_ratio_in_very_small_VLDL__locus188	TRUE	TRUE	TRUE
Cholesteryl_esters_to_total_lipids_ratio_in_very_small_VLDL__locus189	TRUE	TRUE	TRUE
Cholesteryl_esters_to_total_lipids_ratio_in_very_small_VLDL__locus190	TRUE	TRUE	TRUE
Cholesteryl_esters_to_total_lipids_ratio_in_very_small_VLDL__locus191	TRUE	TRUE	TRUE
Cholesteryl_esters_to_total_lipids_ratio_in_very_small_VLDL__locus192	TRUE	TRUE	TRUE
Cholesteryl_esters_to_total_lipids_ratio_in_very_small_VLDL__locus193	TRUE	TRUE	TRUE
Cholesteryl_esters_to_total_lipids_ratio_in_very_small_VLDL__locus194	TRUE	TRUE	TRUE
Cholesteryl_esters_to_total_lipids_ratio_in_very_small_VLDL__locus195	TRUE	TRUE	TRUE
Cholesteryl_esters_to_total_lipids_ratio_in_very_small_VLDL__locus196	TRUE	TRUE	TRUE
Cholesteryl_esters_to_total_lipids_ratio_in_very_small_VLDL__locus197	TRUE	TRUE	TRUE
Cholesteryl_esters_to_total_lipids_ratio_in_very_small_VLDL__locus198	TRUE	TRUE	TRUE
Cholesteryl_esters_to_total_lipids_ratio_in_very_small_VLDL__locus199	TRUE	TRUE	TRUE
Cholesteryl_esters_to_total_lipids_ratio_in_very_small_VLDL__locus200	TRUE	TRUE	TRUE
Cholesteryl_esters_to_total_lipids_ratio_in_very_small_VLDL__locus201	TRUE	TRUE	TRUE
Cholesteryl_esters_to_total_lipids_ratio_in_very_small_VLDL__locus202	TRUE	TRUE	TRUE
Cholesteryl_esters_to_total_lipids_ratio_in_very_small_VLDL__locus203	FALSE	FALSE	FALSE
Cholesteryl_esters_to_total_lipids_ratio_in_very_small_VLDL__locus204	TRUE	TRUE	TRUE
Cholesteryl_esters_to_total_lipids_ratio_in_very_small_VLDL__locus205	TRUE	TRUE	TRUE
Cholesteryl_esters_to_total_lipids_ratio_in_very_small_VLDL__locus206	TRUE	TRUE	TRUE
Cholesteryl_esters_to_total_lipids_ratio_in_very_small_VLDL__locus207	TRUE	TRUE	TRUE
Cholesteryl_esters_to_total_lipids_ratio_in_very_small_VLDL__locus208	TRUE	TRUE	TRUE
Cholesteryl_esters_to_total_lipids_ratio_in_very_small_VLDL__locus209	TRUE	TRUE	TRUE
Cholesteryl_esters_to_total_lipids_ratio_in_very_small_VLDL__locus210	TRUE	TRUE	TRUE
Cholesteryl_esters_to_total_lipids_ratio_in_very_small_VLDL__locus211	TRUE	TRUE	TRUE
Cholesteryl_esters_to_total_lipids_ratio_in_very_small_VLDL__locus212	TRUE	TRUE	TRUE
Cholesteryl_esters_to_total_lipids_ratio_in_very_small_VLDL__locus213	TRUE	TRUE	TRUE
Cholesteryl_esters_to_total_lipids_ratio_in_very_small_VLDL__locus214	TRUE	TRUE	TRUE
Cholesteryl_esters_to_total_lipids_ratio_in_very_small_VLDL__locus215	TRUE	TRUE	TRUE
Cholesteryl_esters_to_total_lipids_ratio_in_very_small_VLDL__locus216	TRUE	TRUE	TRUE
Cholesteryl_esters_to_total_lipids_ratio_in_very_small_VLDL__locus217	TRUE	TRUE	TRUE
Cholesteryl_esters_to_total_lipids_ratio_in_very_small_VLDL__locus218	TRUE	TRUE	TRUE
Cholesteryl_esters_to_total_lipids_ratio_in_very_small_VLDL__locus219	TRUE	TRUE	TRUE
Cholesteryl_esters_to_total_lipids_ratio_in_very_small_VLDL__locus220	TRUE	TRUE	TRUE
Cholesteryl_esters_to_total_lipids_ratio_in_very_small_VLDL__locus221	TRUE	TRUE	TRUE
Cholesteryl_esters_to_total_lipids_ratio_in_very_small_VLDL__locus222	TRUE	TRUE	TRUE
Cholesteryl_esters_to_total_lipids_ratio_in_very_small_VLDL__locus223	TRUE	TRUE	TRUE
Cholesteryl_esters_to_total_lipids_ratio_in_very_small_VLDL__locus224	TRUE	TRUE	TRUE
Cholesteryl_esters_to_total_lipids_ratio_in_very_small_VLDL__locus225	TRUE	TRUE	TRUE
Cholesteryl_esters_to_total_lipids_ratio_in_very_small_VLDL__locus226	TRUE	TRUE	TRUE
Cholesteryl_esters_to_total_lipids_ratio_in_very_small_VLDL__locus227	TRUE	TRUE	TRUE
Cholesteryl_esters_to_total_lipids_ratio_in_very_small_VLDL__locus228	TRUE	TRUE	TRUE
Cholesteryl_esters_to_total_lipids_ratio_in_very_small_VLDL__locus229	TRUE	TRUE	TRUE
Cholesteryl_esters_to_total_lipids_ratio_in_very_small_VLDL__locus230	TRUE	TRUE	TRUE
Cholesteryl_esters_to_total_lipids_ratio_in_very_small_VLDL__locus231	TRUE	TRUE	TRUE
Cholesteryl_esters_to_total_lipids_ratio_in_very_small_VLDL__locus232	TRUE	TRUE	TRUE
Cholesteryl_esters_to_total_lipids_ratio_in_very_small_VLDL__locus233	TRUE	TRUE	TRUE
Cholesteryl_esters_to_total_lipids_ratio_in_very_small_VLDL__locus234	TRUE	TRUE	TRUE
Cholesteryl_esters_to_total_lipids_ratio_in_very_small_VLDL__locus235	TRUE	TRUE	TRUE
Cholesteryl_esters_to_total_lipids_ratio_in_very_small_VLDL__locus236	TRUE	TRUE	TRUE
Cholesteryl_esters_to_total_lipids_ratio_in_very_small_VLDL__locus237	TRUE	TRUE	TRUE
Cholesteryl_esters_to_total_lipids_ratio_in_very_small_VLDL__locus238	TRUE	TRUE	TRUE
Cholesteryl_esters_to_total_lipids_ratio_in_very_small_VLDL__locus239	TRUE	TRUE	TRUE
Cholesteryl_esters_to_total_lipids_ratio_in_very_small_VLDL__locus240	TRUE	TRUE	TRUE
Cholesteryl_esters_to_total_lipids_ratio_in_very_small_VLDL__locus241	TRUE	TRUE	TRUE
Cholesteryl_esters_to_total_lipids_ratio_in_very_small_VLDL__locus242	TRUE	TRUE	TRUE
Cholesteryl_esters_to_total_lipids_ratio_in_very_small_VLDL__locus243	TRUE	TRUE	TRUE
Cholesteryl_esters_to_total_lipids_ratio_in_very_small_VLDL__locus244	TRUE	TRUE	TRUE
Cholesteryl_esters_to_total_lipids_ratio_in_very_small_VLDL__locus245	TRUE	TRUE	TRUE
Cholesteryl_esters_to_total_lipids_ratio_in_very_small_VLDL__locus246	TRUE	TRUE	TRUE
Cholesteryl_esters_to_total_lipids_ratio_in_very_small_VLDL__locus247	TRUE	TRUE	TRUE
Cholesteryl_esters_to_total_lipids_ratio_in_very_small_VLDL__locus248	TRUE	TRUE	TRUE
Cholesteryl_esters_to_total_lipids_ratio_in_very_small_VLDL__locus249	TRUE	TRUE	TRUE
Cholesteryl_esters_to_total_lipids_ratio_in_very_small_VLDL__locus250	TRUE	TRUE	TRUE
Cholesteryl_esters_to_total_lipids_ratio_in_very_small_VLDL__locus251	TRUE	TRUE	TRUE
Cholesteryl_esters_to_total_lipids_ratio_in_very_small_VLDL__locus252	TRUE	TRUE	TRUE
Cholesteryl_esters_to_total_lipids_ratio_in_very_small_VLDL__locus253	TRUE	TRUE	TRUE
Cholesteryl_esters_to_total_lipids_ratio_in_very_small_VLDL__locus254	TRUE	TRUE	TRUE
Cholesteryl_esters_to_total_lipids_ratio_in_very_small_VLDL__locus255	TRUE	TRUE	TRUE
Cholesteryl_esters_to_total_lipids_ratio_in_very_small_VLDL__locus256	TRUE	TRUE	TRUE
Cholesteryl_esters_to_total_lipids_ratio_in_very_small_VLDL__locus257	TRUE	TRUE	TRUE
Cholesteryl_esters_to_total_lipids_ratio_in_very_small_VLDL__locus258	TRUE	TRUE	TRUE
Cholesteryl_esters_to_total_lipids_ratio_in_very_small_VLDL__locus259	TRUE	TRUE	TRUE
Cholesteryl_esters_to_total_lipids_ratio_in_very_small_VLDL__locus260	TRUE	TRUE	TRUE
Cholesteryl_esters_to_total_lipids_ratio_in_very_small_VLDL__locus261	TRUE	TRUE	TRUE
Cholesteryl_esters_to_total_lipids_ratio_in_very_small_VLDL__locus262	TRUE	TRUE	TRUE
Cholesteryl_esters_to_total_lipids_ratio_in_very_small_VLDL__locus263	TRUE	TRUE	TRUE
Cholesteryl_esters_to_total_lipids_ratio_in_very_small_VLDL__locus264	TRUE	TRUE	TRUE
Cholesteryl_esters_to_total_lipids_ratio_in_very_small_VLDL__locus265	TRUE	TRUE	TRUE
Cholesteryl_esters_to_total_lipids_ratio_in_very_small_VLDL__locus266	TRUE	TRUE	TRUE
Cholesteryl_esters_to_total_lipids_ratio_in_very_small_VLDL__locus267	TRUE	TRUE	TRUE
Cholesteryl_esters_to_total_lipids_ratio_in_very_small_VLDL__locus268	TRUE	TRUE	TRUE
Cholesteryl_esters_to_total_lipids_ratio_in_very_small_VLDL__locus269	TRUE	TRUE	TRUE
Cholesteryl_esters_to_total_lipids_ratio_in_very_small_VLDL__locus270	TRUE	TRUE	TRUE
Cholesteryl_esters_to_total_lipids_ratio_in_very_small_VLDL__locus271	TRUE	TRUE	TRUE
Cholesteryl_esters_to_total_lipids_ratio_in_very_small_VLDL__locus272	TRUE	TRUE	TRUE
Cholesteryl_esters_to_total_lipids_ratio_in_very_small_VLDL__locus273	TRUE	TRUE	TRUE
Cholesteryl_esters_to_total_lipids_ratio_in_very_small_VLDL__locus274	TRUE	TRUE	TRUE
Cholesteryl_esters_to_total_lipids_ratio_in_very_small_VLDL__locus275	TRUE	TRUE	TRUE
Cholesteryl_esters_to_total_lipids_ratio_in_very_small_VLDL__locus276	TRUE	TRUE	TRUE
Cholesteryl_esters_to_total_lipids_ratio_in_very_small_VLDL__locus277	TRUE	TRUE	TRUE
Cholesteryl_esters_to_total_lipids_ratio_in_very_small_VLDL__locus278	TRUE	TRUE	TRUE
Cholesteryl_esters_to_total_lipids_ratio_in_very_small_VLDL__locus279	TRUE	TRUE	TRUE
Cholesteryl_esters_to_total_lipids_ratio_in_very_small_VLDL__locus280	TRUE	TRUE	TRUE
Cholesteryl_esters_to_total_lipids_ratio_in_very_small_VLDL__locus281	TRUE	TRUE	TRUE
Cholesteryl_esters_to_total_lipids_ratio_in_very_small_VLDL__locus282	TRUE	TRUE	TRUE
Cholesteryl_esters_to_total_lipids_ratio_in_very_small_VLDL__locus283	TRUE	TRUE	TRUE
Cholesteryl_esters_to_total_lipids_ratio_in_very_small_VLDL__locus284	TRUE	TRUE	TRUE
Cholesteryl_esters_to_total_lipids_ratio_in_very_small_VLDL__locus285	TRUE	TRUE	TRUE
Cholesteryl_esters_to_total_lipids_ratio_in_very_small_VLDL__locus286	TRUE	TRUE	TRUE
Cholesteryl_esters_to_total_lipids_ratio_in_very_small_VLDL__locus287	TRUE	TRUE	TRUE
Cholesteryl_esters_to_total_lipids_ratio_in_very_small_VLDL__locus288	TRUE	TRUE	TRUE
Cholesteryl_esters_to_total_lipids_ratio_in_very_small_VLDL__locus289	TRUE	TRUE	TRUE
Cholesteryl_esters_to_total_lipids_ratio_in_very_small_VLDL__locus290	TRUE	TRUE	TRUE
Cholesteryl_esters_to_total_lipids_ratio_in_very_small_VLDL__locus291	TRUE	TRUE	TRUE
Cholesteryl_esters_to_total_lipids_ratio_in_very_small_VLDL__locus292	TRUE	TRUE	TRUE
Cholesteryl_esters_to_total_lipids_ratio_in_very_small_VLDL__locus293	TRUE	TRUE	TRUE
Cholesteryl_esters_to_total_lipids_ratio_in_very_small_VLDL__locus294	TRUE	TRUE	TRUE
Cholesteryl_esters_to_total_lipids_ratio_in_very_small_VLDL__locus295	TRUE	TRUE	TRUE
Cholesteryl_esters_to_total_lipids_ratio_in_very_small_VLDL__locus296	TRUE	TRUE	TRUE
Cholesteryl_esters_to_total_lipids_ratio_in_very_small_VLDL__locus297	TRUE	TRUE	TRUE
Cholesteryl_esters_to_total_lipids_ratio_in_very_small_VLDL__locus298	TRUE	TRUE	TRUE
Cholesteryl_esters_to_total_lipids_ratio_in_very_small_VLDL__locus299	TRUE	TRUE	TRUE
Cholesteryl_esters_to_total_lipids_ratio_in_very_small_VLDL__locus300	TRUE	TRUE	TRUE
Cholesteryl_esters_to_total_lipids_ratio_in_very_small_VLDL__locus301	TRUE	TRUE	TRUE
Cholesteryl_esters_to_total_lipids_ratio_in_very_small_VLDL__locus302	TRUE	TRUE	TRUE
Cholesteryl_esters_to_total_lipids_ratio_in_very_small_VLDL__locus303	TRUE	TRUE	TRUE
Cholesteryl_esters_to_total_lipids_ratio_in_very_small_VLDL__locus304	TRUE	TRUE	TRUE
Cholesteryl_esters_to_total_lipids_ratio_in_very_small_VLDL__locus305	TRUE	TRUE	TRUE
Cholesteryl_esters_to_total_lipids_ratio_in_very_small_VLDL__locus306	TRUE	TRUE	TRUE
Cholesteryl_esters_to_total_lipids_ratio_in_very_small_VLDL__locus307	TRUE	TRUE	TRUE
Cholesteryl_esters_to_total_lipids_ratio_in_very_small_VLDL__locus308	TRUE	TRUE	TRUE
Cholesteryl_esters_to_total_lipids_ratio_in_very_small_VLDL__locus309	TRUE	TRUE	TRUE
Cholesteryl_esters_to_total_lipids_ratio_in_very_small_VLDL__locus310	TRUE	TRUE	TRUE
Cholesteryl_esters_to_total_lipids_ratio_in_very_small_VLDL__locus311	TRUE	TRUE	TRUE
Cholesteryl_esters_to_total_lipids_ratio_in_very_small_VLDL__locus312	TRUE	TRUE	TRUE
Cholesteryl_esters_to_total_lipids_ratio_in_very_small_VLDL__locus313	TRUE	TRUE	TRUE
Cholesteryl_esters_to_total_lipids_ratio_in_very_small_VLDL__locus314	TRUE	TRUE	TRUE
Cholesteryl_esters_to_total_lipids_ratio_in_very_small_VLDL__locus315	TRUE	TRUE	TRUE
Cholesteryl_esters_to_total_lipids_ratio_in_very_small_VLDL__locus316	TRUE	TRUE	TRUE
Cholesteryl_esters_to_total_lipids_ratio_in_very_small_VLDL__locus317	TRUE	TRUE	TRUE
Cholesteryl_esters_to_total_lipids_ratio_in_very_small_VLDL__locus318	TRUE	TRUE	TRUE
Cholesteryl_esters_to_total_lipids_ratio_in_very_small_VLDL__locus319	TRUE	TRUE	TRUE
Cholesteryl_esters_to_total_lipids_ratio_in_very_small_VLDL__locus320	TRUE	TRUE	TRUE
Cholesteryl_esters_to_total_lipids_ratio_in_very_small_VLDL__locus321	TRUE	TRUE	TRUE
Cholesteryl_esters_to_total_lipids_ratio_in_very_small_VLDL__locus322	TRUE	TRUE	TRUE
Cholesteryl_esters_to_total_lipids_ratio_in_very_small_VLDL__locus323	TRUE	TRUE	TRUE
Cholesteryl_esters_to_total_lipids_ratio_in_very_small_VLDL__locus324	TRUE	TRUE	TRUE
Cholesteryl_esters_to_total_lipids_ratio_in_very_small_VLDL__locus325	TRUE	TRUE	TRUE
Cholesteryl_esters_to_total_lipids_ratio_in_very_small_VLDL__locus326	TRUE	TRUE	TRUE
Cholesteryl_esters_to_total_lipids_ratio_in_very_small_VLDL__locus327	TRUE	TRUE	TRUE
Cholesteryl_esters_to_total_lipids_ratio_in_very_small_VLDL__locus328	TRUE	TRUE	TRUE
Cholesteryl_esters_to_total_lipids_ratio_in_very_small_VLDL__locus329	TRUE	TRUE	TRUE
Cholesteryl_esters_to_total_lipids_ratio_in_very_small_VLDL__locus330	TRUE	TRUE	TRUE
Cholesteryl_esters_to_total_lipids_ratio_in_very_small_VLDL__locus331	TRUE	TRUE	TRUE
Cholesteryl_esters_to_total_lipids_ratio_in_very_small_VLDL__locus332	TRUE	TRUE	TRUE
Cholesteryl_esters_to_total_lipids_ratio_in_very_small_VLDL__locus333	TRUE	TRUE	TRUE
Cholesteryl_esters_to_total_lipids_ratio_in_very_small_VLDL__locus334	TRUE	TRUE	TRUE
Cholesteryl_esters_to_total_lipids_ratio_in_very_small_VLDL__locus335	TRUE	TRUE	TRUE
Cholesteryl_esters_to_total_lipids_ratio_in_very_small_VLDL__locus336	TRUE	TRUE	TRUE
Cholesteryl_esters_to_total_lipids_ratio_in_very_small_VLDL__locus337	TRUE	TRUE	TRUE
Cholesteryl_esters_to_total_lipids_ratio_in_very_small_VLDL__locus338	TRUE	TRUE	TRUE
Cholesteryl_esters_to_total_lipids_ratio_in_very_small_VLDL__locus339	TRUE	TRUE	TRUE
Cholesteryl_esters_to_total_lipids_ratio_in_very_small_VLDL__locus340	TRUE	TRUE	TRUE
Cholesteryl_esters_to_total_lipids_ratio_in_very_small_VLDL__locus341	TRUE	TRUE	TRUE
Cholesteryl_esters_to_total_lipids_ratio_in_very_small_VLDL__locus342	TRUE	TRUE	TRUE
Cholesteryl_esters_to_total_lipids_ratio_in_very_small_VLDL__locus343	TRUE	TRUE	TRUE
Cholesteryl_esters_to_total_lipids_ratio_in_very_small_VLDL__locus344	TRUE	TRUE	TRUE
Cholesteryl_esters_to_total_lipids_ratio_in_very_small_VLDL__locus345	TRUE	TRUE	TRUE
Cholesteryl_esters_to_total_lipids_ratio_in_very_small_VLDL__locus346	TRUE	TRUE	TRUE
Cholesteryl_esters_to_total_lipids_ratio_in_very_small_VLDL__locus347	TRUE	TRUE	TRUE
Cholesteryl_esters_to_total_lipids_ratio_in_very_small_VLDL__locus348	TRUE	TRUE	TRUE
Cholesteryl_esters_to_total_lipids_ratio_in_very_small_VLDL__locus349	TRUE	TRUE	TRUE
Cholesteryl_esters_to_total_lipids_ratio_in_very_small_VLDL__locus350	TRUE	TRUE	TRUE
Cholesteryl_esters_to_total_lipids_ratio_in_very_small_VLDL__locus351	TRUE	TRUE	TRUE
Cholesteryl_esters_to_total_lipids_ratio_in_very_small_VLDL__locus352	TRUE	TRUE	TRUE
Cholesteryl_esters_to_total_lipids_ratio_in_very_small_VLDL__locus353	TRUE	TRUE	TRUE
Cholesteryl_esters_to_total_lipids_ratio_in_very_small_VLDL__locus354	TRUE	TRUE	TRUE
Cholesteryl_esters_to_total_lipids_ratio_in_very_small_VLDL__locus355	TRUE	TRUE	TRUE
Cholesteryl_esters_to_total_lipids_ratio_in_very_small_VLDL__locus356	TRUE	TRUE	TRUE
Cholesteryl_esters_to_total_lipids_ratio_in_very_small_VLDL__locus357	TRUE	TRUE	TRUE
Cholesteryl_esters_to_total_lipids_ratio_in_very_small_VLDL__locus358	TRUE	TRUE	TRUE
Cholesteryl_esters_to_total_lipids_ratio_in_very_small_VLDL__locus359	TRUE	TRUE	TRUE
Cholesteryl_esters_to_total_lipids_ratio_in_very_small_VLDL__locus360	TRUE	TRUE	TRUE
Cholesteryl_esters_to_total_lipids_ratio_in_very_small_VLDL__locus361	TRUE	TRUE	TRUE
Cholesteryl_esters_to_total_lipids_ratio_in_very_small_VLDL__locus362	TRUE	TRUE	TRUE
Cholesteryl_esters_to_total_lipids_ratio_in_very_small_VLDL__locus363	TRUE	TRUE	TRUE
Cholesteryl_esters_to_total_lipids_ratio_in_very_small_VLDL__locus364	TRUE	TRUE	TRUE
Cholesteryl_esters_to_total_lipids_ratio_in_very_small_VLDL__locus365	TRUE	TRUE	TRUE
Cholesteryl_esters_to_total_lipids_ratio_in_very_small_VLDL__locus366	TRUE	TRUE	TRUE
Cholesteryl_esters_to_total_lipids_ratio_in_very_small_VLDL__locus367	TRUE	TRUE	TRUE
Cholesteryl_esters_to_total_lipids_ratio_in_very_small_VLDL__locus368	TRUE	TRUE	TRUE
Cholesteryl_esters_to_total_lipids_ratio_in_very_small_VLDL__locus369	TRUE	TRUE	TRUE
Cholesteryl_esters_to_total_lipids_ratio_in_very_small_VLDL__locus370	TRUE	TRUE	TRUE
Cholesteryl_esters_to_total_lipids_ratio_in_very_small_VLDL__locus371	TRUE	TRUE	TRUE
Cholesteryl_esters_to_total_lipids_ratio_in_very_small_VLDL__locus372	TRUE	TRUE	TRUE
Cholesteryl_esters_to_total_lipids_ratio_in_very_small_VLDL__locus373	TRUE	TRUE	TRUE
Cholesteryl_esters_to_total_lipids_ratio_in_very_small_VLDL__locus374	TRUE	TRUE	TRUE
Cholesteryl_esters_to_total_lipids_ratio_in_very_small_VLDL__locus375	TRUE	TRUE	TRUE
Cholesteryl_esters_to_total_lipids_ratio_in_very_small_VLDL__locus376	TRUE	TRUE	TRUE
Cholesteryl_esters_to_total_lipids_ratio_in_very_small_VLDL__locus377	TRUE	TRUE	TRUE
Cholesteryl_esters_to_total_lipids_ratio_in_very_small_VLDL__locus378	TRUE	TRUE	TRUE
Cholesteryl_esters_to_total_lipids_ratio_in_very_small_VLDL__locus379	TRUE	TRUE	TRUE
Cholesteryl_esters_to_total_lipids_ratio_in_very_small_VLDL__locus380	TRUE	TRUE	TRUE
Cholesteryl_esters_to_total_lipids_ratio_in_very_small_VLDL__locus381	TRUE	TRUE	TRUE
Cholesteryl_esters_to_total_lipids_ratio_in_very_small_VLDL__locus382	TRUE	TRUE	TRUE
Cholesteryl_esters_to_total_lipids_ratio_in_very_small_VLDL__locus383	TRUE	TRUE	TRUE
Cholesteryl_esters_to_total_lipids_ratio_in_very_small_VLDL__locus384	TRUE	TRUE	TRUE
Cholesteryl_esters_to_total_lipids_ratio_in_very_small_VLDL__locus385	TRUE	TRUE	TRUE
Cholesteryl_esters_to_total_lipids_ratio_in_very_small_VLDL__locus386	TRUE	TRUE	TRUE
Cholesteryl_esters_to_total_lipids_ratio_in_very_small_VLDL__locus387	FALSE	FALSE	FALSE
Cholesteryl_esters_to_total_lipids_ratio_in_very_small_VLDL__locus388	TRUE	TRUE	TRUE
Cholesteryl_esters_to_total_lipids_ratio_in_very_small_VLDL__locus389	TRUE	TRUE	TRUE
Cholesteryl_esters_to_total_lipids_ratio_in_very_small_VLDL__locus390	TRUE	TRUE	TRUE
Cholesteryl_esters_to_total_lipids_ratio_in_very_small_VLDL__locus391	TRUE	TRUE	TRUE
Cholesteryl_esters_to_total_lipids_ratio_in_very_small_VLDL__locus392	TRUE	TRUE	TRUE
Cholesteryl_esters_to_total_lipids_ratio_in_very_small_VLDL__locus393	TRUE	TRUE	TRUE
Cholesteryl_esters_to_total_lipids_ratio_in_very_small_VLDL__locus394	TRUE	TRUE	TRUE
Cholesteryl_esters_to_total_lipids_ratio_in_very_small_VLDL__locus395	TRUE	TRUE	TRUE
Cholesteryl_esters_to_total_lipids_ratio_in_very_small_VLDL__locus396	TRUE	TRUE	TRUE
Cholesteryl_esters_to_total_lipids_ratio_in_very_small_VLDL__locus397	TRUE	TRUE	TRUE
Cholesteryl_esters_to_total_lipids_ratio_in_very_small_VLDL__locus398	TRUE	TRUE	TRUE
Cholesteryl_esters_to_total_lipids_ratio_in_very_small_VLDL__locus399	TRUE	TRUE	TRUE
Cholesteryl_esters_to_total_lipids_ratio_in_very_small_VLDL__locus400	TRUE	TRUE	TRUE
Cholesteryl_esters_to_total_lipids_ratio_in_very_small_VLDL__locus401	TRUE	TRUE	TRUE
Cholesteryl_esters_to_total_lipids_ratio_in_very_small_VLDL__locus402	TRUE	TRUE	TRUE
Cholesteryl_esters_to_total_lipids_ratio_in_very_small_VLDL__locus403	TRUE	TRUE	TRUE
Cholesteryl_esters_to_total_lipids_ratio_in_very_small_VLDL__locus404	TRUE	TRUE	TRUE
Cholesteryl_esters_to_total_lipids_ratio_in_very_small_VLDL__locus405	TRUE	TRUE	TRUE
Cholesteryl_esters_to_total_lipids_ratio_in_very_small_VLDL__locus406	TRUE	TRUE	TRUE
Cholesteryl_esters_to_total_lipids_ratio_in_very_small_VLDL__locus407	TRUE	TRUE	TRUE
Cholesteryl_esters_to_total_lipids_ratio_in_very_small_VLDL__locus408	TRUE	TRUE	TRUE
Cholesteryl_esters_to_total_lipids_ratio_in_very_small_VLDL__locus409	TRUE	TRUE	TRUE
Cholesteryl_esters_to_total_lipids_ratio_in_very_small_VLDL__locus410	TRUE	TRUE	TRUE
Cholesteryl_esters_to_total_lipids_ratio_in_very_small_VLDL__locus411	TRUE	TRUE	TRUE
Cholesteryl_esters_to_total_lipids_ratio_in_very_small_VLDL__locus412	TRUE	TRUE	TRUE
Cholesteryl_esters_to_total_lipids_ratio_in_very_small_VLDL__locus413	TRUE	TRUE	TRUE
Cholesteryl_esters_to_total_lipids_ratio_in_very_small_VLDL__locus414	TRUE	TRUE	TRUE
Cholesteryl_esters_to_total_lipids_ratio_in_very_small_VLDL__locus415	TRUE	TRUE	TRUE
Cholesteryl_esters_to_total_lipids_ratio_in_very_small_VLDL__locus416	TRUE	TRUE	TRUE
Cholesteryl_esters_to_total_lipids_ratio_in_very_small_VLDL__locus417	TRUE	TRUE	TRUE
Cholesteryl_esters_to_total_lipids_ratio_in_very_small_VLDL__locus418	TRUE	TRUE	TRUE
Cholesteryl_esters_to_total_lipids_ratio_in_very_small_VLDL__locus419	TRUE	TRUE	TRUE
Cholesteryl_esters_to_total_lipids_ratio_in_very_small_VLDL__locus420	TRUE	TRUE	TRUE
Cholesteryl_esters_to_total_lipids_ratio_in_very_small_VLDL__locus421	TRUE	TRUE	TRUE
Cholesteryl_esters_to_total_lipids_ratio_in_very_small_VLDL__locus422	TRUE	TRUE	TRUE
Cholesteryl_esters_to_total_lipids_ratio_in_very_small_VLDL__locus423	TRUE	TRUE	TRUE
Cholesteryl_esters_to_total_lipids_ratio_in_very_small_VLDL__locus424	TRUE	TRUE	TRUE
Cholesteryl_esters_to_total_lipids_ratio_in_very_small_VLDL__locus425	TRUE	TRUE	TRUE
Cholesteryl_esters_to_total_lipids_ratio_in_very_small_VLDL__locus426	TRUE	TRUE	TRUE
Cholesteryl_esters_to_total_lipids_ratio_in_very_small_VLDL__locus427	TRUE	TRUE	TRUE
Cholesteryl_esters_to_total_lipids_ratio_in_very_small_VLDL__locus428	TRUE	TRUE	TRUE
Cholesteryl_esters_to_total_lipids_ratio_in_very_small_VLDL__locus429	TRUE	TRUE	TRUE
Cholesteryl_esters_to_total_lipids_ratio_in_very_small_VLDL__locus430	TRUE	TRUE	TRUE
Cholesteryl_esters_to_total_lipids_ratio_in_very_small_VLDL__locus431	TRUE	TRUE	TRUE
Cholesteryl_esters_to_total_lipids_ratio_in_very_small_VLDL__locus432	TRUE	TRUE	TRUE
Cholesteryl_esters_to_total_lipids_ratio_in_very_small_VLDL__locus433	TRUE	TRUE	TRUE
Cholesteryl_esters_to_total_lipids_ratio_in_very_small_VLDL__locus434	TRUE	TRUE	TRUE
Cholesteryl_esters_to_total_lipids_ratio_in_very_small_VLDL__locus435	TRUE	TRUE	TRUE
Cholesteryl_esters_to_total_lipids_ratio_in_very_small_VLDL__locus436	TRUE	TRUE	TRUE
Cholesteryl_esters_to_total_lipids_ratio_in_very_small_VLDL__locus437	TRUE	TRUE	TRUE
Cholesteryl_esters_to_total_lipids_ratio_in_very_small_VLDL__locus438	FALSE	FALSE	FALSE
Cholesteryl_esters_to_total_lipids_ratio_in_very_small_VLDL__locus439	TRUE	TRUE	TRUE
Cholesteryl_esters_to_total_lipids_ratio_in_very_small_VLDL__locus440	TRUE	TRUE	TRUE
Cholesteryl_esters_to_total_lipids_ratio_in_very_small_VLDL__locus441	TRUE	TRUE	TRUE
Cholesteryl_esters_to_total_lipids_ratio_in_very_small_VLDL__locus442	TRUE	TRUE	TRUE
Cholesteryl_esters_to_total_lipids_ratio_in_very_small_VLDL__locus443	TRUE	TRUE	TRUE
Cholesteryl_esters_to_total_lipids_ratio_in_very_small_VLDL__locus444	TRUE	TRUE	TRUE
Cholesteryl_esters_to_total_lipids_ratio_in_very_small_VLDL__locus445	TRUE	TRUE	TRUE
Cholesteryl_esters_to_total_lipids_ratio_in_very_small_VLDL__locus446	TRUE	TRUE	TRUE
Cholesteryl_esters_to_total_lipids_ratio_in_very_small_VLDL__locus447	TRUE	TRUE	TRUE
Free_cholesterol_in_very_large_HDL__locus001	TRUE	TRUE	TRUE
Free_cholesterol_in_very_large_HDL__locus002	TRUE	TRUE	TRUE
Free_cholesterol_in_very_large_HDL__locus003	TRUE	TRUE	TRUE
Free_cholesterol_in_very_large_HDL__locus004	TRUE	TRUE	TRUE
Free_cholesterol_in_very_large_HDL__locus005	TRUE	TRUE	TRUE
Free_cholesterol_in_very_large_HDL__locus006	TRUE	TRUE	TRUE
Free_cholesterol_in_very_large_HDL__locus007	FALSE	FALSE	FALSE
Free_cholesterol_in_very_large_HDL__locus008	TRUE	TRUE	TRUE
Free_cholesterol_in_very_large_HDL__locus009	TRUE	TRUE	TRUE
Free_cholesterol_in_very_large_HDL__locus010	TRUE	TRUE	TRUE
Free_cholesterol_in_very_large_HDL__locus011	TRUE	TRUE	TRUE
Free_cholesterol_in_very_large_HDL__locus012	TRUE	TRUE	TRUE
Free_cholesterol_in_very_large_HDL__locus013	TRUE	TRUE	TRUE
Free_cholesterol_in_very_large_HDL__locus014	TRUE	TRUE	TRUE
Free_cholesterol_in_very_large_HDL__locus015	FALSE	FALSE	FALSE
Free_cholesterol_in_very_large_HDL__locus016	TRUE	TRUE	TRUE
Free_cholesterol_in_very_large_HDL__locus017	TRUE	TRUE	TRUE
Free_cholesterol_in_very_large_HDL__locus018	TRUE	TRUE	TRUE
Free_cholesterol_in_very_large_HDL__locus019	TRUE	TRUE	TRUE
Free_cholesterol_in_very_large_HDL__locus020	TRUE	TRUE	TRUE
Free_cholesterol_in_very_large_HDL__locus021	TRUE	TRUE	TRUE
Free_cholesterol_in_very_large_HDL__locus022	TRUE	TRUE	TRUE
Free_cholesterol_in_very_large_HDL__locus023	TRUE	TRUE	TRUE
Free_cholesterol_in_very_large_HDL__locus024	TRUE	TRUE	TRUE
Free_cholesterol_in_very_large_HDL__locus025	TRUE	TRUE	TRUE
Free_cholesterol_in_very_large_HDL__locus026	TRUE	TRUE	TRUE
Free_cholesterol_in_very_large_HDL__locus027	TRUE	TRUE	TRUE
Free_cholesterol_in_very_large_HDL__locus028	TRUE	TRUE	TRUE
Free_cholesterol_in_very_large_HDL__locus029	TRUE	TRUE	TRUE
Free_cholesterol_in_very_large_HDL__locus030	TRUE	TRUE	TRUE
Free_cholesterol_in_very_large_HDL__locus031	TRUE	TRUE	TRUE
Free_cholesterol_in_very_large_HDL__locus032	FALSE	FALSE	FALSE
Free_cholesterol_in_very_large_HDL__locus033	TRUE	TRUE	TRUE
Free_cholesterol_in_very_large_HDL__locus034	TRUE	TRUE	TRUE
Free_cholesterol_in_very_large_HDL__locus035	TRUE	TRUE	TRUE
Free_cholesterol_in_very_large_HDL__locus036	TRUE	TRUE	TRUE
Free_cholesterol_in_very_large_HDL__locus037	TRUE	TRUE	TRUE
Free_cholesterol_in_very_large_HDL__locus038	TRUE	TRUE	TRUE
Free_cholesterol_in_very_large_HDL__locus039	TRUE	TRUE	TRUE
Free_cholesterol_in_very_large_HDL__locus040	TRUE	TRUE	TRUE
Free_cholesterol_in_very_large_HDL__locus041	TRUE	TRUE	TRUE
Free_cholesterol_in_very_large_HDL__locus042	TRUE	TRUE	TRUE
Free_cholesterol_in_very_large_HDL__locus043	TRUE	TRUE	TRUE
Free_cholesterol_in_very_large_HDL__locus044	TRUE	TRUE	TRUE
Free_cholesterol_in_very_large_HDL__locus045	TRUE	TRUE	TRUE
Free_cholesterol_in_very_large_HDL__locus046	TRUE	TRUE	TRUE
Free_cholesterol_in_very_large_HDL__locus047	TRUE	TRUE	TRUE
Free_cholesterol_in_very_large_HDL__locus048	TRUE	TRUE	TRUE
Free_cholesterol_in_very_large_HDL__locus049	TRUE	TRUE	TRUE
Free_cholesterol_in_very_large_HDL__locus050	TRUE	TRUE	TRUE
Free_cholesterol_in_very_large_HDL__locus051	TRUE	TRUE	TRUE
Free_cholesterol_in_very_large_HDL__locus052	TRUE	TRUE	TRUE
Free_cholesterol_in_very_large_HDL__locus053	TRUE	TRUE	TRUE
Free_cholesterol_in_very_large_HDL__locus054	TRUE	TRUE	TRUE
Free_cholesterol_in_very_large_HDL__locus055	TRUE	TRUE	TRUE
Free_cholesterol_in_very_large_HDL__locus056	TRUE	TRUE	TRUE
Free_cholesterol_in_very_large_HDL__locus057	TRUE	TRUE	TRUE
Free_cholesterol_in_very_large_HDL__locus058	TRUE	TRUE	TRUE
Free_cholesterol_in_very_large_HDL__locus059	TRUE	TRUE	TRUE
Free_cholesterol_in_very_large_HDL__locus060	TRUE	TRUE	TRUE
Free_cholesterol_in_very_large_HDL__locus061	TRUE	TRUE	TRUE
Free_cholesterol_in_very_large_HDL__locus062	TRUE	TRUE	TRUE
Free_cholesterol_in_very_large_HDL__locus063	TRUE	TRUE	TRUE
Free_cholesterol_in_very_large_HDL__locus064	TRUE	TRUE	TRUE
Free_cholesterol_in_very_large_HDL__locus065	TRUE	TRUE	TRUE
Free_cholesterol_in_very_large_HDL__locus066	TRUE	TRUE	TRUE
Free_cholesterol_in_very_large_HDL__locus067	TRUE	TRUE	TRUE
Free_cholesterol_in_very_large_HDL__locus068	TRUE	TRUE	TRUE
Free_cholesterol_in_very_large_HDL__locus069	TRUE	TRUE	TRUE
Free_cholesterol_in_very_large_HDL__locus070	TRUE	TRUE	TRUE
Free_cholesterol_in_very_large_HDL__locus071	TRUE	TRUE	TRUE
Free_cholesterol_in_very_large_HDL__locus072	TRUE	TRUE	TRUE
Free_cholesterol_in_very_large_HDL__locus073	TRUE	TRUE	TRUE
Free_cholesterol_in_very_large_HDL__locus074	TRUE	TRUE	TRUE
Free_cholesterol_in_very_large_HDL__locus075	TRUE	TRUE	TRUE
Free_cholesterol_in_very_large_HDL__locus076	TRUE	TRUE	TRUE
Free_cholesterol_in_very_large_HDL__locus077	TRUE	TRUE	TRUE
Free_cholesterol_in_very_large_HDL__locus078	TRUE	TRUE	TRUE
Free_cholesterol_in_very_large_HDL__locus079	TRUE	TRUE	TRUE
Free_cholesterol_in_very_large_HDL__locus080	TRUE	TRUE	TRUE
Free_cholesterol_in_very_large_HDL__locus081	TRUE	TRUE	TRUE
Free_cholesterol_in_very_large_HDL__locus082	TRUE	TRUE	TRUE
Free_cholesterol_in_very_large_HDL__locus083	TRUE	TRUE	TRUE
Free_cholesterol_in_very_large_HDL__locus084	TRUE	TRUE	TRUE
Free_cholesterol_in_very_large_HDL__locus085	TRUE	TRUE	TRUE
Free_cholesterol_in_very_large_HDL__locus086	TRUE	TRUE	TRUE
Free_cholesterol_in_very_large_HDL__locus087	TRUE	TRUE	TRUE
Free_cholesterol_in_very_large_HDL__locus088	TRUE	TRUE	TRUE
Free_cholesterol_in_very_large_HDL__locus089	TRUE	TRUE	TRUE
Free_cholesterol_in_very_large_HDL__locus090	TRUE	TRUE	TRUE
Free_cholesterol_in_very_large_HDL__locus091	TRUE	TRUE	TRUE
Free_cholesterol_in_very_large_HDL__locus092	TRUE	TRUE	TRUE
Free_cholesterol_in_very_large_HDL__locus093	TRUE	TRUE	TRUE
Free_cholesterol_in_very_large_HDL__locus094	TRUE	TRUE	TRUE
Free_cholesterol_in_very_large_HDL__locus095	TRUE	TRUE	TRUE
Free_cholesterol_in_very_large_HDL__locus096	TRUE	TRUE	TRUE
Free_cholesterol_in_very_large_HDL__locus097	TRUE	TRUE	TRUE
Free_cholesterol_in_very_large_HDL__locus098	TRUE	TRUE	TRUE
Free_cholesterol_in_very_large_HDL__locus099	TRUE	TRUE	TRUE
Free_cholesterol_in_very_large_HDL__locus100	TRUE	TRUE	TRUE
Free_cholesterol_in_very_large_HDL__locus101	TRUE	TRUE	TRUE
Free_cholesterol_in_very_large_HDL__locus102	TRUE	TRUE	TRUE
Free_cholesterol_in_very_large_HDL__locus103	TRUE	TRUE	TRUE
Free_cholesterol_in_very_large_HDL__locus104	TRUE	TRUE	TRUE
Free_cholesterol_in_very_large_HDL__locus105	TRUE	TRUE	TRUE
Free_cholesterol_in_very_large_HDL__locus106	TRUE	TRUE	TRUE
Free_cholesterol_in_very_large_HDL__locus107	TRUE	TRUE	TRUE
Free_cholesterol_in_very_large_HDL__locus108	TRUE	TRUE	TRUE
Free_cholesterol_in_very_large_HDL__locus109	TRUE	TRUE	TRUE
Free_cholesterol_in_very_large_HDL__locus110	TRUE	TRUE	TRUE
Free_cholesterol_in_very_large_HDL__locus111	TRUE	TRUE	TRUE
Free_cholesterol_in_very_large_HDL__locus112	TRUE	TRUE	TRUE
Free_cholesterol_in_very_large_HDL__locus113	TRUE	TRUE	TRUE
Free_cholesterol_in_very_large_HDL__locus114	TRUE	TRUE	TRUE
Free_cholesterol_in_very_large_HDL__locus115	TRUE	TRUE	TRUE
Free_cholesterol_in_very_large_HDL__locus116	TRUE	TRUE	TRUE
Free_cholesterol_in_very_large_HDL__locus117	TRUE	TRUE	TRUE
Free_cholesterol_in_very_large_HDL__locus118	TRUE	TRUE	TRUE
Free_cholesterol_in_very_large_HDL__locus119	TRUE	TRUE	TRUE
Free_cholesterol_in_very_large_HDL__locus120	TRUE	TRUE	TRUE
Free_cholesterol_in_very_large_HDL__locus121	TRUE	TRUE	TRUE
Free_cholesterol_in_very_large_HDL__locus122	TRUE	TRUE	TRUE
Free_cholesterol_in_very_large_HDL__locus123	TRUE	TRUE	TRUE
Free_cholesterol_in_very_large_HDL__locus124	TRUE	TRUE	TRUE
Free_cholesterol_in_very_large_HDL__locus125	TRUE	TRUE	TRUE
Free_cholesterol_in_very_large_HDL__locus126	TRUE	TRUE	TRUE
Free_cholesterol_in_very_large_HDL__locus127	TRUE	TRUE	TRUE
Free_cholesterol_in_very_large_HDL__locus128	TRUE	TRUE	TRUE
Free_cholesterol_in_very_large_HDL__locus129	TRUE	TRUE	TRUE
Free_cholesterol_in_very_large_HDL__locus130	TRUE	TRUE	TRUE
Free_cholesterol_in_very_large_HDL__locus131	TRUE	TRUE	TRUE
Free_cholesterol_in_very_large_HDL__locus132	TRUE	TRUE	TRUE
Free_cholesterol_in_very_large_HDL__locus133	TRUE	TRUE	TRUE
Free_cholesterol_in_very_large_HDL__locus134	TRUE	TRUE	TRUE
Free_cholesterol_in_very_large_HDL__locus135	TRUE	TRUE	TRUE
Free_cholesterol_in_very_large_HDL__locus136	TRUE	TRUE	TRUE
Free_cholesterol_in_very_large_HDL__locus137	TRUE	TRUE	TRUE
Free_cholesterol_in_very_large_HDL__locus138	TRUE	TRUE	TRUE
Free_cholesterol_in_very_large_HDL__locus139	TRUE	TRUE	TRUE
Free_cholesterol_in_very_large_HDL__locus140	TRUE	TRUE	TRUE
Free_cholesterol_in_very_large_HDL__locus141	TRUE	TRUE	TRUE
Free_cholesterol_in_very_large_HDL__locus142	TRUE	TRUE	TRUE
Free_cholesterol_in_very_large_HDL__locus143	TRUE	TRUE	TRUE
Free_cholesterol_in_very_large_HDL__locus144	FALSE	FALSE	FALSE
Free_cholesterol_in_very_large_HDL__locus145	TRUE	TRUE	TRUE
Free_cholesterol_in_very_large_HDL__locus146	TRUE	TRUE	TRUE
Free_cholesterol_in_very_large_HDL__locus147	TRUE	TRUE	TRUE
Free_cholesterol_in_very_large_HDL__locus148	TRUE	TRUE	TRUE
Free_cholesterol_in_very_large_HDL__locus149	TRUE	TRUE	TRUE
Free_cholesterol_in_very_large_HDL__locus150	TRUE	TRUE	TRUE
Free_cholesterol_in_very_large_HDL__locus151	TRUE	TRUE	TRUE
Free_cholesterol_in_very_large_HDL__locus152	TRUE	TRUE	TRUE
Free_cholesterol_in_very_large_HDL__locus153	TRUE	TRUE	TRUE
Free_cholesterol_in_very_large_HDL__locus154	TRUE	TRUE	TRUE
Free_cholesterol_in_very_large_HDL__locus155	TRUE	TRUE	TRUE
Free_cholesterol_in_very_large_HDL__locus156	TRUE	TRUE	TRUE
Free_cholesterol_in_very_large_HDL__locus157	TRUE	TRUE	TRUE
Free_cholesterol_in_very_large_HDL__locus158	TRUE	TRUE	TRUE
Free_cholesterol_in_very_large_HDL__locus159	TRUE	TRUE	TRUE
Free_cholesterol_in_very_large_HDL__locus160	TRUE	TRUE	TRUE
Free_cholesterol_in_very_large_HDL__locus161	TRUE	TRUE	TRUE
Free_cholesterol_in_very_large_HDL__locus162	TRUE	TRUE	TRUE
Free_cholesterol_in_very_large_HDL__locus163	TRUE	TRUE	TRUE
Free_cholesterol_in_very_large_HDL__locus164	TRUE	TRUE	TRUE
Free_cholesterol_in_very_large_HDL__locus165	TRUE	TRUE	TRUE
Free_cholesterol_in_very_large_HDL__locus166	TRUE	TRUE	TRUE
Free_cholesterol_in_very_large_HDL__locus167	TRUE	TRUE	TRUE
Free_cholesterol_in_very_large_HDL__locus168	TRUE	TRUE	TRUE
Free_cholesterol_in_very_large_HDL__locus169	TRUE	TRUE	TRUE
Free_cholesterol_in_very_large_HDL__locus170	TRUE	TRUE	TRUE
Free_cholesterol_in_very_large_HDL__locus171	TRUE	TRUE	TRUE
Free_cholesterol_in_very_large_HDL__locus172	TRUE	TRUE	TRUE
Free_cholesterol_in_very_large_HDL__locus173	TRUE	TRUE	TRUE
Free_cholesterol_in_very_large_HDL__locus174	TRUE	TRUE	TRUE
Free_cholesterol_in_very_large_HDL__locus175	TRUE	TRUE	TRUE
Free_cholesterol_in_very_large_HDL__locus176	TRUE	TRUE	TRUE
Free_cholesterol_in_very_large_HDL__locus177	TRUE	TRUE	TRUE
Free_cholesterol_in_very_large_HDL__locus178	TRUE	TRUE	TRUE
Free_cholesterol_in_very_large_HDL__locus179	TRUE	TRUE	TRUE
Free_cholesterol_in_very_large_HDL__locus180	TRUE	TRUE	TRUE
Free_cholesterol_in_very_large_HDL__locus181	TRUE	TRUE	TRUE
Free_cholesterol_in_very_large_HDL__locus182	TRUE	TRUE	TRUE
Free_cholesterol_in_very_large_HDL__locus183	TRUE	TRUE	TRUE
Free_cholesterol_in_very_large_HDL__locus184	TRUE	TRUE	TRUE
Free_cholesterol_in_very_large_HDL__locus185	TRUE	TRUE	TRUE
Free_cholesterol_in_very_large_HDL__locus186	TRUE	TRUE	TRUE
Free_cholesterol_in_very_large_HDL__locus187	TRUE	TRUE	TRUE
Free_cholesterol_in_very_large_HDL__locus188	TRUE	TRUE	TRUE
Free_cholesterol_in_very_large_HDL__locus189	TRUE	TRUE	TRUE
Free_cholesterol_in_very_large_HDL__locus190	TRUE	TRUE	TRUE
Free_cholesterol_in_very_large_HDL__locus191	TRUE	TRUE	TRUE
Free_cholesterol_in_very_large_HDL__locus192	TRUE	TRUE	TRUE
Free_cholesterol_in_very_large_HDL__locus193	TRUE	TRUE	TRUE
Free_cholesterol_in_very_large_HDL__locus194	TRUE	TRUE	TRUE
Free_cholesterol_in_very_large_HDL__locus195	TRUE	TRUE	TRUE
Free_cholesterol_in_very_large_HDL__locus196	TRUE	TRUE	TRUE
Free_cholesterol_in_very_large_HDL__locus197	TRUE	TRUE	TRUE
Free_cholesterol_in_very_large_HDL__locus198	TRUE	TRUE	TRUE
Free_cholesterol_in_very_large_HDL__locus199	TRUE	TRUE	TRUE
Free_cholesterol_in_very_large_HDL__locus200	TRUE	TRUE	TRUE
Free_cholesterol_in_very_large_HDL__locus201	TRUE	TRUE	TRUE
Free_cholesterol_in_very_large_HDL__locus202	TRUE	TRUE	TRUE
Free_cholesterol_in_very_large_HDL__locus203	TRUE	TRUE	TRUE
Free_cholesterol_in_very_large_HDL__locus204	TRUE	TRUE	TRUE
Free_cholesterol_in_very_large_HDL__locus205	TRUE	TRUE	TRUE
Free_cholesterol_in_very_large_HDL__locus206	TRUE	TRUE	TRUE
Free_cholesterol_in_very_large_HDL__locus207	TRUE	TRUE	TRUE
Free_cholesterol_in_very_large_HDL__locus208	TRUE	TRUE	TRUE
Free_cholesterol_in_very_large_HDL__locus209	TRUE	TRUE	TRUE
Free_cholesterol_in_very_large_HDL__locus210	TRUE	TRUE	TRUE
Free_cholesterol_in_very_large_HDL__locus211	TRUE	TRUE	TRUE
Free_cholesterol_in_very_large_HDL__locus212	TRUE	TRUE	TRUE
Free_cholesterol_in_very_large_HDL__locus213	TRUE	TRUE	TRUE
Free_cholesterol_in_very_large_HDL__locus214	TRUE	TRUE	TRUE
Free_cholesterol_in_very_large_HDL__locus215	TRUE	TRUE	TRUE
Free_cholesterol_in_very_large_HDL__locus216	TRUE	TRUE	TRUE
Free_cholesterol_in_very_large_HDL__locus217	TRUE	TRUE	TRUE
Free_cholesterol_in_very_large_HDL__locus218	TRUE	TRUE	TRUE
Free_cholesterol_in_very_large_HDL__locus219	TRUE	TRUE	TRUE
Free_cholesterol_in_very_large_HDL__locus220	TRUE	TRUE	TRUE
Free_cholesterol_in_very_large_HDL__locus221	TRUE	TRUE	TRUE
Free_cholesterol_in_very_large_HDL__locus222	TRUE	TRUE	TRUE
Free_cholesterol_in_very_large_HDL__locus223	TRUE	TRUE	TRUE
Free_cholesterol_in_very_large_HDL__locus224	TRUE	TRUE	TRUE
Free_cholesterol_in_very_large_HDL__locus225	TRUE	TRUE	TRUE
Free_cholesterol_in_very_large_HDL__locus226	TRUE	TRUE	TRUE
Free_cholesterol_in_very_large_HDL__locus227	TRUE	TRUE	TRUE
Free_cholesterol_in_very_large_HDL__locus228	TRUE	TRUE	TRUE
Free_cholesterol_in_very_large_HDL__locus229	TRUE	TRUE	TRUE
Free_cholesterol_in_very_large_HDL__locus230	TRUE	TRUE	TRUE
Free_cholesterol_in_very_large_HDL__locus231	TRUE	TRUE	TRUE
Free_cholesterol_in_very_large_HDL__locus232	TRUE	TRUE	TRUE
Free_cholesterol_in_very_large_HDL__locus233	TRUE	TRUE	TRUE
Free_cholesterol_in_very_large_HDL__locus234	TRUE	TRUE	TRUE
Free_cholesterol_in_very_large_HDL__locus235	TRUE	TRUE	TRUE
Free_cholesterol_in_very_large_HDL__locus236	TRUE	TRUE	TRUE
Free_cholesterol_in_very_large_HDL__locus237	TRUE	TRUE	TRUE
Free_cholesterol_in_very_large_HDL__locus238	TRUE	TRUE	TRUE
Free_cholesterol_in_very_large_HDL__locus239	TRUE	TRUE	TRUE
Free_cholesterol_in_very_large_HDL__locus240	TRUE	TRUE	TRUE
Free_cholesterol_in_very_large_HDL__locus241	TRUE	TRUE	TRUE
Free_cholesterol_in_very_large_HDL__locus242	TRUE	TRUE	TRUE
Free_cholesterol_in_very_large_HDL__locus243	TRUE	TRUE	TRUE
Free_cholesterol_in_very_large_HDL__locus244	TRUE	TRUE	TRUE
Free_cholesterol_in_very_large_HDL__locus245	TRUE	TRUE	TRUE
Free_cholesterol_in_very_large_HDL__locus246	TRUE	TRUE	TRUE
Free_cholesterol_in_very_large_HDL__locus247	TRUE	TRUE	TRUE
Free_cholesterol_in_very_large_HDL__locus248	TRUE	TRUE	TRUE
Free_cholesterol_in_very_large_HDL__locus249	TRUE	TRUE	TRUE
Free_cholesterol_in_very_large_HDL__locus250	TRUE	TRUE	TRUE
Free_cholesterol_in_very_large_HDL__locus251	TRUE	TRUE	TRUE
Free_cholesterol_in_very_large_HDL__locus252	TRUE	TRUE	TRUE
Free_cholesterol_in_very_large_HDL__locus253	TRUE	TRUE	TRUE
Free_cholesterol_in_very_large_HDL__locus254	TRUE	TRUE	TRUE
Free_cholesterol_in_very_large_HDL__locus255	TRUE	TRUE	TRUE
Free_cholesterol_in_very_large_HDL__locus256	TRUE	TRUE	TRUE
Free_cholesterol_in_very_large_HDL__locus257	TRUE	TRUE	TRUE
Free_cholesterol_in_very_large_HDL__locus258	TRUE	TRUE	TRUE
Free_cholesterol_in_very_large_HDL__locus259	TRUE	TRUE	TRUE
Free_cholesterol_in_very_large_HDL__locus260	TRUE	TRUE	TRUE
Free_cholesterol_in_very_large_HDL__locus261	TRUE	TRUE	TRUE
Free_cholesterol_in_very_large_HDL__locus262	TRUE	TRUE	TRUE
Free_cholesterol_in_very_large_HDL__locus263	TRUE	TRUE	TRUE
Free_cholesterol_in_very_large_HDL__locus264	TRUE	TRUE	TRUE
Free_cholesterol_in_very_large_HDL__locus265	TRUE	TRUE	TRUE
Free_cholesterol_in_very_large_HDL__locus266	TRUE	TRUE	TRUE
Free_cholesterol_in_very_large_HDL__locus267	TRUE	TRUE	TRUE
Free_cholesterol_in_very_large_HDL__locus268	TRUE	TRUE	TRUE
Free_cholesterol_in_very_large_HDL__locus269	TRUE	TRUE	TRUE
Free_cholesterol_in_very_large_HDL__locus270	TRUE	TRUE	TRUE
Free_cholesterol_in_very_large_HDL__locus271	TRUE	TRUE	TRUE
Free_cholesterol_in_very_large_HDL__locus272	TRUE	TRUE	TRUE
Free_cholesterol_in_very_large_HDL__locus273	TRUE	TRUE	TRUE
Free_cholesterol_in_very_large_HDL__locus274	TRUE	TRUE	TRUE
Free_cholesterol_in_very_large_HDL__locus275	TRUE	TRUE	TRUE
Free_cholesterol_in_very_large_HDL__locus276	TRUE	TRUE	TRUE
Free_cholesterol_in_very_large_HDL__locus277	TRUE	TRUE	TRUE
Free_cholesterol_in_very_large_HDL__locus278	TRUE	TRUE	TRUE
Free_cholesterol_in_very_large_HDL__locus279	TRUE	TRUE	TRUE
Free_cholesterol_in_very_large_HDL__locus280	TRUE	TRUE	TRUE
Free_cholesterol_in_very_large_HDL__locus281	TRUE	TRUE	TRUE
Free_cholesterol_in_very_large_HDL__locus282	TRUE	TRUE	TRUE
Free_cholesterol_in_very_large_HDL__locus283	TRUE	TRUE	TRUE
Free_cholesterol_in_very_large_HDL__locus284	TRUE	TRUE	TRUE
Free_cholesterol_in_very_large_HDL__locus285	TRUE	TRUE	TRUE
Free_cholesterol_in_very_large_HDL__locus286	TRUE	TRUE	TRUE
Free_cholesterol_in_very_large_HDL__locus287	TRUE	TRUE	TRUE
Free_cholesterol_in_very_large_HDL__locus288	TRUE	TRUE	TRUE
Free_cholesterol_in_very_large_HDL__locus289	TRUE	TRUE	TRUE
Free_cholesterol_in_very_large_HDL__locus290	FALSE	FALSE	FALSE
Free_cholesterol_in_very_large_HDL__locus291	TRUE	TRUE	TRUE
Free_cholesterol_in_very_large_HDL__locus292	TRUE	TRUE	TRUE
Free_cholesterol_in_very_large_HDL__locus293	TRUE	TRUE	TRUE
Free_cholesterol_in_very_large_HDL__locus294	TRUE	TRUE	TRUE
Free_cholesterol_in_very_large_HDL__locus295	TRUE	TRUE	TRUE
Free_cholesterol_in_very_large_HDL__locus296	TRUE	TRUE	TRUE
Free_cholesterol_in_very_large_HDL__locus297	TRUE	TRUE	TRUE
Free_cholesterol_in_very_large_HDL__locus298	TRUE	TRUE	TRUE
Free_cholesterol_in_very_large_HDL__locus299	TRUE	TRUE	TRUE
Free_cholesterol_to_total_lipids_ratio_in_medium_VLDL__locus001	TRUE	TRUE	TRUE
Free_cholesterol_to_total_lipids_ratio_in_medium_VLDL__locus002	TRUE	TRUE	TRUE
Free_cholesterol_to_total_lipids_ratio_in_medium_VLDL__locus003	TRUE	TRUE	TRUE
Free_cholesterol_to_total_lipids_ratio_in_medium_VLDL__locus004	TRUE	TRUE	TRUE
Free_cholesterol_to_total_lipids_ratio_in_medium_VLDL__locus005	TRUE	TRUE	TRUE
Free_cholesterol_to_total_lipids_ratio_in_medium_VLDL__locus006	TRUE	TRUE	TRUE
Free_cholesterol_to_total_lipids_ratio_in_medium_VLDL__locus007	TRUE	TRUE	TRUE
Free_cholesterol_to_total_lipids_ratio_in_medium_VLDL__locus008	TRUE	TRUE	TRUE
Free_cholesterol_to_total_lipids_ratio_in_medium_VLDL__locus009	TRUE	TRUE	TRUE
Free_cholesterol_to_total_lipids_ratio_in_medium_VLDL__locus010	TRUE	TRUE	TRUE
Free_cholesterol_to_total_lipids_ratio_in_medium_VLDL__locus011	TRUE	TRUE	TRUE
Free_cholesterol_to_total_lipids_ratio_in_medium_VLDL__locus012	TRUE	TRUE	TRUE
Free_cholesterol_to_total_lipids_ratio_in_medium_VLDL__locus013	FALSE	FALSE	FALSE
Free_cholesterol_to_total_lipids_ratio_in_medium_VLDL__locus014	TRUE	TRUE	TRUE
Free_cholesterol_to_total_lipids_ratio_in_medium_VLDL__locus015	TRUE	TRUE	TRUE
Free_cholesterol_to_total_lipids_ratio_in_medium_VLDL__locus016	TRUE	TRUE	TRUE
Free_cholesterol_to_total_lipids_ratio_in_medium_VLDL__locus017	TRUE	TRUE	TRUE
Free_cholesterol_to_total_lipids_ratio_in_medium_VLDL__locus018	TRUE	TRUE	TRUE
Free_cholesterol_to_total_lipids_ratio_in_medium_VLDL__locus019	TRUE	TRUE	TRUE
Free_cholesterol_to_total_lipids_ratio_in_medium_VLDL__locus020	TRUE	TRUE	TRUE
Free_cholesterol_to_total_lipids_ratio_in_medium_VLDL__locus021	TRUE	TRUE	TRUE
Free_cholesterol_to_total_lipids_ratio_in_medium_VLDL__locus022	TRUE	TRUE	TRUE
Free_cholesterol_to_total_lipids_ratio_in_medium_VLDL__locus023	TRUE	TRUE	TRUE
Free_cholesterol_to_total_lipids_ratio_in_medium_VLDL__locus024	TRUE	TRUE	TRUE
Free_cholesterol_to_total_lipids_ratio_in_medium_VLDL__locus025	TRUE	TRUE	TRUE
Free_cholesterol_to_total_lipids_ratio_in_medium_VLDL__locus026	TRUE	TRUE	TRUE
Free_cholesterol_to_total_lipids_ratio_in_medium_VLDL__locus027	TRUE	TRUE	TRUE
Free_cholesterol_to_total_lipids_ratio_in_medium_VLDL__locus028	TRUE	TRUE	TRUE
Free_cholesterol_to_total_lipids_ratio_in_medium_VLDL__locus029	TRUE	TRUE	TRUE
Free_cholesterol_to_total_lipids_ratio_in_medium_VLDL__locus030	TRUE	TRUE	TRUE
Free_cholesterol_to_total_lipids_ratio_in_medium_VLDL__locus031	TRUE	TRUE	TRUE
Free_cholesterol_to_total_lipids_ratio_in_medium_VLDL__locus032	TRUE	TRUE	TRUE
Free_cholesterol_to_total_lipids_ratio_in_medium_VLDL__locus033	TRUE	TRUE	TRUE
Free_cholesterol_to_total_lipids_ratio_in_medium_VLDL__locus034	TRUE	TRUE	TRUE
Free_cholesterol_to_total_lipids_ratio_in_medium_VLDL__locus035	TRUE	TRUE	TRUE
Free_cholesterol_to_total_lipids_ratio_in_medium_VLDL__locus036	TRUE	TRUE	TRUE
Free_cholesterol_to_total_lipids_ratio_in_medium_VLDL__locus037	TRUE	TRUE	TRUE
Free_cholesterol_to_total_lipids_ratio_in_medium_VLDL__locus038	TRUE	TRUE	TRUE
Free_cholesterol_to_total_lipids_ratio_in_medium_VLDL__locus039	TRUE	TRUE	TRUE
Free_cholesterol_to_total_lipids_ratio_in_medium_VLDL__locus040	TRUE	TRUE	TRUE
Free_cholesterol_to_total_lipids_ratio_in_medium_VLDL__locus041	TRUE	TRUE	TRUE
Free_cholesterol_to_total_lipids_ratio_in_medium_VLDL__locus042	TRUE	TRUE	TRUE
Free_cholesterol_to_total_lipids_ratio_in_medium_VLDL__locus043	TRUE	TRUE	TRUE
Free_cholesterol_to_total_lipids_ratio_in_medium_VLDL__locus044	TRUE	TRUE	TRUE
Free_cholesterol_to_total_lipids_ratio_in_medium_VLDL__locus045	TRUE	TRUE	TRUE
Free_cholesterol_to_total_lipids_ratio_in_medium_VLDL__locus046	TRUE	TRUE	TRUE
Free_cholesterol_to_total_lipids_ratio_in_medium_VLDL__locus047	TRUE	TRUE	TRUE
Free_cholesterol_to_total_lipids_ratio_in_medium_VLDL__locus048	TRUE	TRUE	TRUE
Free_cholesterol_to_total_lipids_ratio_in_medium_VLDL__locus049	TRUE	TRUE	TRUE
Free_cholesterol_to_total_lipids_ratio_in_medium_VLDL__locus050	TRUE	TRUE	TRUE
Free_cholesterol_to_total_lipids_ratio_in_medium_VLDL__locus051	TRUE	TRUE	TRUE
Free_cholesterol_to_total_lipids_ratio_in_medium_VLDL__locus052	TRUE	TRUE	TRUE
Free_cholesterol_to_total_lipids_ratio_in_medium_VLDL__locus053	TRUE	TRUE	TRUE
Free_cholesterol_to_total_lipids_ratio_in_medium_VLDL__locus054	TRUE	TRUE	TRUE
Free_cholesterol_to_total_lipids_ratio_in_medium_VLDL__locus055	TRUE	TRUE	TRUE
Free_cholesterol_to_total_lipids_ratio_in_medium_VLDL__locus056	TRUE	TRUE	TRUE
Free_cholesterol_to_total_lipids_ratio_in_medium_VLDL__locus057	TRUE	TRUE	TRUE
Free_cholesterol_to_total_lipids_ratio_in_medium_VLDL__locus058	TRUE	TRUE	TRUE
Free_cholesterol_to_total_lipids_ratio_in_medium_VLDL__locus059	TRUE	TRUE	TRUE
Free_cholesterol_to_total_lipids_ratio_in_medium_VLDL__locus060	TRUE	TRUE	TRUE
Free_cholesterol_to_total_lipids_ratio_in_medium_VLDL__locus061	TRUE	TRUE	TRUE
Free_cholesterol_to_total_lipids_ratio_in_medium_VLDL__locus062	TRUE	TRUE	TRUE
Free_cholesterol_to_total_lipids_ratio_in_medium_VLDL__locus063	TRUE	TRUE	TRUE
Free_cholesterol_to_total_lipids_ratio_in_medium_VLDL__locus064	TRUE	TRUE	TRUE
Free_cholesterol_to_total_lipids_ratio_in_medium_VLDL__locus065	TRUE	TRUE	TRUE
Free_cholesterol_to_total_lipids_ratio_in_medium_VLDL__locus066	TRUE	TRUE	TRUE
Free_cholesterol_to_total_lipids_ratio_in_medium_VLDL__locus067	TRUE	TRUE	TRUE
Free_cholesterol_to_total_lipids_ratio_in_medium_VLDL__locus068	TRUE	TRUE	TRUE
Free_cholesterol_to_total_lipids_ratio_in_medium_VLDL__locus069	TRUE	TRUE	TRUE
Free_cholesterol_to_total_lipids_ratio_in_medium_VLDL__locus070	TRUE	TRUE	TRUE
Free_cholesterol_to_total_lipids_ratio_in_medium_VLDL__locus071	TRUE	TRUE	TRUE
Free_cholesterol_to_total_lipids_ratio_in_medium_VLDL__locus072	TRUE	TRUE	TRUE
Free_cholesterol_to_total_lipids_ratio_in_medium_VLDL__locus073	TRUE	TRUE	TRUE
Free_cholesterol_to_total_lipids_ratio_in_medium_VLDL__locus074	TRUE	TRUE	TRUE
Free_cholesterol_to_total_lipids_ratio_in_medium_VLDL__locus075	TRUE	TRUE	TRUE
Free_cholesterol_to_total_lipids_ratio_in_medium_VLDL__locus076	TRUE	TRUE	TRUE
Free_cholesterol_to_total_lipids_ratio_in_medium_VLDL__locus077	TRUE	TRUE	TRUE
Free_cholesterol_to_total_lipids_ratio_in_medium_VLDL__locus078	TRUE	TRUE	TRUE
Free_cholesterol_to_total_lipids_ratio_in_medium_VLDL__locus079	TRUE	TRUE	TRUE
Free_cholesterol_to_total_lipids_ratio_in_medium_VLDL__locus080	TRUE	TRUE	TRUE
Free_cholesterol_to_total_lipids_ratio_in_medium_VLDL__locus081	TRUE	TRUE	TRUE
Free_cholesterol_to_total_lipids_ratio_in_medium_VLDL__locus082	TRUE	TRUE	TRUE
Free_cholesterol_to_total_lipids_ratio_in_medium_VLDL__locus083	TRUE	TRUE	TRUE
Free_cholesterol_to_total_lipids_ratio_in_medium_VLDL__locus084	TRUE	TRUE	TRUE
Free_cholesterol_to_total_lipids_ratio_in_medium_VLDL__locus085	TRUE	TRUE	TRUE
Free_cholesterol_to_total_lipids_ratio_in_medium_VLDL__locus086	FALSE	FALSE	FALSE
Free_cholesterol_to_total_lipids_ratio_in_medium_VLDL__locus087	TRUE	TRUE	TRUE
Free_cholesterol_to_total_lipids_ratio_in_medium_VLDL__locus088	TRUE	TRUE	TRUE
Free_cholesterol_to_total_lipids_ratio_in_medium_VLDL__locus089	TRUE	TRUE	TRUE
Free_cholesterol_to_total_lipids_ratio_in_medium_VLDL__locus090	TRUE	TRUE	TRUE
Free_cholesterol_to_total_lipids_ratio_in_medium_VLDL__locus091	TRUE	TRUE	TRUE
Free_cholesterol_to_total_lipids_ratio_in_medium_VLDL__locus092	TRUE	TRUE	TRUE
Free_cholesterol_to_total_lipids_ratio_in_medium_VLDL__locus093	TRUE	TRUE	TRUE
Free_cholesterol_to_total_lipids_ratio_in_medium_VLDL__locus094	TRUE	TRUE	TRUE
Free_cholesterol_to_total_lipids_ratio_in_medium_VLDL__locus095	TRUE	TRUE	TRUE
Free_cholesterol_to_total_lipids_ratio_in_medium_VLDL__locus096	TRUE	TRUE	TRUE
Free_cholesterol_to_total_lipids_ratio_in_medium_VLDL__locus097	TRUE	TRUE	TRUE
Free_cholesterol_to_total_lipids_ratio_in_medium_VLDL__locus098	TRUE	TRUE	TRUE
Free_cholesterol_to_total_lipids_ratio_in_medium_VLDL__locus099	TRUE	TRUE	TRUE
Free_cholesterol_to_total_lipids_ratio_in_medium_VLDL__locus100	TRUE	TRUE	TRUE
Free_cholesterol_to_total_lipids_ratio_in_medium_VLDL__locus101	TRUE	TRUE	TRUE
Free_cholesterol_to_total_lipids_ratio_in_medium_VLDL__locus102	TRUE	TRUE	TRUE
Free_cholesterol_to_total_lipids_ratio_in_medium_VLDL__locus103	TRUE	TRUE	TRUE
Free_cholesterol_to_total_lipids_ratio_in_medium_VLDL__locus104	TRUE	TRUE	TRUE
Free_cholesterol_to_total_lipids_ratio_in_medium_VLDL__locus105	TRUE	TRUE	TRUE
Free_cholesterol_to_total_lipids_ratio_in_medium_VLDL__locus106	TRUE	TRUE	TRUE
Free_cholesterol_to_total_lipids_ratio_in_medium_VLDL__locus107	TRUE	TRUE	TRUE
Free_cholesterol_to_total_lipids_ratio_in_medium_VLDL__locus108	TRUE	TRUE	TRUE
Free_cholesterol_to_total_lipids_ratio_in_medium_VLDL__locus109	TRUE	TRUE	TRUE
Free_cholesterol_to_total_lipids_ratio_in_medium_VLDL__locus110	TRUE	TRUE	TRUE
Free_cholesterol_to_total_lipids_ratio_in_medium_VLDL__locus111	TRUE	TRUE	TRUE
Free_cholesterol_to_total_lipids_ratio_in_medium_VLDL__locus112	TRUE	TRUE	TRUE
Free_cholesterol_to_total_lipids_ratio_in_medium_VLDL__locus113	TRUE	TRUE	TRUE
Free_cholesterol_to_total_lipids_ratio_in_medium_VLDL__locus114	TRUE	TRUE	TRUE
Free_cholesterol_to_total_lipids_ratio_in_medium_VLDL__locus115	TRUE	TRUE	TRUE
Free_cholesterol_to_total_lipids_ratio_in_medium_VLDL__locus116	TRUE	TRUE	TRUE
Free_cholesterol_to_total_lipids_ratio_in_medium_VLDL__locus117	TRUE	TRUE	TRUE
Free_cholesterol_to_total_lipids_ratio_in_medium_VLDL__locus118	TRUE	TRUE	TRUE
Free_cholesterol_to_total_lipids_ratio_in_medium_VLDL__locus119	TRUE	TRUE	TRUE
Free_cholesterol_to_total_lipids_ratio_in_medium_VLDL__locus120	TRUE	TRUE	TRUE
Free_cholesterol_to_total_lipids_ratio_in_medium_VLDL__locus121	TRUE	TRUE	TRUE
Free_cholesterol_to_total_lipids_ratio_in_medium_VLDL__locus122	TRUE	TRUE	TRUE
Free_cholesterol_to_total_lipids_ratio_in_medium_VLDL__locus123	TRUE	TRUE	TRUE
Free_cholesterol_to_total_lipids_ratio_in_medium_VLDL__locus124	TRUE	TRUE	TRUE
Free_cholesterol_to_total_lipids_ratio_in_medium_VLDL__locus125	TRUE	TRUE	TRUE
Free_cholesterol_to_total_lipids_ratio_in_medium_VLDL__locus126	TRUE	TRUE	TRUE
Free_cholesterol_to_total_lipids_ratio_in_medium_VLDL__locus127	TRUE	TRUE	TRUE
Free_cholesterol_to_total_lipids_ratio_in_medium_VLDL__locus128	TRUE	TRUE	TRUE
Free_cholesterol_to_total_lipids_ratio_in_medium_VLDL__locus129	TRUE	TRUE	TRUE
Free_cholesterol_to_total_lipids_ratio_in_medium_VLDL__locus130	TRUE	TRUE	TRUE
Free_cholesterol_to_total_lipids_ratio_in_medium_VLDL__locus131	TRUE	TRUE	TRUE
Free_cholesterol_to_total_lipids_ratio_in_medium_VLDL__locus132	TRUE	TRUE	TRUE
Free_cholesterol_to_total_lipids_ratio_in_medium_VLDL__locus133	TRUE	TRUE	TRUE
Free_cholesterol_to_total_lipids_ratio_in_medium_VLDL__locus134	TRUE	TRUE	TRUE
Free_cholesterol_to_total_lipids_ratio_in_medium_VLDL__locus135	TRUE	TRUE	TRUE
Free_cholesterol_to_total_lipids_ratio_in_medium_VLDL__locus136	TRUE	TRUE	TRUE
Free_cholesterol_to_total_lipids_ratio_in_medium_VLDL__locus137	TRUE	TRUE	TRUE
Free_cholesterol_to_total_lipids_ratio_in_medium_VLDL__locus138	TRUE	TRUE	TRUE
Free_cholesterol_to_total_lipids_ratio_in_medium_VLDL__locus139	TRUE	TRUE	TRUE
Free_cholesterol_to_total_lipids_ratio_in_medium_VLDL__locus140	TRUE	TRUE	TRUE
Free_cholesterol_to_total_lipids_ratio_in_medium_VLDL__locus141	TRUE	TRUE	TRUE
Free_cholesterol_to_total_lipids_ratio_in_medium_VLDL__locus142	TRUE	TRUE	TRUE
Free_cholesterol_to_total_lipids_ratio_in_medium_VLDL__locus143	TRUE	TRUE	TRUE
Free_cholesterol_to_total_lipids_ratio_in_medium_VLDL__locus144	TRUE	TRUE	TRUE
Free_cholesterol_to_total_lipids_ratio_in_medium_VLDL__locus145	TRUE	TRUE	TRUE
Free_cholesterol_to_total_lipids_ratio_in_medium_VLDL__locus146	TRUE	TRUE	TRUE
Free_cholesterol_to_total_lipids_ratio_in_medium_VLDL__locus147	TRUE	TRUE	TRUE
Free_cholesterol_to_total_lipids_ratio_in_medium_VLDL__locus148	TRUE	TRUE	TRUE
Free_cholesterol_to_total_lipids_ratio_in_medium_VLDL__locus149	TRUE	TRUE	TRUE
Free_cholesterol_to_total_lipids_ratio_in_medium_VLDL__locus150	TRUE	TRUE	TRUE
Free_cholesterol_to_total_lipids_ratio_in_medium_VLDL__locus151	TRUE	TRUE	TRUE
Free_cholesterol_to_total_lipids_ratio_in_medium_VLDL__locus152	TRUE	TRUE	TRUE
Free_cholesterol_to_total_lipids_ratio_in_medium_VLDL__locus153	TRUE	TRUE	TRUE
Free_cholesterol_to_total_lipids_ratio_in_medium_VLDL__locus154	TRUE	TRUE	TRUE
Free_cholesterol_to_total_lipids_ratio_in_medium_VLDL__locus155	TRUE	TRUE	TRUE
Free_cholesterol_to_total_lipids_ratio_in_medium_VLDL__locus156	TRUE	TRUE	TRUE
Free_cholesterol_to_total_lipids_ratio_in_medium_VLDL__locus157	TRUE	TRUE	TRUE
Free_cholesterol_to_total_lipids_ratio_in_medium_VLDL__locus158	TRUE	TRUE	TRUE
Free_cholesterol_to_total_lipids_ratio_in_medium_VLDL__locus159	TRUE	TRUE	TRUE
Free_cholesterol_to_total_lipids_ratio_in_medium_VLDL__locus160	TRUE	TRUE	TRUE
Free_cholesterol_to_total_lipids_ratio_in_medium_VLDL__locus161	TRUE	TRUE	TRUE
Free_cholesterol_to_total_lipids_ratio_in_medium_VLDL__locus162	TRUE	TRUE	TRUE
Free_cholesterol_to_total_lipids_ratio_in_medium_VLDL__locus163	TRUE	TRUE	TRUE
Free_cholesterol_to_total_lipids_ratio_in_medium_VLDL__locus164	TRUE	TRUE	TRUE
Free_cholesterol_to_total_lipids_ratio_in_medium_VLDL__locus165	TRUE	TRUE	TRUE
Free_cholesterol_to_total_lipids_ratio_in_medium_VLDL__locus166	TRUE	TRUE	TRUE
Free_cholesterol_to_total_lipids_ratio_in_medium_VLDL__locus167	TRUE	TRUE	TRUE
Free_cholesterol_to_total_lipids_ratio_in_medium_VLDL__locus168	TRUE	TRUE	TRUE
Free_cholesterol_to_total_lipids_ratio_in_medium_VLDL__locus169	TRUE	TRUE	TRUE
Free_cholesterol_to_total_lipids_ratio_in_medium_VLDL__locus170	TRUE	TRUE	TRUE
Free_cholesterol_to_total_lipids_ratio_in_medium_VLDL__locus171	TRUE	TRUE	TRUE
Free_cholesterol_to_total_lipids_ratio_in_medium_VLDL__locus172	TRUE	TRUE	TRUE
Free_cholesterol_to_total_lipids_ratio_in_medium_VLDL__locus173	TRUE	TRUE	TRUE
Free_cholesterol_to_total_lipids_ratio_in_medium_VLDL__locus174	TRUE	TRUE	TRUE
Free_cholesterol_to_total_lipids_ratio_in_medium_VLDL__locus175	TRUE	TRUE	TRUE
Free_cholesterol_to_total_lipids_ratio_in_medium_VLDL__locus176	TRUE	TRUE	FALSE
Free_cholesterol_to_total_lipids_ratio_in_medium_VLDL__locus177	TRUE	TRUE	TRUE
Free_cholesterol_to_total_lipids_ratio_in_medium_VLDL__locus178	TRUE	TRUE	TRUE
Free_cholesterol_to_total_lipids_ratio_in_medium_VLDL__locus179	TRUE	TRUE	TRUE
Free_cholesterol_to_total_lipids_ratio_in_medium_VLDL__locus180	TRUE	TRUE	TRUE
Free_cholesterol_to_total_lipids_ratio_in_medium_VLDL__locus181	TRUE	TRUE	TRUE
Free_cholesterol_to_total_lipids_ratio_in_medium_VLDL__locus182	TRUE	TRUE	TRUE
Free_cholesterol_to_total_lipids_ratio_in_medium_VLDL__locus183	TRUE	TRUE	TRUE
Free_cholesterol_to_total_lipids_ratio_in_medium_VLDL__locus184	TRUE	TRUE	TRUE
Free_cholesterol_to_total_lipids_ratio_in_medium_VLDL__locus185	TRUE	TRUE	TRUE
Free_cholesterol_to_total_lipids_ratio_in_medium_VLDL__locus186	TRUE	TRUE	TRUE
Free_cholesterol_to_total_lipids_ratio_in_medium_VLDL__locus187	TRUE	TRUE	TRUE
Free_cholesterol_to_total_lipids_ratio_in_medium_VLDL__locus188	TRUE	TRUE	TRUE
Free_cholesterol_to_total_lipids_ratio_in_medium_VLDL__locus189	TRUE	TRUE	TRUE
Free_cholesterol_to_total_lipids_ratio_in_medium_VLDL__locus190	TRUE	TRUE	TRUE
Free_cholesterol_to_total_lipids_ratio_in_medium_VLDL__locus191	TRUE	TRUE	TRUE
Free_cholesterol_to_total_lipids_ratio_in_medium_VLDL__locus192	TRUE	TRUE	TRUE
Free_cholesterol_to_total_lipids_ratio_in_medium_VLDL__locus193	TRUE	TRUE	TRUE
Free_cholesterol_to_total_lipids_ratio_in_medium_VLDL__locus194	TRUE	TRUE	TRUE
Free_cholesterol_to_total_lipids_ratio_in_medium_VLDL__locus195	TRUE	TRUE	TRUE
Free_cholesterol_to_total_lipids_ratio_in_medium_VLDL__locus196	TRUE	TRUE	TRUE
Free_cholesterol_to_total_lipids_ratio_in_medium_VLDL__locus197	TRUE	TRUE	TRUE
Free_cholesterol_to_total_lipids_ratio_in_medium_VLDL__locus198	TRUE	TRUE	TRUE
Free_cholesterol_to_total_lipids_ratio_in_medium_VLDL__locus199	TRUE	TRUE	TRUE
Free_cholesterol_to_total_lipids_ratio_in_medium_VLDL__locus200	TRUE	TRUE	TRUE
Free_cholesterol_to_total_lipids_ratio_in_medium_VLDL__locus201	TRUE	TRUE	TRUE
Free_cholesterol_to_total_lipids_ratio_in_medium_VLDL__locus202	TRUE	TRUE	TRUE
Free_cholesterol_to_total_lipids_ratio_in_medium_VLDL__locus203	TRUE	TRUE	TRUE
Free_cholesterol_to_total_lipids_ratio_in_medium_VLDL__locus204	TRUE	TRUE	TRUE
Free_cholesterol_to_total_lipids_ratio_in_medium_VLDL__locus205	TRUE	TRUE	TRUE
Free_cholesterol_to_total_lipids_ratio_in_medium_VLDL__locus206	TRUE	TRUE	TRUE
Free_cholesterol_to_total_lipids_ratio_in_medium_VLDL__locus207	TRUE	TRUE	TRUE
Free_cholesterol_to_total_lipids_ratio_in_medium_VLDL__locus208	TRUE	TRUE	TRUE
Free_cholesterol_to_total_lipids_ratio_in_medium_VLDL__locus209	TRUE	TRUE	TRUE
Free_cholesterol_to_total_lipids_ratio_in_medium_VLDL__locus210	TRUE	TRUE	TRUE
Free_cholesterol_to_total_lipids_ratio_in_medium_VLDL__locus211	TRUE	TRUE	TRUE
Free_cholesterol_to_total_lipids_ratio_in_medium_VLDL__locus212	TRUE	TRUE	TRUE
Free_cholesterol_to_total_lipids_ratio_in_medium_VLDL__locus213	TRUE	TRUE	TRUE
Free_cholesterol_to_total_lipids_ratio_in_medium_VLDL__locus214	TRUE	TRUE	TRUE
Free_cholesterol_to_total_lipids_ratio_in_medium_VLDL__locus215	TRUE	TRUE	TRUE
Free_cholesterol_to_total_lipids_ratio_in_medium_VLDL__locus216	TRUE	TRUE	TRUE
Free_cholesterol_to_total_lipids_ratio_in_medium_VLDL__locus217	TRUE	TRUE	TRUE
Free_cholesterol_to_total_lipids_ratio_in_medium_VLDL__locus218	TRUE	TRUE	TRUE
Free_cholesterol_to_total_lipids_ratio_in_medium_VLDL__locus219	TRUE	TRUE	TRUE
Free_cholesterol_to_total_lipids_ratio_in_medium_VLDL__locus220	TRUE	TRUE	TRUE
Free_cholesterol_to_total_lipids_ratio_in_medium_VLDL__locus221	TRUE	TRUE	TRUE
Free_cholesterol_to_total_lipids_ratio_in_medium_VLDL__locus222	FALSE	FALSE	FALSE
Free_cholesterol_to_total_lipids_ratio_in_medium_VLDL__locus223	TRUE	TRUE	TRUE
Free_cholesterol_to_total_lipids_ratio_in_medium_VLDL__locus224	TRUE	TRUE	TRUE
Free_cholesterol_to_total_lipids_ratio_in_medium_VLDL__locus225	TRUE	TRUE	TRUE
Free_cholesterol_to_total_lipids_ratio_in_medium_VLDL__locus226	TRUE	TRUE	TRUE
Free_cholesterol_to_total_lipids_ratio_in_medium_VLDL__locus227	TRUE	TRUE	TRUE
Free_cholesterol_to_total_lipids_ratio_in_medium_VLDL__locus228	TRUE	TRUE	TRUE
Free_cholesterol_to_total_lipids_ratio_in_medium_VLDL__locus229	TRUE	TRUE	TRUE
Free_cholesterol_to_total_lipids_ratio_in_medium_VLDL__locus230	TRUE	TRUE	TRUE
Free_cholesterol_to_total_lipids_ratio_in_medium_VLDL__locus231	TRUE	TRUE	TRUE
Free_cholesterol_to_total_lipids_ratio_in_medium_VLDL__locus232	TRUE	TRUE	TRUE
Free_cholesterol_to_total_lipids_ratio_in_medium_VLDL__locus233	TRUE	TRUE	TRUE
Free_cholesterol_to_total_lipids_ratio_in_medium_VLDL__locus234	TRUE	TRUE	TRUE
Free_cholesterol_to_total_lipids_ratio_in_medium_VLDL__locus235	TRUE	TRUE	TRUE
Free_cholesterol_to_total_lipids_ratio_in_medium_VLDL__locus236	TRUE	TRUE	TRUE
Free_cholesterol_to_total_lipids_ratio_in_medium_VLDL__locus237	TRUE	TRUE	TRUE
Free_cholesterol_to_total_lipids_ratio_in_medium_VLDL__locus238	TRUE	TRUE	TRUE
Free_cholesterol_to_total_lipids_ratio_in_medium_VLDL__locus239	TRUE	TRUE	TRUE
Free_cholesterol_to_total_lipids_ratio_in_medium_VLDL__locus240	TRUE	TRUE	TRUE
Free_cholesterol_to_total_lipids_ratio_in_medium_VLDL__locus241	TRUE	TRUE	TRUE
Free_cholesterol_to_total_lipids_ratio_in_medium_VLDL__locus242	TRUE	TRUE	TRUE
Free_cholesterol_to_total_lipids_ratio_in_medium_VLDL__locus243	TRUE	TRUE	TRUE
Free_cholesterol_to_total_lipids_ratio_in_medium_VLDL__locus244	TRUE	TRUE	TRUE
Free_cholesterol_to_total_lipids_ratio_in_medium_VLDL__locus245	TRUE	TRUE	TRUE
Free_cholesterol_to_total_lipids_ratio_in_medium_VLDL__locus246	TRUE	TRUE	TRUE
Free_cholesterol_to_total_lipids_ratio_in_medium_VLDL__locus247	TRUE	TRUE	TRUE
Free_cholesterol_to_total_lipids_ratio_in_medium_VLDL__locus248	TRUE	TRUE	TRUE
Free_cholesterol_to_total_lipids_ratio_in_medium_VLDL__locus249	TRUE	TRUE	TRUE
Free_cholesterol_to_total_lipids_ratio_in_medium_VLDL__locus250	TRUE	TRUE	TRUE
Free_cholesterol_to_total_lipids_ratio_in_medium_VLDL__locus251	TRUE	TRUE	TRUE
Free_cholesterol_to_total_lipids_ratio_in_medium_VLDL__locus252	TRUE	TRUE	TRUE
Free_cholesterol_to_total_lipids_ratio_in_medium_VLDL__locus253	TRUE	TRUE	TRUE
Free_cholesterol_to_total_lipids_ratio_in_medium_VLDL__locus254	TRUE	TRUE	TRUE
Free_cholesterol_to_total_lipids_ratio_in_medium_VLDL__locus255	TRUE	TRUE	TRUE
Free_cholesterol_to_total_lipids_ratio_in_medium_VLDL__locus256	TRUE	TRUE	TRUE
Free_cholesterol_to_total_lipids_ratio_in_medium_VLDL__locus257	TRUE	TRUE	TRUE
Free_cholesterol_to_total_lipids_ratio_in_medium_VLDL__locus258	TRUE	TRUE	TRUE
Free_cholesterol_to_total_lipids_ratio_in_medium_VLDL__locus259	TRUE	TRUE	TRUE
Free_cholesterol_to_total_lipids_ratio_in_medium_VLDL__locus260	TRUE	TRUE	TRUE
Free_cholesterol_to_total_lipids_ratio_in_medium_VLDL__locus261	TRUE	TRUE	TRUE
Free_cholesterol_to_total_lipids_ratio_in_medium_VLDL__locus262	TRUE	TRUE	TRUE
Free_cholesterol_to_total_lipids_ratio_in_medium_VLDL__locus263	TRUE	TRUE	TRUE
Free_cholesterol_to_total_lipids_ratio_in_medium_VLDL__locus264	TRUE	TRUE	TRUE
Free_cholesterol_to_total_lipids_ratio_in_medium_VLDL__locus265	TRUE	TRUE	TRUE
Free_cholesterol_to_total_lipids_ratio_in_medium_VLDL__locus266	TRUE	TRUE	TRUE
Free_cholesterol_to_total_lipids_ratio_in_medium_VLDL__locus267	TRUE	TRUE	TRUE
Free_cholesterol_to_total_lipids_ratio_in_medium_VLDL__locus268	TRUE	TRUE	TRUE
Free_cholesterol_to_total_lipids_ratio_in_medium_VLDL__locus269	TRUE	TRUE	TRUE
Free_cholesterol_to_total_lipids_ratio_in_medium_VLDL__locus270	TRUE	TRUE	TRUE
Free_cholesterol_to_total_lipids_ratio_in_medium_VLDL__locus271	TRUE	TRUE	TRUE
Free_cholesterol_to_total_lipids_ratio_in_medium_VLDL__locus272	TRUE	TRUE	TRUE
Free_cholesterol_to_total_lipids_ratio_in_medium_VLDL__locus273	TRUE	TRUE	TRUE
Free_cholesterol_to_total_lipids_ratio_in_medium_VLDL__locus274	TRUE	TRUE	TRUE
Free_cholesterol_to_total_lipids_ratio_in_medium_VLDL__locus275	TRUE	TRUE	TRUE
Free_cholesterol_to_total_lipids_ratio_in_medium_VLDL__locus276	TRUE	TRUE	TRUE
Free_cholesterol_to_total_lipids_ratio_in_medium_VLDL__locus277	TRUE	TRUE	TRUE
Free_cholesterol_to_total_lipids_ratio_in_medium_VLDL__locus278	TRUE	TRUE	TRUE
Free_cholesterol_to_total_lipids_ratio_in_medium_VLDL__locus279	TRUE	TRUE	TRUE
Free_cholesterol_to_total_lipids_ratio_in_medium_VLDL__locus280	TRUE	TRUE	TRUE
Free_cholesterol_to_total_lipids_ratio_in_medium_VLDL__locus281	TRUE	TRUE	TRUE
Free_cholesterol_to_total_lipids_ratio_in_medium_VLDL__locus282	TRUE	TRUE	TRUE
Free_cholesterol_to_total_lipids_ratio_in_medium_VLDL__locus283	TRUE	TRUE	TRUE
Free_cholesterol_to_total_lipids_ratio_in_medium_VLDL__locus284	TRUE	TRUE	TRUE
Free_cholesterol_to_total_lipids_ratio_in_medium_VLDL__locus285	TRUE	TRUE	TRUE
Free_cholesterol_to_total_lipids_ratio_in_medium_VLDL__locus286	TRUE	TRUE	TRUE
Free_cholesterol_to_total_lipids_ratio_in_medium_VLDL__locus287	TRUE	TRUE	TRUE
Free_cholesterol_to_total_lipids_ratio_in_medium_VLDL__locus288	TRUE	TRUE	TRUE
Free_cholesterol_to_total_lipids_ratio_in_medium_VLDL__locus289	TRUE	TRUE	TRUE
Free_cholesterol_to_total_lipids_ratio_in_medium_VLDL__locus290	TRUE	TRUE	TRUE
Free_cholesterol_to_total_lipids_ratio_in_medium_VLDL__locus291	TRUE	TRUE	TRUE
Free_cholesterol_to_total_lipids_ratio_in_medium_VLDL__locus292	TRUE	TRUE	TRUE
Free_cholesterol_to_total_lipids_ratio_in_medium_VLDL__locus293	TRUE	TRUE	TRUE
Free_cholesterol_to_total_lipids_ratio_in_medium_VLDL__locus294	TRUE	TRUE	TRUE
Free_cholesterol_to_total_lipids_ratio_in_medium_VLDL__locus295	TRUE	TRUE	TRUE
Free_cholesterol_to_total_lipids_ratio_in_medium_VLDL__locus296	TRUE	TRUE	TRUE
Free_cholesterol_to_total_lipids_ratio_in_medium_VLDL__locus297	TRUE	TRUE	TRUE
Free_cholesterol_to_total_lipids_ratio_in_medium_VLDL__locus298	TRUE	TRUE	TRUE
Free_cholesterol_to_total_lipids_ratio_in_medium_VLDL__locus299	TRUE	TRUE	TRUE
Free_cholesterol_to_total_lipids_ratio_in_medium_VLDL__locus300	TRUE	TRUE	TRUE
Free_cholesterol_to_total_lipids_ratio_in_medium_VLDL__locus301	TRUE	TRUE	TRUE
Free_cholesterol_to_total_lipids_ratio_in_medium_VLDL__locus302	TRUE	TRUE	TRUE
Free_cholesterol_to_total_lipids_ratio_in_medium_VLDL__locus303	TRUE	TRUE	TRUE
Free_cholesterol_to_total_lipids_ratio_in_medium_VLDL__locus304	TRUE	TRUE	TRUE
Free_cholesterol_to_total_lipids_ratio_in_medium_VLDL__locus305	TRUE	TRUE	TRUE
Free_cholesterol_to_total_lipids_ratio_in_medium_VLDL__locus306	TRUE	TRUE	TRUE
Free_cholesterol_to_total_lipids_ratio_in_medium_VLDL__locus307	TRUE	TRUE	TRUE
Free_cholesterol_to_total_lipids_ratio_in_medium_VLDL__locus308	TRUE	TRUE	TRUE
Free_cholesterol_to_total_lipids_ratio_in_medium_VLDL__locus309	TRUE	TRUE	TRUE
Free_cholesterol_to_total_lipids_ratio_in_medium_VLDL__locus310	TRUE	TRUE	TRUE
Free_cholesterol_to_total_lipids_ratio_in_medium_VLDL__locus311	TRUE	TRUE	TRUE
Free_cholesterol_to_total_lipids_ratio_in_medium_VLDL__locus312	TRUE	TRUE	TRUE
Free_cholesterol_to_total_lipids_ratio_in_medium_VLDL__locus313	TRUE	TRUE	TRUE
Free_cholesterol_to_total_lipids_ratio_in_medium_VLDL__locus314	FALSE	FALSE	FALSE
Free_cholesterol_to_total_lipids_ratio_in_medium_VLDL__locus315	TRUE	TRUE	TRUE
Free_cholesterol_to_total_lipids_ratio_in_medium_VLDL__locus316	TRUE	TRUE	TRUE
Free_cholesterol_to_total_lipids_ratio_in_medium_VLDL__locus317	TRUE	TRUE	TRUE
Free_cholesterol_to_total_lipids_ratio_in_medium_VLDL__locus318	TRUE	TRUE	TRUE
Free_cholesterol_to_total_lipids_ratio_in_medium_VLDL__locus319	TRUE	TRUE	TRUE
Free_cholesterol_to_total_lipids_ratio_in_medium_VLDL__locus320	TRUE	TRUE	TRUE
Free_cholesterol_to_total_lipids_ratio_in_medium_VLDL__locus321	TRUE	TRUE	TRUE
Free_cholesterol_to_total_lipids_ratio_in_medium_VLDL__locus322	TRUE	TRUE	TRUE
Free_cholesterol_to_total_lipids_ratio_in_medium_VLDL__locus323	TRUE	TRUE	TRUE
Free_cholesterol_to_total_lipids_ratio_in_medium_VLDL__locus324	TRUE	TRUE	TRUE
Free_cholesterol_to_total_lipids_ratio_in_medium_VLDL__locus325	TRUE	TRUE	TRUE
Free_cholesterol_to_total_lipids_ratio_in_medium_VLDL__locus326	TRUE	TRUE	TRUE
Free_cholesterol_to_total_lipids_ratio_in_medium_VLDL__locus327	TRUE	TRUE	TRUE
Free_cholesterol_to_total_lipids_ratio_in_medium_VLDL__locus328	TRUE	TRUE	TRUE
Free_cholesterol_to_total_lipids_ratio_in_medium_VLDL__locus329	TRUE	TRUE	TRUE
Free_cholesterol_to_total_lipids_ratio_in_medium_VLDL__locus330	TRUE	TRUE	TRUE
Free_cholesterol_to_total_lipids_ratio_in_medium_VLDL__locus331	TRUE	TRUE	TRUE
Free_cholesterol_to_total_lipids_ratio_in_medium_VLDL__locus332	TRUE	TRUE	TRUE
Free_cholesterol_to_total_lipids_ratio_in_medium_VLDL__locus333	TRUE	TRUE	TRUE
Free_cholesterol_to_total_lipids_ratio_in_medium_VLDL__locus334	TRUE	TRUE	TRUE
Free_cholesterol_to_total_lipids_ratio_in_medium_VLDL__locus335	FALSE	FALSE	FALSE
Free_cholesterol_to_total_lipids_ratio_in_medium_VLDL__locus336	TRUE	TRUE	TRUE
Free_cholesterol_to_total_lipids_ratio_in_medium_VLDL__locus337	TRUE	TRUE	TRUE
Free_cholesterol_to_total_lipids_ratio_in_medium_VLDL__locus338	TRUE	TRUE	TRUE
Free_cholesterol_to_total_lipids_ratio_in_medium_VLDL__locus339	TRUE	TRUE	TRUE
Free_cholesterol_to_total_lipids_ratio_in_medium_VLDL__locus340	TRUE	TRUE	TRUE
Free_cholesterol_to_total_lipids_ratio_in_medium_VLDL__locus341	TRUE	TRUE	TRUE
Free_cholesterol_to_total_lipids_ratio_in_medium_VLDL__locus342	TRUE	TRUE	TRUE
Free_cholesterol_to_total_lipids_ratio_in_medium_VLDL__locus343	TRUE	TRUE	TRUE
Free_cholesterol_to_total_lipids_ratio_in_medium_VLDL__locus344	TRUE	TRUE	TRUE
Free_cholesterol_to_total_lipids_ratio_in_medium_VLDL__locus345	TRUE	TRUE	TRUE
Free_cholesterol_to_total_lipids_ratio_in_medium_VLDL__locus346	TRUE	TRUE	TRUE
Free_cholesterol_to_total_lipids_ratio_in_medium_VLDL__locus347	TRUE	TRUE	TRUE
Free_cholesterol_to_total_lipids_ratio_in_medium_VLDL__locus348	TRUE	TRUE	TRUE
Free_cholesterol_to_total_lipids_ratio_in_medium_VLDL__locus349	TRUE	TRUE	TRUE
Free_cholesterol_to_total_lipids_ratio_in_medium_VLDL__locus350	TRUE	TRUE	TRUE
Free_cholesterol_to_total_lipids_ratio_in_medium_VLDL__locus351	TRUE	TRUE	TRUE
Free_cholesterol_to_total_lipids_ratio_in_medium_VLDL__locus352	TRUE	TRUE	TRUE
Free_cholesterol_to_total_lipids_ratio_in_medium_VLDL__locus353	TRUE	TRUE	TRUE
Free_cholesterol_to_total_lipids_ratio_in_medium_VLDL__locus354	TRUE	TRUE	TRUE
Free_cholesterol_to_total_lipids_ratio_in_medium_VLDL__locus355	TRUE	TRUE	TRUE
Free_cholesterol_to_total_lipids_ratio_in_medium_VLDL__locus356	TRUE	TRUE	TRUE
Free_cholesterol_to_total_lipids_ratio_in_medium_VLDL__locus357	TRUE	TRUE	TRUE
Free_cholesterol_to_total_lipids_ratio_in_medium_VLDL__locus358	TRUE	TRUE	TRUE
Free_cholesterol_to_total_lipids_ratio_in_medium_VLDL__locus359	TRUE	TRUE	TRUE
Free_cholesterol_to_total_lipids_ratio_in_medium_VLDL__locus360	TRUE	TRUE	TRUE
Free_cholesterol_to_total_lipids_ratio_in_medium_VLDL__locus361	TRUE	TRUE	TRUE
Free_cholesterol_to_total_lipids_ratio_in_medium_VLDL__locus362	TRUE	TRUE	TRUE
Free_cholesterol_to_total_lipids_ratio_in_medium_VLDL__locus363	TRUE	TRUE	TRUE
Free_cholesterol_to_total_lipids_ratio_in_medium_VLDL__locus364	TRUE	TRUE	TRUE
Free_cholesterol_to_total_lipids_ratio_in_medium_VLDL__locus365	TRUE	TRUE	TRUE
Free_cholesterol_to_total_lipids_ratio_in_medium_VLDL__locus366	TRUE	TRUE	TRUE
Free_cholesterol_to_total_lipids_ratio_in_medium_VLDL__locus367	TRUE	TRUE	TRUE
Free_cholesterol_to_total_lipids_ratio_in_medium_VLDL__locus368	TRUE	TRUE	TRUE
Free_cholesterol_to_total_lipids_ratio_in_medium_VLDL__locus369	TRUE	TRUE	TRUE
Free_cholesterol_to_total_lipids_ratio_in_medium_VLDL__locus370	TRUE	TRUE	TRUE
Free_cholesterol_to_total_lipids_ratio_in_medium_VLDL__locus371	TRUE	TRUE	TRUE
Free_cholesterol_to_total_lipids_ratio_in_medium_VLDL__locus372	FALSE	FALSE	FALSE
Free_cholesterol_to_total_lipids_ratio_in_medium_VLDL__locus373	TRUE	TRUE	TRUE
Free_cholesterol_to_total_lipids_ratio_in_medium_VLDL__locus374	TRUE	TRUE	TRUE
Free_cholesterol_to_total_lipids_ratio_in_medium_VLDL__locus375	TRUE	TRUE	TRUE
Free_cholesterol_to_total_lipids_ratio_in_medium_VLDL__locus376	TRUE	TRUE	TRUE
Free_cholesterol_to_total_lipids_ratio_in_medium_VLDL__locus377	TRUE	TRUE	TRUE
Free_cholesterol_to_total_lipids_ratio_in_medium_VLDL__locus378	TRUE	TRUE	TRUE
Free_cholesterol_to_total_lipids_ratio_in_medium_VLDL__locus379	TRUE	TRUE	TRUE
Free_cholesterol_to_total_lipids_ratio_in_medium_VLDL__locus380	TRUE	TRUE	TRUE
Free_cholesterol_to_total_lipids_ratio_in_medium_VLDL__locus381	TRUE	TRUE	TRUE
Free_cholesterol_to_total_lipids_ratio_in_medium_VLDL__locus382	TRUE	TRUE	TRUE
Free_cholesterol_to_total_lipids_ratio_in_medium_VLDL__locus383	TRUE	TRUE	TRUE
Free_cholesterol_to_total_lipids_ratio_in_medium_VLDL__locus384	TRUE	TRUE	TRUE
Free_cholesterol_to_total_lipids_ratio_in_medium_VLDL__locus385	TRUE	TRUE	TRUE
Free_cholesterol_to_total_lipids_ratio_in_medium_VLDL__locus386	TRUE	TRUE	TRUE
Free_cholesterol_to_total_lipids_ratio_in_medium_VLDL__locus387	TRUE	TRUE	TRUE
Free_cholesterol_to_total_lipids_ratio_in_medium_VLDL__locus388	TRUE	TRUE	TRUE
Free_cholesterol_to_total_lipids_ratio_in_medium_VLDL__locus389	TRUE	TRUE	TRUE
Free_cholesterol_to_total_lipids_ratio_in_medium_VLDL__locus390	TRUE	TRUE	TRUE
Free_cholesterol_to_total_lipids_ratio_in_medium_VLDL__locus391	TRUE	TRUE	TRUE
Free_cholesterol_to_total_lipids_ratio_in_medium_VLDL__locus392	TRUE	TRUE	TRUE
Free_cholesterol_to_total_lipids_ratio_in_medium_VLDL__locus393	TRUE	TRUE	TRUE
Free_cholesterol_to_total_lipids_ratio_in_medium_VLDL__locus394	TRUE	TRUE	TRUE
Free_cholesterol_to_total_lipids_ratio_in_medium_VLDL__locus395	TRUE	TRUE	TRUE
Free_cholesterol_to_total_lipids_ratio_in_medium_VLDL__locus396	TRUE	TRUE	TRUE
Free_cholesterol_to_total_lipids_ratio_in_medium_VLDL__locus397	TRUE	TRUE	TRUE
Free_cholesterol_to_total_lipids_ratio_in_medium_VLDL__locus398	TRUE	TRUE	TRUE
Free_cholesterol_to_total_lipids_ratio_in_medium_VLDL__locus399	FALSE	FALSE	FALSE
Free_cholesterol_to_total_lipids_ratio_in_medium_VLDL__locus400	TRUE	TRUE	TRUE
Free_cholesterol_to_total_lipids_ratio_in_medium_VLDL__locus401	TRUE	TRUE	TRUE
Free_cholesterol_to_total_lipids_ratio_in_medium_VLDL__locus402	TRUE	TRUE	TRUE
Free_cholesterol_to_total_lipids_ratio_in_medium_VLDL__locus403	TRUE	TRUE	TRUE
Free_cholesterol_to_total_lipids_ratio_in_medium_VLDL__locus404	TRUE	TRUE	TRUE
Free_cholesterol_to_total_lipids_ratio_in_medium_VLDL__locus405	TRUE	TRUE	TRUE
Free_cholesterol_to_total_lipids_ratio_in_medium_VLDL__locus406	TRUE	TRUE	TRUE
Free_cholesterol_to_total_lipids_ratio_in_medium_VLDL__locus407	TRUE	TRUE	TRUE
Free_cholesterol_to_total_lipids_ratio_in_medium_VLDL__locus408	TRUE	TRUE	TRUE
Free_cholesterol_to_total_lipids_ratio_in_medium_VLDL__locus409	TRUE	TRUE	TRUE
Free_cholesterol_to_total_lipids_ratio_in_medium_VLDL__locus410	TRUE	TRUE	TRUE
Free_cholesterol_to_total_lipids_ratio_in_medium_VLDL__locus411	TRUE	TRUE	TRUE
Free_cholesterol_to_total_lipids_ratio_in_medium_VLDL__locus412	TRUE	TRUE	TRUE
Free_cholesterol_to_total_lipids_ratio_in_medium_VLDL__locus413	TRUE	TRUE	TRUE
Free_cholesterol_to_total_lipids_ratio_in_medium_VLDL__locus414	TRUE	TRUE	TRUE
Free_cholesterol_to_total_lipids_ratio_in_medium_VLDL__locus415	TRUE	TRUE	TRUE
Free_cholesterol_to_total_lipids_ratio_in_medium_VLDL__locus416	TRUE	TRUE	TRUE
Free_cholesterol_to_total_lipids_ratio_in_medium_VLDL__locus417	FALSE	FALSE	FALSE
Free_cholesterol_to_total_lipids_ratio_in_medium_VLDL__locus418	TRUE	TRUE	TRUE
Free_cholesterol_to_total_lipids_ratio_in_medium_VLDL__locus419	TRUE	TRUE	TRUE
Free_cholesterol_to_total_lipids_ratio_in_medium_VLDL__locus420	TRUE	TRUE	TRUE
Free_cholesterol_to_total_lipids_ratio_in_medium_VLDL__locus421	TRUE	TRUE	TRUE
Free_cholesterol_to_total_lipids_ratio_in_medium_VLDL__locus422	TRUE	TRUE	TRUE
Free_cholesterol_to_total_lipids_ratio_in_medium_VLDL__locus423	TRUE	TRUE	TRUE
Free_cholesterol_to_total_lipids_ratio_in_medium_VLDL__locus424	TRUE	TRUE	TRUE
Free_cholesterol_to_total_lipids_ratio_in_medium_VLDL__locus425	TRUE	TRUE	TRUE
Free_cholesterol_to_total_lipids_ratio_in_medium_VLDL__locus426	TRUE	TRUE	TRUE
Free_cholesterol_to_total_lipids_ratio_in_medium_VLDL__locus427	TRUE	TRUE	TRUE
GlycA__locus001	TRUE	TRUE	TRUE
GlycA__locus002	TRUE	TRUE	TRUE
GlycA__locus003	TRUE	TRUE	TRUE
GlycA__locus004	TRUE	TRUE	TRUE
GlycA__locus005	TRUE	TRUE	TRUE
GlycA__locus006	TRUE	TRUE	TRUE
GlycA__locus007	TRUE	TRUE	TRUE
GlycA__locus008	TRUE	TRUE	TRUE
GlycA__locus009	TRUE	TRUE	TRUE
GlycA__locus010	TRUE	TRUE	TRUE
GlycA__locus011	TRUE	TRUE	TRUE
GlycA__locus012	TRUE	TRUE	TRUE
GlycA__locus013	FALSE	FALSE	FALSE
GlycA__locus014	TRUE	TRUE	TRUE
GlycA__locus015	TRUE	TRUE	FALSE
GlycA__locus016	TRUE	TRUE	TRUE
GlycA__locus017	TRUE	TRUE	TRUE
GlycA__locus018	TRUE	TRUE	TRUE
GlycA__locus019	FALSE	FALSE	FALSE
GlycA__locus020	TRUE	TRUE	TRUE
GlycA__locus021	TRUE	TRUE	TRUE
GlycA__locus022	TRUE	TRUE	TRUE
GlycA__locus023	TRUE	TRUE	TRUE
GlycA__locus024	FALSE	FALSE	FALSE
GlycA__locus025	TRUE	TRUE	TRUE
GlycA__locus026	TRUE	TRUE	TRUE
GlycA__locus027	TRUE	TRUE	TRUE
GlycA__locus028	TRUE	TRUE	TRUE
GlycA__locus029	TRUE	TRUE	TRUE
GlycA__locus030	TRUE	TRUE	TRUE
GlycA__locus031	TRUE	TRUE	TRUE
GlycA__locus032	TRUE	TRUE	TRUE
GlycA__locus033	TRUE	TRUE	TRUE
GlycA__locus034	TRUE	TRUE	TRUE
GlycA__locus035	TRUE	TRUE	TRUE
GlycA__locus036	TRUE	TRUE	TRUE
GlycA__locus037	TRUE	TRUE	TRUE
GlycA__locus038	TRUE	TRUE	TRUE
GlycA__locus039	TRUE	TRUE	TRUE
GlycA__locus040	TRUE	TRUE	TRUE
GlycA__locus041	TRUE	TRUE	TRUE
GlycA__locus042	TRUE	TRUE	TRUE
GlycA__locus043	TRUE	TRUE	TRUE
GlycA__locus044	TRUE	TRUE	TRUE
GlycA__locus045	TRUE	TRUE	TRUE
GlycA__locus046	TRUE	TRUE	TRUE
GlycA__locus047	TRUE	TRUE	TRUE
GlycA__locus048	TRUE	TRUE	TRUE
GlycA__locus049	TRUE	TRUE	TRUE
GlycA__locus050	TRUE	TRUE	TRUE
GlycA__locus051	TRUE	TRUE	TRUE
GlycA__locus052	TRUE	TRUE	TRUE
GlycA__locus053	TRUE	TRUE	TRUE
GlycA__locus054	TRUE	TRUE	TRUE
GlycA__locus055	TRUE	TRUE	TRUE
GlycA__locus056	TRUE	TRUE	TRUE
GlycA__locus057	TRUE	TRUE	TRUE
GlycA__locus058	TRUE	TRUE	TRUE
GlycA__locus059	TRUE	TRUE	TRUE
GlycA__locus060	TRUE	TRUE	TRUE
GlycA__locus061	TRUE	TRUE	TRUE
GlycA__locus062	TRUE	TRUE	TRUE
GlycA__locus063	TRUE	TRUE	TRUE
GlycA__locus064	TRUE	TRUE	TRUE
GlycA__locus065	TRUE	TRUE	TRUE
GlycA__locus066	TRUE	TRUE	TRUE
GlycA__locus067	TRUE	TRUE	TRUE
GlycA__locus068	TRUE	TRUE	TRUE
GlycA__locus069	TRUE	TRUE	TRUE
GlycA__locus070	TRUE	TRUE	TRUE
GlycA__locus071	TRUE	TRUE	TRUE
GlycA__locus072	TRUE	TRUE	TRUE
GlycA__locus073	TRUE	TRUE	TRUE
GlycA__locus074	TRUE	TRUE	TRUE
GlycA__locus075	TRUE	TRUE	TRUE
GlycA__locus076	TRUE	TRUE	TRUE
GlycA__locus077	TRUE	TRUE	TRUE
GlycA__locus078	TRUE	TRUE	TRUE
GlycA__locus079	TRUE	TRUE	TRUE
GlycA__locus080	TRUE	TRUE	TRUE
GlycA__locus081	TRUE	TRUE	TRUE
GlycA__locus082	TRUE	TRUE	TRUE
GlycA__locus083	TRUE	TRUE	TRUE
GlycA__locus084	TRUE	TRUE	TRUE
GlycA__locus085	TRUE	TRUE	TRUE
GlycA__locus086	TRUE	TRUE	TRUE
GlycA__locus087	TRUE	TRUE	TRUE
GlycA__locus088	TRUE	TRUE	TRUE
GlycA__locus089	TRUE	TRUE	TRUE
GlycA__locus090	TRUE	TRUE	TRUE
GlycA__locus091	TRUE	TRUE	TRUE
GlycA__locus092	TRUE	TRUE	TRUE
GlycA__locus093	TRUE	TRUE	TRUE
GlycA__locus094	TRUE	TRUE	TRUE
GlycA__locus095	TRUE	TRUE	TRUE
GlycA__locus096	TRUE	TRUE	TRUE
GlycA__locus097	TRUE	TRUE	TRUE
GlycA__locus098	TRUE	TRUE	TRUE
GlycA__locus099	TRUE	TRUE	TRUE
GlycA__locus100	TRUE	TRUE	TRUE
GlycA__locus101	TRUE	TRUE	TRUE
GlycA__locus102	TRUE	TRUE	TRUE
GlycA__locus103	TRUE	TRUE	TRUE
GlycA__locus104	TRUE	TRUE	TRUE
GlycA__locus105	TRUE	TRUE	TRUE
GlycA__locus106	TRUE	TRUE	TRUE
GlycA__locus107	TRUE	TRUE	TRUE
GlycA__locus108	TRUE	TRUE	TRUE
GlycA__locus109	TRUE	TRUE	TRUE
GlycA__locus110	TRUE	TRUE	TRUE
GlycA__locus111	TRUE	TRUE	TRUE
GlycA__locus112	TRUE	TRUE	TRUE
GlycA__locus113	TRUE	TRUE	TRUE
GlycA__locus114	TRUE	TRUE	TRUE
GlycA__locus115	TRUE	TRUE	TRUE
GlycA__locus116	TRUE	TRUE	TRUE
GlycA__locus117	TRUE	TRUE	TRUE
GlycA__locus118	TRUE	TRUE	TRUE
GlycA__locus119	TRUE	TRUE	TRUE
GlycA__locus120	TRUE	TRUE	TRUE
GlycA__locus121	TRUE	TRUE	TRUE
GlycA__locus122	TRUE	TRUE	TRUE
GlycA__locus123	TRUE	TRUE	TRUE
GlycA__locus124	TRUE	TRUE	TRUE
GlycA__locus125	TRUE	TRUE	TRUE
GlycA__locus126	TRUE	TRUE	TRUE
GlycA__locus127	TRUE	TRUE	TRUE
GlycA__locus128	FALSE	FALSE	FALSE
GlycA__locus129	TRUE	TRUE	TRUE
GlycA__locus130	TRUE	TRUE	TRUE
GlycA__locus131	TRUE	TRUE	TRUE
GlycA__locus132	TRUE	TRUE	TRUE
GlycA__locus133	TRUE	TRUE	TRUE
GlycA__locus134	TRUE	TRUE	TRUE
GlycA__locus135	TRUE	TRUE	TRUE
GlycA__locus136	TRUE	TRUE	TRUE
GlycA__locus137	TRUE	TRUE	TRUE
GlycA__locus138	TRUE	TRUE	TRUE
GlycA__locus139	TRUE	TRUE	TRUE
GlycA__locus140	TRUE	TRUE	TRUE
GlycA__locus141	TRUE	TRUE	TRUE
GlycA__locus142	TRUE	TRUE	TRUE
GlycA__locus143	TRUE	TRUE	TRUE
GlycA__locus144	TRUE	TRUE	TRUE
GlycA__locus145	TRUE	TRUE	TRUE
GlycA__locus146	TRUE	TRUE	TRUE
GlycA__locus147	TRUE	TRUE	TRUE
GlycA__locus148	FALSE	FALSE	FALSE
GlycA__locus149	TRUE	TRUE	TRUE
GlycA__locus150	TRUE	TRUE	TRUE
GlycA__locus151	TRUE	TRUE	TRUE
GlycA__locus152	TRUE	TRUE	TRUE
GlycA__locus153	TRUE	TRUE	TRUE
GlycA__locus154	TRUE	TRUE	TRUE
GlycA__locus155	TRUE	TRUE	TRUE
GlycA__locus156	TRUE	TRUE	TRUE
GlycA__locus157	TRUE	TRUE	TRUE
GlycA__locus158	TRUE	TRUE	TRUE
GlycA__locus159	TRUE	TRUE	TRUE
GlycA__locus160	TRUE	TRUE	TRUE
GlycA__locus161	TRUE	TRUE	TRUE
GlycA__locus162	TRUE	TRUE	TRUE
GlycA__locus163	TRUE	TRUE	TRUE
GlycA__locus164	TRUE	TRUE	TRUE
GlycA__locus165	TRUE	TRUE	TRUE
GlycA__locus166	TRUE	TRUE	TRUE
GlycA__locus167	TRUE	TRUE	TRUE
GlycA__locus168	TRUE	TRUE	TRUE
GlycA__locus169	TRUE	TRUE	TRUE
GlycA__locus170	TRUE	TRUE	TRUE
GlycA__locus171	TRUE	TRUE	TRUE
GlycA__locus172	TRUE	TRUE	TRUE
GlycA__locus173	TRUE	TRUE	TRUE
GlycA__locus174	TRUE	TRUE	TRUE
GlycA__locus175	TRUE	TRUE	TRUE
GlycA__locus176	TRUE	TRUE	TRUE
GlycA__locus177	TRUE	TRUE	TRUE
GlycA__locus178	TRUE	TRUE	TRUE
GlycA__locus179	TRUE	TRUE	TRUE
GlycA__locus180	TRUE	TRUE	TRUE
GlycA__locus181	TRUE	TRUE	TRUE
GlycA__locus182	TRUE	TRUE	TRUE
GlycA__locus183	TRUE	TRUE	TRUE
GlycA__locus184	TRUE	TRUE	TRUE
GlycA__locus185	TRUE	TRUE	TRUE
GlycA__locus186	TRUE	TRUE	TRUE
GlycA__locus187	TRUE	TRUE	TRUE
GlycA__locus188	TRUE	TRUE	TRUE
GlycA__locus189	TRUE	TRUE	TRUE
GlycA__locus190	TRUE	TRUE	TRUE
GlycA__locus191	TRUE	TRUE	TRUE
GlycA__locus192	TRUE	TRUE	TRUE
GlycA__locus193	TRUE	TRUE	TRUE
GlycA__locus194	TRUE	TRUE	TRUE
GlycA__locus195	TRUE	TRUE	TRUE
GlycA__locus196	TRUE	TRUE	TRUE
GlycA__locus197	TRUE	TRUE	TRUE
GlycA__locus198	TRUE	TRUE	TRUE
GlycA__locus199	TRUE	TRUE	TRUE
GlycA__locus200	TRUE	TRUE	TRUE
GlycA__locus201	TRUE	TRUE	TRUE
GlycA__locus202	TRUE	TRUE	TRUE
GlycA__locus203	TRUE	TRUE	TRUE
GlycA__locus204	TRUE	TRUE	TRUE
GlycA__locus205	TRUE	TRUE	TRUE
GlycA__locus206	TRUE	TRUE	TRUE
GlycA__locus207	TRUE	TRUE	TRUE
GlycA__locus208	TRUE	TRUE	TRUE
GlycA__locus209	TRUE	TRUE	TRUE
GlycA__locus210	TRUE	TRUE	TRUE
GlycA__locus211	TRUE	TRUE	TRUE
GlycA__locus212	TRUE	TRUE	TRUE
GlycA__locus213	TRUE	TRUE	TRUE
GlycA__locus214	TRUE	TRUE	TRUE
GlycA__locus215	TRUE	TRUE	TRUE
GlycA__locus216	TRUE	TRUE	TRUE
GlycA__locus217	TRUE	TRUE	TRUE
GlycA__locus218	TRUE	TRUE	TRUE
GlycA__locus219	TRUE	TRUE	TRUE
GlycA__locus220	TRUE	TRUE	TRUE
GlycA__locus221	TRUE	TRUE	TRUE
GlycA__locus222	TRUE	TRUE	TRUE
GlycA__locus223	TRUE	TRUE	TRUE
GlycA__locus224	TRUE	TRUE	TRUE
GlycA__locus225	TRUE	TRUE	TRUE
GlycA__locus226	TRUE	TRUE	TRUE
GlycA__locus227	TRUE	TRUE	TRUE
GlycA__locus228	TRUE	TRUE	TRUE
GlycA__locus229	TRUE	TRUE	TRUE
GlycA__locus230	TRUE	TRUE	TRUE
GlycA__locus231	TRUE	TRUE	TRUE
GlycA__locus232	TRUE	TRUE	TRUE
GlycA__locus233	TRUE	TRUE	TRUE
GlycA__locus234	TRUE	TRUE	TRUE
GlycA__locus235	TRUE	TRUE	TRUE
GlycA__locus236	TRUE	TRUE	TRUE
GlycA__locus237	TRUE	TRUE	TRUE
GlycA__locus238	TRUE	TRUE	TRUE
GlycA__locus239	TRUE	TRUE	TRUE
GlycA__locus240	TRUE	TRUE	TRUE
GlycA__locus241	TRUE	TRUE	TRUE
GlycA__locus242	TRUE	TRUE	TRUE
GlycA__locus243	TRUE	TRUE	TRUE
GlycA__locus244	TRUE	TRUE	TRUE
GlycA__locus245	TRUE	TRUE	TRUE
GlycA__locus246	TRUE	TRUE	TRUE
GlycA__locus247	TRUE	TRUE	TRUE
GlycA__locus248	TRUE	TRUE	TRUE
GlycA__locus249	TRUE	TRUE	TRUE
GlycA__locus250	TRUE	TRUE	TRUE
GlycA__locus251	TRUE	TRUE	TRUE
GlycA__locus252	TRUE	TRUE	TRUE
GlycA__locus253	TRUE	TRUE	TRUE
GlycA__locus254	TRUE	TRUE	TRUE
GlycA__locus255	TRUE	TRUE	TRUE
GlycA__locus256	TRUE	TRUE	TRUE
GlycA__locus257	TRUE	TRUE	TRUE
GlycA__locus258	TRUE	TRUE	TRUE
GlycA__locus259	TRUE	TRUE	TRUE
GlycA__locus260	TRUE	TRUE	TRUE
GlycA__locus261	TRUE	TRUE	TRUE
GlycA__locus262	TRUE	TRUE	TRUE
GlycA__locus263	TRUE	TRUE	TRUE
GlycA__locus264	TRUE	TRUE	TRUE
GlycA__locus265	TRUE	TRUE	TRUE
GlycA__locus266	TRUE	TRUE	TRUE
GlycA__locus267	TRUE	TRUE	TRUE
GlycA__locus268	TRUE	TRUE	TRUE
GlycA__locus269	TRUE	TRUE	TRUE
GlycA__locus270	TRUE	TRUE	TRUE
GlycA__locus271	TRUE	TRUE	TRUE
GlycA__locus272	TRUE	TRUE	TRUE
GlycA__locus273	TRUE	TRUE	TRUE
GlycA__locus274	TRUE	TRUE	TRUE
GlycA__locus275	TRUE	TRUE	TRUE
GlycA__locus276	TRUE	TRUE	TRUE
GlycA__locus277	TRUE	TRUE	TRUE
GlycA__locus278	TRUE	TRUE	TRUE
GlycA__locus279	TRUE	TRUE	TRUE
GlycA__locus280	TRUE	TRUE	TRUE
GlycA__locus281	TRUE	TRUE	TRUE
GlycA__locus282	TRUE	TRUE	TRUE
GlycA__locus283	TRUE	TRUE	TRUE
GlycA__locus284	TRUE	TRUE	TRUE
GlycA__locus285	TRUE	TRUE	TRUE
GlycA__locus286	TRUE	TRUE	TRUE
GlycA__locus287	TRUE	TRUE	TRUE
GlycA__locus288	TRUE	TRUE	TRUE
GlycA__locus289	TRUE	TRUE	TRUE
GlycA__locus290	TRUE	TRUE	TRUE
GlycA__locus291	TRUE	TRUE	TRUE
GlycA__locus292	TRUE	TRUE	TRUE
GlycA__locus293	TRUE	TRUE	TRUE
GlycA__locus294	TRUE	TRUE	TRUE
GlycA__locus295	TRUE	TRUE	TRUE
GlycA__locus296	TRUE	TRUE	TRUE
GlycA__locus297	TRUE	TRUE	TRUE
GlycA__locus298	TRUE	TRUE	TRUE
GlycA__locus299	TRUE	TRUE	TRUE
GlycA__locus300	TRUE	TRUE	TRUE
GlycA__locus301	TRUE	TRUE	TRUE
GlycA__locus302	TRUE	TRUE	TRUE
GlycA__locus303	TRUE	TRUE	TRUE
GlycA__locus304	TRUE	TRUE	TRUE
GlycA__locus305	TRUE	TRUE	TRUE
GlycA__locus306	TRUE	TRUE	TRUE
GlycA__locus307	TRUE	TRUE	TRUE
GlycA__locus308	TRUE	TRUE	TRUE
GlycA__locus309	TRUE	TRUE	TRUE
GlycA__locus310	TRUE	TRUE	TRUE
GlycA__locus311	TRUE	TRUE	TRUE
GlycA__locus312	TRUE	TRUE	TRUE
GlycA__locus313	TRUE	TRUE	TRUE
GlycA__locus314	TRUE	TRUE	TRUE
GlycA__locus315	TRUE	TRUE	TRUE
GlycA__locus316	TRUE	TRUE	TRUE
GlycA__locus317	TRUE	TRUE	TRUE
GlycA__locus318	TRUE	TRUE	TRUE
GlycA__locus319	TRUE	TRUE	TRUE
GlycA__locus320	TRUE	TRUE	TRUE
GlycA__locus321	TRUE	TRUE	TRUE
GlycA__locus322	TRUE	TRUE	TRUE
GlycA__locus323	TRUE	TRUE	TRUE
GlycA__locus324	TRUE	TRUE	TRUE
GlycA__locus325	TRUE	TRUE	TRUE
GlycA__locus326	TRUE	TRUE	TRUE
GlycA__locus327	TRUE	TRUE	TRUE
GlycA__locus328	TRUE	TRUE	TRUE
GlycA__locus329	TRUE	TRUE	TRUE
GlycA__locus330	TRUE	TRUE	TRUE
GlycA__locus331	TRUE	TRUE	TRUE
GlycA__locus332	TRUE	TRUE	TRUE
GlycA__locus333	TRUE	TRUE	TRUE
GlycA__locus334	TRUE	TRUE	TRUE
GlycA__locus335	TRUE	TRUE	TRUE
GlycA__locus336	TRUE	TRUE	TRUE
GlycA__locus337	TRUE	TRUE	TRUE
GlycA__locus338	TRUE	TRUE	TRUE
GlycA__locus339	FALSE	FALSE	FALSE
GlycA__locus340	TRUE	TRUE	TRUE
GlycA__locus341	TRUE	TRUE	TRUE
GlycA__locus342	TRUE	TRUE	TRUE
GlycA__locus343	TRUE	TRUE	TRUE
GlycA__locus344	TRUE	TRUE	TRUE
GlycA__locus345	TRUE	TRUE	TRUE
GlycA__locus346	TRUE	TRUE	TRUE
GlycA__locus347	TRUE	TRUE	TRUE
GlycA__locus348	TRUE	TRUE	TRUE
GlycA__locus349	TRUE	TRUE	TRUE
GlycA__locus350	TRUE	TRUE	TRUE
GlycA__locus351	TRUE	TRUE	TRUE
GlycA__locus352	TRUE	TRUE	TRUE
GlycA__locus353	TRUE	TRUE	TRUE
GlycA__locus354	TRUE	TRUE	TRUE
GlycA__locus355	TRUE	TRUE	TRUE
GlycA__locus356	TRUE	TRUE	TRUE
GlycA__locus357	TRUE	TRUE	TRUE
GlycA__locus358	TRUE	TRUE	TRUE
GlycA__locus359	TRUE	TRUE	TRUE
GlycA__locus360	TRUE	TRUE	TRUE
GlycA__locus361	TRUE	TRUE	TRUE
GlycA__locus362	TRUE	TRUE	TRUE
GlycA__locus363	TRUE	TRUE	TRUE
GlycA__locus364	TRUE	TRUE	TRUE
GlycA__locus365	TRUE	TRUE	TRUE
GlycA__locus366	FALSE	FALSE	FALSE
GlycA__locus367	TRUE	TRUE	TRUE
GlycA__locus368	TRUE	TRUE	TRUE
GlycA__locus369	TRUE	TRUE	FALSE
GlycA__locus370	TRUE	TRUE	TRUE
GlycA__locus371	TRUE	TRUE	TRUE
GlycA__locus372	TRUE	TRUE	TRUE
GlycA__locus373	TRUE	TRUE	TRUE
GlycA__locus374	TRUE	TRUE	TRUE
GlycA__locus375	TRUE	TRUE	TRUE
GlycA__locus376	TRUE	TRUE	TRUE
GlycA__locus377	TRUE	TRUE	TRUE
GlycA__locus378	FALSE	FALSE	FALSE
GlycA__locus379	TRUE	TRUE	TRUE
GlycA__locus380	TRUE	TRUE	TRUE
GlycA__locus381	TRUE	TRUE	TRUE
GlycA__locus382	TRUE	TRUE	TRUE
GlycA__locus383	TRUE	TRUE	TRUE
GlycA__locus384	TRUE	TRUE	TRUE
GlycA__locus385	TRUE	TRUE	TRUE
GlycA__locus386	TRUE	TRUE	TRUE
GlycA__locus387	TRUE	TRUE	TRUE
GlycA__locus388	TRUE	TRUE	TRUE
GlycA__locus389	TRUE	TRUE	TRUE
GlycA__locus390	TRUE	TRUE	TRUE
GlycA__locus391	TRUE	TRUE	TRUE
GlycA__locus392	TRUE	TRUE	TRUE
GlycA__locus393	TRUE	TRUE	TRUE
GlycA__locus394	TRUE	TRUE	TRUE
GlycA__locus395	TRUE	TRUE	TRUE
GlycA__locus396	TRUE	TRUE	TRUE
GlycA__locus397	TRUE	TRUE	TRUE
GlycA__locus398	TRUE	TRUE	TRUE
GlycA__locus399	TRUE	TRUE	TRUE
GlycA__locus400	TRUE	TRUE	TRUE
GlycA__locus401	TRUE	TRUE	TRUE
GlycA__locus402	TRUE	TRUE	TRUE
GlycA__locus403	TRUE	TRUE	TRUE
GlycA__locus404	TRUE	TRUE	TRUE
GlycA__locus405	TRUE	TRUE	TRUE
GlycA__locus406	TRUE	TRUE	TRUE
GlycA__locus407	TRUE	TRUE	TRUE
GlycA__locus408	TRUE	TRUE	TRUE
GlycA__locus409	TRUE	TRUE	TRUE
GlycA__locus410	TRUE	TRUE	TRUE
GlycA__locus411	TRUE	TRUE	TRUE
GlycA__locus412	TRUE	TRUE	TRUE
GlycA__locus413	TRUE	TRUE	TRUE
GlycA__locus414	TRUE	TRUE	TRUE
GlycA__locus415	TRUE	TRUE	TRUE
GlycA__locus416	TRUE	TRUE	TRUE
GlycA__locus417	TRUE	TRUE	TRUE
GlycA__locus418	TRUE	TRUE	TRUE
GlycA__locus419	TRUE	TRUE	TRUE
GlycA__locus420	TRUE	TRUE	TRUE
GlycA__locus421	TRUE	TRUE	TRUE
GlycA__locus422	TRUE	TRUE	TRUE
GlycA__locus423	TRUE	TRUE	TRUE
GlycA__locus424	TRUE	TRUE	TRUE
GlycA__locus425	TRUE	TRUE	TRUE
GlycA__locus426	TRUE	TRUE	TRUE
GlycA__locus427	TRUE	TRUE	TRUE
GlycA__locus428	TRUE	TRUE	TRUE
GlycA__locus429	TRUE	TRUE	TRUE
GlycA__locus430	TRUE	TRUE	TRUE
GlycA__locus431	TRUE	TRUE	TRUE
GlycA__locus432	TRUE	TRUE	TRUE
GlycA__locus433	TRUE	TRUE	TRUE
GlycA__locus434	TRUE	TRUE	TRUE
GlycA__locus435	TRUE	TRUE	TRUE
GlycA__locus436	TRUE	TRUE	TRUE
GlycA__locus437	TRUE	TRUE	TRUE
GlycA__locus438	TRUE	TRUE	TRUE
GlycA__locus439	TRUE	TRUE	TRUE
GlycA__locus440	TRUE	TRUE	TRUE
GlycA__locus441	TRUE	TRUE	TRUE
GlycA__locus442	TRUE	TRUE	TRUE
GlycA__locus443	TRUE	TRUE	TRUE
GlycA__locus444	TRUE	TRUE	TRUE
GlycA__locus445	TRUE	TRUE	TRUE
GlycA__locus446	TRUE	TRUE	TRUE
GlycA__locus447	TRUE	TRUE	TRUE
GlycA__locus448	TRUE	TRUE	TRUE
GlycA__locus449	TRUE	TRUE	TRUE
GlycA__locus450	TRUE	TRUE	TRUE
GlycA__locus451	TRUE	TRUE	TRUE
GlycA__locus452	TRUE	TRUE	TRUE
GlycA__locus453	TRUE	TRUE	TRUE
GlycA__locus454	TRUE	TRUE	TRUE
GlycA__locus455	TRUE	TRUE	TRUE
GlycA__locus456	TRUE	TRUE	TRUE
GlycA__locus457	TRUE	TRUE	TRUE
GlycA__locus458	TRUE	TRUE	TRUE
GlycA__locus459	TRUE	TRUE	TRUE
GlycA__locus460	TRUE	TRUE	TRUE
GlycA__locus461	TRUE	TRUE	TRUE
GlycA__locus462	TRUE	TRUE	TRUE
GlycA__locus463	TRUE	TRUE	TRUE
GlycA__locus464	TRUE	TRUE	TRUE
GlycA__locus465	TRUE	TRUE	TRUE
GlycA__locus466	TRUE	TRUE	TRUE
GlycA__locus467	TRUE	TRUE	TRUE
GlycA__locus468	TRUE	TRUE	TRUE
GlycA__locus469	TRUE	TRUE	TRUE
GlycA__locus470	TRUE	TRUE	TRUE
GlycA__locus471	TRUE	TRUE	TRUE
GlycA__locus472	TRUE	TRUE	TRUE
GlycA__locus473	TRUE	TRUE	TRUE
Monounsaturated_fatty_acids__locus001	TRUE	TRUE	TRUE
Monounsaturated_fatty_acids__locus002	TRUE	TRUE	TRUE
Monounsaturated_fatty_acids__locus003	TRUE	TRUE	TRUE
Monounsaturated_fatty_acids__locus004	TRUE	TRUE	TRUE
Monounsaturated_fatty_acids__locus005	TRUE	TRUE	TRUE
Monounsaturated_fatty_acids__locus006	TRUE	TRUE	TRUE
Monounsaturated_fatty_acids__locus007	TRUE	TRUE	TRUE
Monounsaturated_fatty_acids__locus008	TRUE	TRUE	TRUE
Monounsaturated_fatty_acids__locus009	TRUE	TRUE	TRUE
Monounsaturated_fatty_acids__locus010	TRUE	TRUE	TRUE
Monounsaturated_fatty_acids__locus011	TRUE	TRUE	TRUE
Monounsaturated_fatty_acids__locus012	TRUE	TRUE	TRUE
Monounsaturated_fatty_acids__locus013	TRUE	TRUE	TRUE
Monounsaturated_fatty_acids__locus014	TRUE	TRUE	TRUE
Monounsaturated_fatty_acids__locus015	TRUE	TRUE	TRUE
Monounsaturated_fatty_acids__locus016	TRUE	TRUE	TRUE
Monounsaturated_fatty_acids__locus017	TRUE	TRUE	TRUE
Monounsaturated_fatty_acids__locus018	TRUE	TRUE	TRUE
Monounsaturated_fatty_acids__locus019	TRUE	TRUE	TRUE
Monounsaturated_fatty_acids__locus020	FALSE	FALSE	FALSE
Monounsaturated_fatty_acids__locus021	TRUE	TRUE	TRUE
Monounsaturated_fatty_acids__locus022	TRUE	TRUE	TRUE
Monounsaturated_fatty_acids__locus023	TRUE	TRUE	TRUE
Monounsaturated_fatty_acids__locus024	TRUE	TRUE	TRUE
Monounsaturated_fatty_acids__locus025	TRUE	TRUE	TRUE
Monounsaturated_fatty_acids__locus026	TRUE	TRUE	TRUE
Monounsaturated_fatty_acids__locus027	TRUE	TRUE	TRUE
Monounsaturated_fatty_acids__locus028	TRUE	TRUE	TRUE
Monounsaturated_fatty_acids__locus029	TRUE	TRUE	TRUE
Monounsaturated_fatty_acids__locus030	TRUE	TRUE	TRUE
Monounsaturated_fatty_acids__locus031	TRUE	TRUE	TRUE
Monounsaturated_fatty_acids__locus032	TRUE	TRUE	TRUE
Monounsaturated_fatty_acids__locus033	TRUE	TRUE	TRUE
Monounsaturated_fatty_acids__locus034	TRUE	TRUE	TRUE
Monounsaturated_fatty_acids__locus035	TRUE	TRUE	TRUE
Monounsaturated_fatty_acids__locus036	TRUE	TRUE	TRUE
Monounsaturated_fatty_acids__locus037	TRUE	TRUE	TRUE
Monounsaturated_fatty_acids__locus038	TRUE	TRUE	TRUE
Monounsaturated_fatty_acids__locus039	TRUE	TRUE	TRUE
Monounsaturated_fatty_acids__locus040	TRUE	TRUE	TRUE
Monounsaturated_fatty_acids__locus041	TRUE	TRUE	TRUE
Monounsaturated_fatty_acids__locus042	TRUE	TRUE	TRUE
Monounsaturated_fatty_acids__locus043	TRUE	TRUE	TRUE
Monounsaturated_fatty_acids__locus044	TRUE	TRUE	TRUE
Monounsaturated_fatty_acids__locus045	TRUE	TRUE	TRUE
Monounsaturated_fatty_acids__locus046	TRUE	TRUE	TRUE
Monounsaturated_fatty_acids__locus047	TRUE	TRUE	TRUE
Monounsaturated_fatty_acids__locus048	TRUE	TRUE	TRUE
Monounsaturated_fatty_acids__locus049	TRUE	TRUE	TRUE
Monounsaturated_fatty_acids__locus050	TRUE	TRUE	TRUE
Monounsaturated_fatty_acids__locus051	TRUE	TRUE	TRUE
Monounsaturated_fatty_acids__locus052	TRUE	TRUE	TRUE
Monounsaturated_fatty_acids__locus053	TRUE	TRUE	TRUE
Monounsaturated_fatty_acids__locus054	TRUE	TRUE	TRUE
Monounsaturated_fatty_acids__locus055	TRUE	TRUE	TRUE
Monounsaturated_fatty_acids__locus056	TRUE	TRUE	TRUE
Monounsaturated_fatty_acids__locus057	TRUE	TRUE	TRUE
Monounsaturated_fatty_acids__locus058	TRUE	TRUE	TRUE
Monounsaturated_fatty_acids__locus059	TRUE	TRUE	TRUE
Monounsaturated_fatty_acids__locus060	TRUE	TRUE	TRUE
Monounsaturated_fatty_acids__locus061	TRUE	TRUE	TRUE
Monounsaturated_fatty_acids__locus062	TRUE	TRUE	TRUE
Monounsaturated_fatty_acids__locus063	TRUE	TRUE	TRUE
Monounsaturated_fatty_acids__locus064	TRUE	TRUE	TRUE
Monounsaturated_fatty_acids__locus065	TRUE	TRUE	TRUE
Monounsaturated_fatty_acids__locus066	TRUE	TRUE	TRUE
Monounsaturated_fatty_acids__locus067	TRUE	TRUE	TRUE
Monounsaturated_fatty_acids__locus068	TRUE	TRUE	TRUE
Monounsaturated_fatty_acids__locus069	TRUE	TRUE	TRUE
Monounsaturated_fatty_acids__locus070	TRUE	TRUE	TRUE
Monounsaturated_fatty_acids__locus071	TRUE	TRUE	TRUE
Monounsaturated_fatty_acids__locus072	TRUE	TRUE	TRUE
Monounsaturated_fatty_acids__locus073	TRUE	TRUE	TRUE
Monounsaturated_fatty_acids__locus074	TRUE	TRUE	TRUE
Monounsaturated_fatty_acids__locus075	TRUE	TRUE	TRUE
Monounsaturated_fatty_acids__locus076	TRUE	TRUE	TRUE
Monounsaturated_fatty_acids__locus077	TRUE	TRUE	TRUE
Monounsaturated_fatty_acids__locus078	TRUE	TRUE	TRUE
Monounsaturated_fatty_acids__locus079	TRUE	TRUE	TRUE
Monounsaturated_fatty_acids__locus080	TRUE	TRUE	TRUE
Monounsaturated_fatty_acids__locus081	TRUE	TRUE	TRUE
Monounsaturated_fatty_acids__locus082	TRUE	TRUE	TRUE
Monounsaturated_fatty_acids__locus083	TRUE	TRUE	TRUE
Monounsaturated_fatty_acids__locus084	TRUE	TRUE	TRUE
Monounsaturated_fatty_acids__locus085	TRUE	TRUE	TRUE
Monounsaturated_fatty_acids__locus086	TRUE	TRUE	TRUE
Monounsaturated_fatty_acids__locus087	TRUE	TRUE	TRUE
Monounsaturated_fatty_acids__locus088	TRUE	TRUE	TRUE
Monounsaturated_fatty_acids__locus089	TRUE	TRUE	TRUE
Monounsaturated_fatty_acids__locus090	TRUE	TRUE	TRUE
Monounsaturated_fatty_acids__locus091	TRUE	TRUE	TRUE
Monounsaturated_fatty_acids__locus092	TRUE	TRUE	TRUE
Monounsaturated_fatty_acids__locus093	TRUE	TRUE	TRUE
Monounsaturated_fatty_acids__locus094	TRUE	TRUE	TRUE
Monounsaturated_fatty_acids__locus095	TRUE	TRUE	TRUE
Monounsaturated_fatty_acids__locus096	TRUE	TRUE	TRUE
Monounsaturated_fatty_acids__locus097	TRUE	TRUE	TRUE
Monounsaturated_fatty_acids__locus098	TRUE	TRUE	TRUE
Monounsaturated_fatty_acids__locus099	TRUE	TRUE	TRUE
Monounsaturated_fatty_acids__locus100	TRUE	TRUE	TRUE
Monounsaturated_fatty_acids__locus101	TRUE	TRUE	TRUE
Monounsaturated_fatty_acids__locus102	TRUE	TRUE	TRUE
Monounsaturated_fatty_acids__locus103	TRUE	TRUE	TRUE
Monounsaturated_fatty_acids__locus104	TRUE	TRUE	TRUE
Monounsaturated_fatty_acids__locus105	TRUE	TRUE	TRUE
Monounsaturated_fatty_acids__locus106	TRUE	TRUE	TRUE
Monounsaturated_fatty_acids__locus107	TRUE	TRUE	TRUE
Monounsaturated_fatty_acids__locus108	TRUE	TRUE	TRUE
Monounsaturated_fatty_acids__locus109	FALSE	FALSE	FALSE
Monounsaturated_fatty_acids__locus110	TRUE	TRUE	TRUE
Monounsaturated_fatty_acids__locus111	TRUE	TRUE	TRUE
Monounsaturated_fatty_acids__locus112	TRUE	TRUE	TRUE
Monounsaturated_fatty_acids__locus113	TRUE	TRUE	TRUE
Monounsaturated_fatty_acids__locus114	TRUE	TRUE	TRUE
Monounsaturated_fatty_acids__locus115	TRUE	TRUE	TRUE
Monounsaturated_fatty_acids__locus116	TRUE	TRUE	TRUE
Monounsaturated_fatty_acids__locus117	TRUE	TRUE	TRUE
Monounsaturated_fatty_acids__locus118	TRUE	TRUE	TRUE
Monounsaturated_fatty_acids__locus119	TRUE	TRUE	TRUE
Monounsaturated_fatty_acids__locus120	TRUE	TRUE	TRUE
Monounsaturated_fatty_acids__locus121	TRUE	TRUE	TRUE
Monounsaturated_fatty_acids__locus122	FALSE	FALSE	FALSE
Monounsaturated_fatty_acids__locus123	TRUE	TRUE	TRUE
Monounsaturated_fatty_acids__locus124	TRUE	TRUE	TRUE
Monounsaturated_fatty_acids__locus125	TRUE	TRUE	TRUE
Monounsaturated_fatty_acids__locus126	TRUE	TRUE	TRUE
Monounsaturated_fatty_acids__locus127	TRUE	TRUE	TRUE
Monounsaturated_fatty_acids__locus128	TRUE	TRUE	TRUE
Monounsaturated_fatty_acids__locus129	TRUE	TRUE	TRUE
Monounsaturated_fatty_acids__locus130	TRUE	TRUE	TRUE
Monounsaturated_fatty_acids__locus131	TRUE	TRUE	TRUE
Monounsaturated_fatty_acids__locus132	TRUE	TRUE	TRUE
Monounsaturated_fatty_acids__locus133	TRUE	TRUE	TRUE
Monounsaturated_fatty_acids__locus134	TRUE	TRUE	TRUE
Monounsaturated_fatty_acids__locus135	TRUE	TRUE	TRUE
Monounsaturated_fatty_acids__locus136	TRUE	TRUE	TRUE
Monounsaturated_fatty_acids__locus137	TRUE	TRUE	TRUE
Monounsaturated_fatty_acids__locus138	TRUE	TRUE	TRUE
Monounsaturated_fatty_acids__locus139	TRUE	TRUE	TRUE
Monounsaturated_fatty_acids__locus140	TRUE	TRUE	TRUE
Monounsaturated_fatty_acids__locus141	TRUE	TRUE	TRUE
Monounsaturated_fatty_acids__locus142	TRUE	TRUE	TRUE
Monounsaturated_fatty_acids__locus143	TRUE	TRUE	TRUE
Monounsaturated_fatty_acids__locus144	TRUE	TRUE	TRUE
Monounsaturated_fatty_acids__locus145	TRUE	TRUE	TRUE
Monounsaturated_fatty_acids__locus146	TRUE	TRUE	TRUE
Monounsaturated_fatty_acids__locus147	TRUE	TRUE	TRUE
Monounsaturated_fatty_acids__locus148	TRUE	TRUE	TRUE
Monounsaturated_fatty_acids__locus149	TRUE	TRUE	TRUE
Monounsaturated_fatty_acids__locus150	TRUE	TRUE	TRUE
Monounsaturated_fatty_acids__locus151	TRUE	TRUE	TRUE
Monounsaturated_fatty_acids__locus152	TRUE	TRUE	TRUE
Monounsaturated_fatty_acids__locus153	TRUE	TRUE	TRUE
Monounsaturated_fatty_acids__locus154	TRUE	TRUE	TRUE
Monounsaturated_fatty_acids__locus155	TRUE	TRUE	TRUE
Monounsaturated_fatty_acids__locus156	TRUE	TRUE	TRUE
Monounsaturated_fatty_acids__locus157	TRUE	TRUE	TRUE
Monounsaturated_fatty_acids__locus158	TRUE	TRUE	TRUE
Monounsaturated_fatty_acids__locus159	TRUE	TRUE	TRUE
Monounsaturated_fatty_acids__locus160	TRUE	TRUE	TRUE
Monounsaturated_fatty_acids__locus161	TRUE	TRUE	TRUE
Monounsaturated_fatty_acids__locus162	TRUE	TRUE	TRUE
Monounsaturated_fatty_acids__locus163	TRUE	TRUE	TRUE
Monounsaturated_fatty_acids__locus164	TRUE	TRUE	TRUE
Monounsaturated_fatty_acids__locus165	TRUE	TRUE	TRUE
Monounsaturated_fatty_acids__locus166	TRUE	TRUE	TRUE
Monounsaturated_fatty_acids__locus167	TRUE	TRUE	TRUE
Monounsaturated_fatty_acids__locus168	TRUE	TRUE	TRUE
Monounsaturated_fatty_acids__locus169	TRUE	TRUE	TRUE
Monounsaturated_fatty_acids__locus170	TRUE	TRUE	TRUE
Monounsaturated_fatty_acids__locus171	TRUE	TRUE	TRUE
Monounsaturated_fatty_acids__locus172	TRUE	TRUE	TRUE
Monounsaturated_fatty_acids__locus173	TRUE	TRUE	TRUE
Monounsaturated_fatty_acids__locus174	TRUE	TRUE	TRUE
Monounsaturated_fatty_acids__locus175	TRUE	TRUE	TRUE
Monounsaturated_fatty_acids__locus176	TRUE	TRUE	TRUE
Monounsaturated_fatty_acids__locus177	TRUE	TRUE	TRUE
Monounsaturated_fatty_acids__locus178	TRUE	TRUE	TRUE
Monounsaturated_fatty_acids__locus179	TRUE	TRUE	TRUE
Monounsaturated_fatty_acids__locus180	TRUE	TRUE	TRUE
Monounsaturated_fatty_acids__locus181	TRUE	TRUE	TRUE
Monounsaturated_fatty_acids__locus182	TRUE	TRUE	TRUE
Monounsaturated_fatty_acids__locus183	FALSE	FALSE	FALSE
Monounsaturated_fatty_acids__locus184	TRUE	TRUE	TRUE
Monounsaturated_fatty_acids__locus185	TRUE	TRUE	TRUE
Monounsaturated_fatty_acids__locus186	TRUE	TRUE	TRUE
Monounsaturated_fatty_acids__locus187	TRUE	TRUE	TRUE
Monounsaturated_fatty_acids__locus188	TRUE	TRUE	TRUE
Monounsaturated_fatty_acids__locus189	TRUE	TRUE	TRUE
Monounsaturated_fatty_acids__locus190	TRUE	TRUE	TRUE
Monounsaturated_fatty_acids__locus191	TRUE	TRUE	TRUE
Monounsaturated_fatty_acids__locus192	TRUE	TRUE	TRUE
Monounsaturated_fatty_acids__locus193	TRUE	TRUE	TRUE
Monounsaturated_fatty_acids__locus194	TRUE	TRUE	TRUE
Monounsaturated_fatty_acids__locus195	TRUE	TRUE	TRUE
Monounsaturated_fatty_acids__locus196	TRUE	TRUE	TRUE
Monounsaturated_fatty_acids__locus197	TRUE	TRUE	TRUE
Monounsaturated_fatty_acids__locus198	TRUE	TRUE	TRUE
Monounsaturated_fatty_acids__locus199	TRUE	TRUE	TRUE
Monounsaturated_fatty_acids__locus200	TRUE	TRUE	TRUE
Monounsaturated_fatty_acids__locus201	TRUE	TRUE	TRUE
Monounsaturated_fatty_acids__locus202	TRUE	TRUE	TRUE
Monounsaturated_fatty_acids__locus203	TRUE	TRUE	TRUE
Monounsaturated_fatty_acids__locus204	TRUE	TRUE	TRUE
Monounsaturated_fatty_acids__locus205	TRUE	TRUE	TRUE
Monounsaturated_fatty_acids__locus206	TRUE	TRUE	TRUE
Monounsaturated_fatty_acids__locus207	TRUE	TRUE	TRUE
Monounsaturated_fatty_acids__locus208	TRUE	TRUE	TRUE
Monounsaturated_fatty_acids__locus209	TRUE	TRUE	TRUE
Monounsaturated_fatty_acids__locus210	TRUE	TRUE	TRUE
Monounsaturated_fatty_acids__locus211	TRUE	TRUE	TRUE
Monounsaturated_fatty_acids__locus212	TRUE	TRUE	TRUE
Monounsaturated_fatty_acids__locus213	TRUE	TRUE	TRUE
Monounsaturated_fatty_acids__locus214	TRUE	TRUE	TRUE
Monounsaturated_fatty_acids__locus215	TRUE	TRUE	TRUE
Monounsaturated_fatty_acids__locus216	TRUE	TRUE	TRUE
Monounsaturated_fatty_acids__locus217	TRUE	TRUE	TRUE
Monounsaturated_fatty_acids__locus218	TRUE	TRUE	TRUE
Monounsaturated_fatty_acids__locus219	TRUE	TRUE	TRUE
Monounsaturated_fatty_acids__locus220	TRUE	TRUE	TRUE
Monounsaturated_fatty_acids__locus221	TRUE	TRUE	TRUE
Monounsaturated_fatty_acids__locus222	TRUE	TRUE	TRUE
Monounsaturated_fatty_acids__locus223	TRUE	TRUE	TRUE
Monounsaturated_fatty_acids__locus224	TRUE	TRUE	TRUE
Monounsaturated_fatty_acids__locus225	TRUE	TRUE	TRUE
Monounsaturated_fatty_acids__locus226	TRUE	TRUE	TRUE
Monounsaturated_fatty_acids__locus227	TRUE	TRUE	TRUE
Monounsaturated_fatty_acids__locus228	TRUE	TRUE	TRUE
Monounsaturated_fatty_acids__locus229	TRUE	TRUE	TRUE
Monounsaturated_fatty_acids__locus230	TRUE	TRUE	TRUE
Monounsaturated_fatty_acids__locus231	TRUE	TRUE	TRUE
Monounsaturated_fatty_acids__locus232	TRUE	TRUE	TRUE
Monounsaturated_fatty_acids__locus233	TRUE	TRUE	TRUE
Monounsaturated_fatty_acids__locus234	TRUE	TRUE	TRUE
Monounsaturated_fatty_acids__locus235	TRUE	TRUE	TRUE
Monounsaturated_fatty_acids__locus236	TRUE	TRUE	TRUE
Monounsaturated_fatty_acids__locus237	TRUE	TRUE	TRUE
Monounsaturated_fatty_acids__locus238	TRUE	TRUE	TRUE
Monounsaturated_fatty_acids__locus239	TRUE	TRUE	TRUE
Monounsaturated_fatty_acids__locus240	TRUE	TRUE	TRUE
Monounsaturated_fatty_acids__locus241	TRUE	TRUE	TRUE
Monounsaturated_fatty_acids__locus242	TRUE	TRUE	TRUE
Monounsaturated_fatty_acids__locus243	TRUE	TRUE	TRUE
Monounsaturated_fatty_acids__locus244	TRUE	TRUE	TRUE
Monounsaturated_fatty_acids__locus245	TRUE	TRUE	TRUE
Monounsaturated_fatty_acids__locus246	TRUE	TRUE	TRUE
Monounsaturated_fatty_acids__locus247	TRUE	TRUE	TRUE
Monounsaturated_fatty_acids__locus248	TRUE	TRUE	TRUE
Monounsaturated_fatty_acids__locus249	TRUE	TRUE	TRUE
Monounsaturated_fatty_acids__locus250	TRUE	TRUE	TRUE
Monounsaturated_fatty_acids__locus251	TRUE	TRUE	TRUE
Monounsaturated_fatty_acids__locus252	TRUE	TRUE	TRUE
Monounsaturated_fatty_acids__locus253	TRUE	TRUE	TRUE
Monounsaturated_fatty_acids__locus254	TRUE	TRUE	TRUE
Monounsaturated_fatty_acids__locus255	TRUE	TRUE	TRUE
Monounsaturated_fatty_acids__locus256	TRUE	TRUE	TRUE
Monounsaturated_fatty_acids__locus257	TRUE	TRUE	TRUE
Monounsaturated_fatty_acids__locus258	TRUE	TRUE	TRUE
Monounsaturated_fatty_acids__locus259	TRUE	TRUE	TRUE
Monounsaturated_fatty_acids__locus260	TRUE	TRUE	TRUE
Monounsaturated_fatty_acids__locus261	TRUE	TRUE	TRUE
Monounsaturated_fatty_acids__locus262	TRUE	TRUE	TRUE
Monounsaturated_fatty_acids__locus263	TRUE	TRUE	TRUE
Monounsaturated_fatty_acids__locus264	TRUE	TRUE	TRUE
Monounsaturated_fatty_acids__locus265	TRUE	TRUE	TRUE
Monounsaturated_fatty_acids__locus266	TRUE	TRUE	TRUE
Monounsaturated_fatty_acids__locus267	TRUE	TRUE	TRUE
Monounsaturated_fatty_acids__locus268	TRUE	TRUE	TRUE
Monounsaturated_fatty_acids__locus269	TRUE	TRUE	TRUE
Monounsaturated_fatty_acids__locus270	TRUE	TRUE	TRUE
Monounsaturated_fatty_acids__locus271	TRUE	TRUE	TRUE
Monounsaturated_fatty_acids__locus272	TRUE	TRUE	TRUE
Monounsaturated_fatty_acids__locus273	TRUE	TRUE	TRUE
Monounsaturated_fatty_acids__locus274	TRUE	TRUE	TRUE
Monounsaturated_fatty_acids__locus275	TRUE	TRUE	TRUE
Monounsaturated_fatty_acids__locus276	TRUE	TRUE	TRUE
Monounsaturated_fatty_acids__locus277	TRUE	TRUE	TRUE
Monounsaturated_fatty_acids__locus278	TRUE	TRUE	TRUE
Monounsaturated_fatty_acids__locus279	TRUE	TRUE	TRUE
Monounsaturated_fatty_acids__locus280	TRUE	TRUE	TRUE
Monounsaturated_fatty_acids__locus281	TRUE	TRUE	TRUE
Monounsaturated_fatty_acids__locus282	TRUE	TRUE	TRUE
Monounsaturated_fatty_acids__locus283	TRUE	TRUE	TRUE
Monounsaturated_fatty_acids__locus284	TRUE	TRUE	TRUE
Monounsaturated_fatty_acids__locus285	TRUE	TRUE	TRUE
Monounsaturated_fatty_acids__locus286	TRUE	TRUE	TRUE
Monounsaturated_fatty_acids__locus287	TRUE	TRUE	TRUE
Monounsaturated_fatty_acids__locus288	TRUE	TRUE	TRUE
Monounsaturated_fatty_acids__locus289	TRUE	TRUE	TRUE
Monounsaturated_fatty_acids__locus290	TRUE	TRUE	TRUE
Monounsaturated_fatty_acids__locus291	TRUE	TRUE	TRUE
Monounsaturated_fatty_acids__locus292	TRUE	TRUE	TRUE
Monounsaturated_fatty_acids__locus293	TRUE	TRUE	TRUE
Monounsaturated_fatty_acids__locus294	TRUE	TRUE	TRUE
Monounsaturated_fatty_acids__locus295	TRUE	TRUE	TRUE
Monounsaturated_fatty_acids__locus296	TRUE	TRUE	TRUE
Monounsaturated_fatty_acids__locus297	TRUE	TRUE	TRUE
Monounsaturated_fatty_acids__locus298	TRUE	TRUE	TRUE
Monounsaturated_fatty_acids__locus299	TRUE	TRUE	TRUE
Monounsaturated_fatty_acids__locus300	TRUE	TRUE	TRUE
Monounsaturated_fatty_acids__locus301	TRUE	TRUE	TRUE
Monounsaturated_fatty_acids__locus302	TRUE	TRUE	TRUE
Monounsaturated_fatty_acids__locus303	TRUE	TRUE	TRUE
Monounsaturated_fatty_acids__locus304	TRUE	TRUE	TRUE
Monounsaturated_fatty_acids__locus305	TRUE	TRUE	TRUE
Monounsaturated_fatty_acids__locus306	TRUE	TRUE	TRUE
Monounsaturated_fatty_acids__locus307	TRUE	TRUE	TRUE
Monounsaturated_fatty_acids__locus308	TRUE	TRUE	TRUE
Monounsaturated_fatty_acids__locus309	TRUE	TRUE	TRUE
Monounsaturated_fatty_acids__locus310	TRUE	TRUE	TRUE
Monounsaturated_fatty_acids__locus311	TRUE	TRUE	TRUE
Monounsaturated_fatty_acids__locus312	TRUE	TRUE	TRUE
Monounsaturated_fatty_acids__locus313	TRUE	TRUE	TRUE
Monounsaturated_fatty_acids__locus314	TRUE	TRUE	TRUE
Monounsaturated_fatty_acids__locus315	TRUE	TRUE	TRUE
Monounsaturated_fatty_acids__locus316	TRUE	TRUE	TRUE
Monounsaturated_fatty_acids__locus317	TRUE	TRUE	TRUE
Monounsaturated_fatty_acids__locus318	TRUE	TRUE	TRUE
Monounsaturated_fatty_acids__locus319	TRUE	TRUE	TRUE
Monounsaturated_fatty_acids__locus320	TRUE	TRUE	TRUE
Monounsaturated_fatty_acids__locus321	TRUE	TRUE	TRUE
Monounsaturated_fatty_acids__locus322	TRUE	TRUE	TRUE
Monounsaturated_fatty_acids__locus323	TRUE	TRUE	TRUE
Monounsaturated_fatty_acids__locus324	TRUE	TRUE	TRUE
Monounsaturated_fatty_acids__locus325	TRUE	TRUE	TRUE
Monounsaturated_fatty_acids__locus326	TRUE	TRUE	TRUE
Monounsaturated_fatty_acids__locus327	TRUE	TRUE	TRUE
Monounsaturated_fatty_acids__locus328	TRUE	TRUE	TRUE
Monounsaturated_fatty_acids__locus329	TRUE	TRUE	TRUE
Monounsaturated_fatty_acids__locus330	TRUE	TRUE	TRUE
Monounsaturated_fatty_acids__locus331	TRUE	TRUE	TRUE
Monounsaturated_fatty_acids__locus332	TRUE	TRUE	TRUE
Monounsaturated_fatty_acids__locus333	TRUE	TRUE	TRUE
Monounsaturated_fatty_acids__locus334	TRUE	TRUE	TRUE
Monounsaturated_fatty_acids__locus335	TRUE	TRUE	TRUE
Monounsaturated_fatty_acids__locus336	TRUE	TRUE	TRUE
Monounsaturated_fatty_acids__locus337	TRUE	TRUE	TRUE
Monounsaturated_fatty_acids__locus338	TRUE	TRUE	TRUE
Monounsaturated_fatty_acids__locus339	TRUE	TRUE	TRUE
Monounsaturated_fatty_acids__locus340	TRUE	TRUE	TRUE
Monounsaturated_fatty_acids__locus341	TRUE	TRUE	TRUE
Monounsaturated_fatty_acids__locus342	TRUE	TRUE	TRUE
Monounsaturated_fatty_acids__locus343	TRUE	TRUE	TRUE
Monounsaturated_fatty_acids__locus344	TRUE	TRUE	TRUE
Monounsaturated_fatty_acids__locus345	TRUE	TRUE	TRUE
Monounsaturated_fatty_acids__locus346	TRUE	TRUE	TRUE
Monounsaturated_fatty_acids__locus347	TRUE	TRUE	TRUE
Monounsaturated_fatty_acids__locus348	TRUE	TRUE	TRUE
Monounsaturated_fatty_acids__locus349	TRUE	TRUE	TRUE
Monounsaturated_fatty_acids__locus350	TRUE	TRUE	TRUE
Monounsaturated_fatty_acids__locus351	TRUE	TRUE	TRUE
Monounsaturated_fatty_acids__locus352	TRUE	TRUE	TRUE
Monounsaturated_fatty_acids__locus353	TRUE	TRUE	TRUE
Monounsaturated_fatty_acids__locus354	TRUE	TRUE	TRUE
Monounsaturated_fatty_acids__locus355	TRUE	TRUE	TRUE
Monounsaturated_fatty_acids__locus356	TRUE	TRUE	TRUE
Monounsaturated_fatty_acids__locus357	TRUE	TRUE	TRUE
Monounsaturated_fatty_acids__locus358	TRUE	TRUE	TRUE
Monounsaturated_fatty_acids__locus359	TRUE	TRUE	TRUE
Monounsaturated_fatty_acids__locus360	TRUE	TRUE	TRUE
Monounsaturated_fatty_acids__locus361	TRUE	TRUE	TRUE
Monounsaturated_fatty_acids__locus362	TRUE	TRUE	TRUE
Monounsaturated_fatty_acids__locus363	TRUE	TRUE	TRUE
Monounsaturated_fatty_acids__locus364	TRUE	TRUE	TRUE
Monounsaturated_fatty_acids__locus365	TRUE	TRUE	TRUE
Monounsaturated_fatty_acids__locus366	TRUE	TRUE	TRUE
Monounsaturated_fatty_acids__locus367	TRUE	TRUE	TRUE
Monounsaturated_fatty_acids__locus368	TRUE	TRUE	FALSE
Monounsaturated_fatty_acids__locus369	TRUE	TRUE	TRUE
Monounsaturated_fatty_acids__locus370	TRUE	TRUE	TRUE
Monounsaturated_fatty_acids__locus371	TRUE	TRUE	TRUE
Monounsaturated_fatty_acids__locus372	TRUE	TRUE	TRUE
Monounsaturated_fatty_acids__locus373	TRUE	TRUE	TRUE
Monounsaturated_fatty_acids__locus374	TRUE	TRUE	TRUE
Monounsaturated_fatty_acids__locus375	TRUE	TRUE	TRUE
Monounsaturated_fatty_acids__locus376	TRUE	TRUE	TRUE
Monounsaturated_fatty_acids__locus377	TRUE	TRUE	TRUE
Monounsaturated_fatty_acids__locus378	TRUE	TRUE	TRUE
Monounsaturated_fatty_acids__locus379	TRUE	TRUE	TRUE
Monounsaturated_fatty_acids__locus380	TRUE	TRUE	TRUE
Monounsaturated_fatty_acids__locus381	TRUE	TRUE	TRUE
Monounsaturated_fatty_acids__locus382	TRUE	TRUE	TRUE
Monounsaturated_fatty_acids__locus383	TRUE	TRUE	TRUE
Monounsaturated_fatty_acids__locus384	TRUE	TRUE	TRUE
Monounsaturated_fatty_acids__locus385	TRUE	TRUE	TRUE
Monounsaturated_fatty_acids__locus386	TRUE	TRUE	TRUE
Monounsaturated_fatty_acids__locus387	TRUE	TRUE	TRUE
Monounsaturated_fatty_acids__locus388	TRUE	TRUE	TRUE
Monounsaturated_fatty_acids__locus389	TRUE	TRUE	TRUE
Monounsaturated_fatty_acids__locus390	TRUE	TRUE	TRUE
Monounsaturated_fatty_acids__locus391	TRUE	TRUE	TRUE
Monounsaturated_fatty_acids__locus392	TRUE	TRUE	TRUE
Monounsaturated_fatty_acids__locus393	FALSE	FALSE	FALSE
Monounsaturated_fatty_acids__locus394	TRUE	TRUE	TRUE
Monounsaturated_fatty_acids__locus395	TRUE	TRUE	TRUE
Monounsaturated_fatty_acids__locus396	TRUE	TRUE	TRUE
Monounsaturated_fatty_acids__locus397	TRUE	TRUE	TRUE
Monounsaturated_fatty_acids__locus398	TRUE	TRUE	TRUE
Monounsaturated_fatty_acids__locus399	TRUE	TRUE	TRUE
Monounsaturated_fatty_acids__locus400	TRUE	TRUE	TRUE
Monounsaturated_fatty_acids__locus401	TRUE	TRUE	TRUE
Monounsaturated_fatty_acids__locus402	TRUE	TRUE	TRUE
Monounsaturated_fatty_acids__locus403	TRUE	TRUE	TRUE
Monounsaturated_fatty_acids__locus404	TRUE	TRUE	TRUE
Monounsaturated_fatty_acids__locus405	TRUE	TRUE	TRUE
Monounsaturated_fatty_acids__locus406	TRUE	TRUE	TRUE
Monounsaturated_fatty_acids__locus407	TRUE	TRUE	TRUE
Monounsaturated_fatty_acids__locus408	TRUE	TRUE	TRUE
Monounsaturated_fatty_acids__locus409	TRUE	TRUE	TRUE
Monounsaturated_fatty_acids__locus410	TRUE	TRUE	TRUE
Monounsaturated_fatty_acids__locus411	TRUE	TRUE	TRUE
Monounsaturated_fatty_acids__locus412	TRUE	TRUE	TRUE
Monounsaturated_fatty_acids__locus413	TRUE	TRUE	TRUE
Monounsaturated_fatty_acids__locus414	TRUE	TRUE	TRUE
Monounsaturated_fatty_acids__locus415	TRUE	TRUE	TRUE
Monounsaturated_fatty_acids__locus416	TRUE	TRUE	TRUE
Monounsaturated_fatty_acids__locus417	TRUE	TRUE	TRUE
Monounsaturated_fatty_acids__locus418	TRUE	TRUE	TRUE
Monounsaturated_fatty_acids__locus419	TRUE	TRUE	TRUE
Monounsaturated_fatty_acids__locus420	TRUE	TRUE	TRUE
Monounsaturated_fatty_acids__locus421	TRUE	TRUE	TRUE
Monounsaturated_fatty_acids__locus422	TRUE	TRUE	TRUE
Monounsaturated_fatty_acids__locus423	TRUE	TRUE	TRUE
Monounsaturated_fatty_acids__locus424	TRUE	TRUE	TRUE
Ratio_of_monounsaturated_fatty_acids_to_total_fatty_acids__locus001	TRUE	TRUE	TRUE
Ratio_of_monounsaturated_fatty_acids_to_total_fatty_acids__locus002	TRUE	TRUE	TRUE
Ratio_of_monounsaturated_fatty_acids_to_total_fatty_acids__locus003	TRUE	TRUE	TRUE
Ratio_of_monounsaturated_fatty_acids_to_total_fatty_acids__locus004	TRUE	TRUE	TRUE
Ratio_of_monounsaturated_fatty_acids_to_total_fatty_acids__locus005	TRUE	TRUE	TRUE
Ratio_of_monounsaturated_fatty_acids_to_total_fatty_acids__locus006	TRUE	TRUE	TRUE
Ratio_of_monounsaturated_fatty_acids_to_total_fatty_acids__locus007	TRUE	TRUE	TRUE
Ratio_of_monounsaturated_fatty_acids_to_total_fatty_acids__locus008	TRUE	TRUE	TRUE
Ratio_of_monounsaturated_fatty_acids_to_total_fatty_acids__locus009	TRUE	TRUE	TRUE
Ratio_of_monounsaturated_fatty_acids_to_total_fatty_acids__locus010	TRUE	TRUE	TRUE
Ratio_of_monounsaturated_fatty_acids_to_total_fatty_acids__locus011	FALSE	FALSE	FALSE
Ratio_of_monounsaturated_fatty_acids_to_total_fatty_acids__locus012	TRUE	TRUE	TRUE
Ratio_of_monounsaturated_fatty_acids_to_total_fatty_acids__locus013	TRUE	TRUE	TRUE
Ratio_of_monounsaturated_fatty_acids_to_total_fatty_acids__locus014	TRUE	TRUE	TRUE
Ratio_of_monounsaturated_fatty_acids_to_total_fatty_acids__locus015	TRUE	TRUE	TRUE
Ratio_of_monounsaturated_fatty_acids_to_total_fatty_acids__locus016	TRUE	TRUE	TRUE
Ratio_of_monounsaturated_fatty_acids_to_total_fatty_acids__locus017	TRUE	TRUE	TRUE
Ratio_of_monounsaturated_fatty_acids_to_total_fatty_acids__locus018	TRUE	TRUE	TRUE
Ratio_of_monounsaturated_fatty_acids_to_total_fatty_acids__locus019	TRUE	TRUE	TRUE
Ratio_of_monounsaturated_fatty_acids_to_total_fatty_acids__locus020	TRUE	TRUE	TRUE
Ratio_of_monounsaturated_fatty_acids_to_total_fatty_acids__locus021	TRUE	TRUE	TRUE
Ratio_of_monounsaturated_fatty_acids_to_total_fatty_acids__locus022	TRUE	TRUE	TRUE
Ratio_of_monounsaturated_fatty_acids_to_total_fatty_acids__locus023	TRUE	TRUE	TRUE
Ratio_of_monounsaturated_fatty_acids_to_total_fatty_acids__locus024	TRUE	TRUE	TRUE
Ratio_of_monounsaturated_fatty_acids_to_total_fatty_acids__locus025	TRUE	TRUE	TRUE
Ratio_of_monounsaturated_fatty_acids_to_total_fatty_acids__locus026	TRUE	TRUE	TRUE
Ratio_of_monounsaturated_fatty_acids_to_total_fatty_acids__locus027	TRUE	TRUE	TRUE
Ratio_of_monounsaturated_fatty_acids_to_total_fatty_acids__locus028	TRUE	TRUE	TRUE
Ratio_of_monounsaturated_fatty_acids_to_total_fatty_acids__locus029	TRUE	TRUE	TRUE
Ratio_of_monounsaturated_fatty_acids_to_total_fatty_acids__locus030	TRUE	TRUE	TRUE
Ratio_of_monounsaturated_fatty_acids_to_total_fatty_acids__locus031	TRUE	TRUE	TRUE
Ratio_of_monounsaturated_fatty_acids_to_total_fatty_acids__locus032	TRUE	TRUE	TRUE
Ratio_of_monounsaturated_fatty_acids_to_total_fatty_acids__locus033	TRUE	TRUE	TRUE
Ratio_of_monounsaturated_fatty_acids_to_total_fatty_acids__locus034	TRUE	TRUE	TRUE
Ratio_of_monounsaturated_fatty_acids_to_total_fatty_acids__locus035	TRUE	TRUE	TRUE
Ratio_of_monounsaturated_fatty_acids_to_total_fatty_acids__locus036	TRUE	TRUE	TRUE
Ratio_of_monounsaturated_fatty_acids_to_total_fatty_acids__locus037	TRUE	TRUE	TRUE
Ratio_of_monounsaturated_fatty_acids_to_total_fatty_acids__locus038	TRUE	TRUE	FALSE
Ratio_of_monounsaturated_fatty_acids_to_total_fatty_acids__locus039	TRUE	TRUE	TRUE
Ratio_of_monounsaturated_fatty_acids_to_total_fatty_acids__locus040	TRUE	TRUE	TRUE
Ratio_of_monounsaturated_fatty_acids_to_total_fatty_acids__locus041	TRUE	TRUE	TRUE
Ratio_of_monounsaturated_fatty_acids_to_total_fatty_acids__locus042	TRUE	TRUE	TRUE
Ratio_of_monounsaturated_fatty_acids_to_total_fatty_acids__locus043	TRUE	TRUE	TRUE
Ratio_of_monounsaturated_fatty_acids_to_total_fatty_acids__locus044	TRUE	TRUE	TRUE
Ratio_of_monounsaturated_fatty_acids_to_total_fatty_acids__locus045	TRUE	TRUE	TRUE
Ratio_of_monounsaturated_fatty_acids_to_total_fatty_acids__locus046	TRUE	TRUE	TRUE
Ratio_of_monounsaturated_fatty_acids_to_total_fatty_acids__locus047	TRUE	TRUE	TRUE
Ratio_of_monounsaturated_fatty_acids_to_total_fatty_acids__locus048	TRUE	TRUE	TRUE
Ratio_of_monounsaturated_fatty_acids_to_total_fatty_acids__locus049	TRUE	TRUE	TRUE
Ratio_of_monounsaturated_fatty_acids_to_total_fatty_acids__locus050	TRUE	TRUE	TRUE
Ratio_of_monounsaturated_fatty_acids_to_total_fatty_acids__locus051	TRUE	TRUE	TRUE
Ratio_of_monounsaturated_fatty_acids_to_total_fatty_acids__locus052	TRUE	TRUE	TRUE
Ratio_of_monounsaturated_fatty_acids_to_total_fatty_acids__locus053	TRUE	TRUE	TRUE
Ratio_of_monounsaturated_fatty_acids_to_total_fatty_acids__locus054	TRUE	TRUE	TRUE
Ratio_of_monounsaturated_fatty_acids_to_total_fatty_acids__locus055	TRUE	TRUE	TRUE
Ratio_of_monounsaturated_fatty_acids_to_total_fatty_acids__locus056	TRUE	TRUE	TRUE
Ratio_of_monounsaturated_fatty_acids_to_total_fatty_acids__locus057	TRUE	TRUE	TRUE
Ratio_of_monounsaturated_fatty_acids_to_total_fatty_acids__locus058	TRUE	TRUE	TRUE
Ratio_of_monounsaturated_fatty_acids_to_total_fatty_acids__locus059	TRUE	TRUE	TRUE
Ratio_of_monounsaturated_fatty_acids_to_total_fatty_acids__locus060	TRUE	TRUE	TRUE
Ratio_of_monounsaturated_fatty_acids_to_total_fatty_acids__locus061	TRUE	TRUE	TRUE
Ratio_of_monounsaturated_fatty_acids_to_total_fatty_acids__locus062	TRUE	TRUE	TRUE
Ratio_of_monounsaturated_fatty_acids_to_total_fatty_acids__locus063	TRUE	TRUE	TRUE
Ratio_of_monounsaturated_fatty_acids_to_total_fatty_acids__locus064	TRUE	TRUE	TRUE
Ratio_of_monounsaturated_fatty_acids_to_total_fatty_acids__locus065	TRUE	TRUE	TRUE
Ratio_of_monounsaturated_fatty_acids_to_total_fatty_acids__locus066	TRUE	TRUE	TRUE
Ratio_of_monounsaturated_fatty_acids_to_total_fatty_acids__locus067	TRUE	TRUE	TRUE
Ratio_of_monounsaturated_fatty_acids_to_total_fatty_acids__locus068	TRUE	TRUE	TRUE
Ratio_of_monounsaturated_fatty_acids_to_total_fatty_acids__locus069	TRUE	TRUE	TRUE
Ratio_of_monounsaturated_fatty_acids_to_total_fatty_acids__locus070	TRUE	TRUE	TRUE
Ratio_of_monounsaturated_fatty_acids_to_total_fatty_acids__locus071	TRUE	TRUE	TRUE
Ratio_of_monounsaturated_fatty_acids_to_total_fatty_acids__locus072	TRUE	TRUE	TRUE
Ratio_of_monounsaturated_fatty_acids_to_total_fatty_acids__locus073	TRUE	TRUE	TRUE
Ratio_of_monounsaturated_fatty_acids_to_total_fatty_acids__locus074	TRUE	TRUE	TRUE
Ratio_of_monounsaturated_fatty_acids_to_total_fatty_acids__locus075	TRUE	TRUE	TRUE
Ratio_of_monounsaturated_fatty_acids_to_total_fatty_acids__locus076	TRUE	TRUE	TRUE
Ratio_of_monounsaturated_fatty_acids_to_total_fatty_acids__locus077	TRUE	TRUE	TRUE
Ratio_of_monounsaturated_fatty_acids_to_total_fatty_acids__locus078	TRUE	TRUE	TRUE
Ratio_of_monounsaturated_fatty_acids_to_total_fatty_acids__locus079	TRUE	TRUE	TRUE
Ratio_of_monounsaturated_fatty_acids_to_total_fatty_acids__locus080	TRUE	TRUE	TRUE
Ratio_of_monounsaturated_fatty_acids_to_total_fatty_acids__locus081	TRUE	TRUE	TRUE
Ratio_of_monounsaturated_fatty_acids_to_total_fatty_acids__locus082	TRUE	TRUE	TRUE
Ratio_of_monounsaturated_fatty_acids_to_total_fatty_acids__locus083	TRUE	TRUE	TRUE
Ratio_of_monounsaturated_fatty_acids_to_total_fatty_acids__locus084	TRUE	TRUE	TRUE
Ratio_of_monounsaturated_fatty_acids_to_total_fatty_acids__locus085	TRUE	TRUE	TRUE
Ratio_of_monounsaturated_fatty_acids_to_total_fatty_acids__locus086	TRUE	TRUE	TRUE
Ratio_of_monounsaturated_fatty_acids_to_total_fatty_acids__locus087	TRUE	TRUE	TRUE
Ratio_of_monounsaturated_fatty_acids_to_total_fatty_acids__locus088	TRUE	TRUE	TRUE
Ratio_of_monounsaturated_fatty_acids_to_total_fatty_acids__locus089	TRUE	TRUE	TRUE
Ratio_of_monounsaturated_fatty_acids_to_total_fatty_acids__locus090	TRUE	TRUE	TRUE
Ratio_of_monounsaturated_fatty_acids_to_total_fatty_acids__locus091	TRUE	TRUE	TRUE
Ratio_of_monounsaturated_fatty_acids_to_total_fatty_acids__locus092	TRUE	TRUE	TRUE
Ratio_of_monounsaturated_fatty_acids_to_total_fatty_acids__locus093	TRUE	TRUE	TRUE
Ratio_of_monounsaturated_fatty_acids_to_total_fatty_acids__locus094	TRUE	TRUE	TRUE
Ratio_of_monounsaturated_fatty_acids_to_total_fatty_acids__locus095	TRUE	TRUE	TRUE
Ratio_of_monounsaturated_fatty_acids_to_total_fatty_acids__locus096	TRUE	TRUE	TRUE
Ratio_of_monounsaturated_fatty_acids_to_total_fatty_acids__locus097	TRUE	TRUE	TRUE
Ratio_of_monounsaturated_fatty_acids_to_total_fatty_acids__locus098	TRUE	TRUE	TRUE
Ratio_of_monounsaturated_fatty_acids_to_total_fatty_acids__locus099	TRUE	TRUE	TRUE
Ratio_of_monounsaturated_fatty_acids_to_total_fatty_acids__locus100	TRUE	TRUE	TRUE
Ratio_of_monounsaturated_fatty_acids_to_total_fatty_acids__locus101	TRUE	TRUE	TRUE
Ratio_of_monounsaturated_fatty_acids_to_total_fatty_acids__locus102	TRUE	TRUE	TRUE
Ratio_of_monounsaturated_fatty_acids_to_total_fatty_acids__locus103	TRUE	TRUE	TRUE
Ratio_of_monounsaturated_fatty_acids_to_total_fatty_acids__locus104	TRUE	TRUE	TRUE
Ratio_of_monounsaturated_fatty_acids_to_total_fatty_acids__locus105	TRUE	TRUE	TRUE
Ratio_of_monounsaturated_fatty_acids_to_total_fatty_acids__locus106	TRUE	TRUE	TRUE
Ratio_of_monounsaturated_fatty_acids_to_total_fatty_acids__locus107	TRUE	TRUE	TRUE
Ratio_of_monounsaturated_fatty_acids_to_total_fatty_acids__locus108	TRUE	TRUE	TRUE
Ratio_of_monounsaturated_fatty_acids_to_total_fatty_acids__locus109	TRUE	TRUE	TRUE
Ratio_of_monounsaturated_fatty_acids_to_total_fatty_acids__locus110	TRUE	TRUE	TRUE
Ratio_of_monounsaturated_fatty_acids_to_total_fatty_acids__locus111	TRUE	TRUE	TRUE
Ratio_of_monounsaturated_fatty_acids_to_total_fatty_acids__locus112	TRUE	TRUE	TRUE
Ratio_of_monounsaturated_fatty_acids_to_total_fatty_acids__locus113	TRUE	TRUE	TRUE
Ratio_of_monounsaturated_fatty_acids_to_total_fatty_acids__locus114	TRUE	TRUE	TRUE
Ratio_of_monounsaturated_fatty_acids_to_total_fatty_acids__locus115	TRUE	TRUE	TRUE
Ratio_of_monounsaturated_fatty_acids_to_total_fatty_acids__locus116	TRUE	TRUE	TRUE
Ratio_of_monounsaturated_fatty_acids_to_total_fatty_acids__locus117	TRUE	TRUE	TRUE
Ratio_of_monounsaturated_fatty_acids_to_total_fatty_acids__locus118	TRUE	TRUE	TRUE
Ratio_of_monounsaturated_fatty_acids_to_total_fatty_acids__locus119	TRUE	TRUE	TRUE
Ratio_of_monounsaturated_fatty_acids_to_total_fatty_acids__locus120	TRUE	TRUE	TRUE
Ratio_of_monounsaturated_fatty_acids_to_total_fatty_acids__locus121	TRUE	TRUE	TRUE
Ratio_of_monounsaturated_fatty_acids_to_total_fatty_acids__locus122	TRUE	TRUE	TRUE
Ratio_of_monounsaturated_fatty_acids_to_total_fatty_acids__locus123	TRUE	TRUE	TRUE
Ratio_of_monounsaturated_fatty_acids_to_total_fatty_acids__locus124	TRUE	TRUE	TRUE
Ratio_of_monounsaturated_fatty_acids_to_total_fatty_acids__locus125	TRUE	TRUE	TRUE
Ratio_of_monounsaturated_fatty_acids_to_total_fatty_acids__locus126	TRUE	TRUE	TRUE
Ratio_of_monounsaturated_fatty_acids_to_total_fatty_acids__locus127	TRUE	TRUE	TRUE
Ratio_of_monounsaturated_fatty_acids_to_total_fatty_acids__locus128	TRUE	TRUE	TRUE
Ratio_of_monounsaturated_fatty_acids_to_total_fatty_acids__locus129	TRUE	TRUE	TRUE
Ratio_of_monounsaturated_fatty_acids_to_total_fatty_acids__locus130	TRUE	TRUE	TRUE
Ratio_of_monounsaturated_fatty_acids_to_total_fatty_acids__locus131	TRUE	TRUE	TRUE
Ratio_of_monounsaturated_fatty_acids_to_total_fatty_acids__locus132	TRUE	TRUE	TRUE
Ratio_of_monounsaturated_fatty_acids_to_total_fatty_acids__locus133	TRUE	TRUE	TRUE
Ratio_of_monounsaturated_fatty_acids_to_total_fatty_acids__locus134	TRUE	TRUE	TRUE
Ratio_of_monounsaturated_fatty_acids_to_total_fatty_acids__locus135	TRUE	TRUE	TRUE
Ratio_of_monounsaturated_fatty_acids_to_total_fatty_acids__locus136	TRUE	TRUE	TRUE
Ratio_of_monounsaturated_fatty_acids_to_total_fatty_acids__locus137	TRUE	TRUE	TRUE
Ratio_of_monounsaturated_fatty_acids_to_total_fatty_acids__locus138	TRUE	TRUE	TRUE
Ratio_of_monounsaturated_fatty_acids_to_total_fatty_acids__locus139	TRUE	TRUE	TRUE
Ratio_of_monounsaturated_fatty_acids_to_total_fatty_acids__locus140	TRUE	TRUE	TRUE
Ratio_of_monounsaturated_fatty_acids_to_total_fatty_acids__locus141	TRUE	TRUE	TRUE
Ratio_of_monounsaturated_fatty_acids_to_total_fatty_acids__locus142	TRUE	TRUE	TRUE
Ratio_of_monounsaturated_fatty_acids_to_total_fatty_acids__locus143	TRUE	TRUE	TRUE
Ratio_of_monounsaturated_fatty_acids_to_total_fatty_acids__locus144	FALSE	FALSE	FALSE
Ratio_of_monounsaturated_fatty_acids_to_total_fatty_acids__locus145	TRUE	TRUE	TRUE
Ratio_of_monounsaturated_fatty_acids_to_total_fatty_acids__locus146	TRUE	TRUE	TRUE
Ratio_of_monounsaturated_fatty_acids_to_total_fatty_acids__locus147	TRUE	TRUE	TRUE
Ratio_of_monounsaturated_fatty_acids_to_total_fatty_acids__locus148	TRUE	TRUE	TRUE
Ratio_of_monounsaturated_fatty_acids_to_total_fatty_acids__locus149	TRUE	TRUE	TRUE
Ratio_of_monounsaturated_fatty_acids_to_total_fatty_acids__locus150	TRUE	TRUE	TRUE
Ratio_of_monounsaturated_fatty_acids_to_total_fatty_acids__locus151	TRUE	TRUE	TRUE
Ratio_of_monounsaturated_fatty_acids_to_total_fatty_acids__locus152	TRUE	TRUE	TRUE
Ratio_of_monounsaturated_fatty_acids_to_total_fatty_acids__locus153	TRUE	TRUE	TRUE
Ratio_of_monounsaturated_fatty_acids_to_total_fatty_acids__locus154	TRUE	TRUE	TRUE
Ratio_of_monounsaturated_fatty_acids_to_total_fatty_acids__locus155	TRUE	TRUE	TRUE
Ratio_of_monounsaturated_fatty_acids_to_total_fatty_acids__locus156	TRUE	TRUE	TRUE
Ratio_of_monounsaturated_fatty_acids_to_total_fatty_acids__locus157	TRUE	TRUE	TRUE
Ratio_of_monounsaturated_fatty_acids_to_total_fatty_acids__locus158	TRUE	TRUE	TRUE
Ratio_of_monounsaturated_fatty_acids_to_total_fatty_acids__locus159	TRUE	TRUE	TRUE
Ratio_of_monounsaturated_fatty_acids_to_total_fatty_acids__locus160	TRUE	TRUE	TRUE
Ratio_of_monounsaturated_fatty_acids_to_total_fatty_acids__locus161	TRUE	TRUE	TRUE
Ratio_of_monounsaturated_fatty_acids_to_total_fatty_acids__locus162	TRUE	TRUE	TRUE
Ratio_of_monounsaturated_fatty_acids_to_total_fatty_acids__locus163	TRUE	TRUE	TRUE
Ratio_of_monounsaturated_fatty_acids_to_total_fatty_acids__locus164	TRUE	TRUE	TRUE
Ratio_of_monounsaturated_fatty_acids_to_total_fatty_acids__locus165	TRUE	TRUE	TRUE
Ratio_of_monounsaturated_fatty_acids_to_total_fatty_acids__locus166	TRUE	TRUE	TRUE
Ratio_of_monounsaturated_fatty_acids_to_total_fatty_acids__locus167	TRUE	TRUE	TRUE
Ratio_of_monounsaturated_fatty_acids_to_total_fatty_acids__locus168	TRUE	TRUE	TRUE
Ratio_of_monounsaturated_fatty_acids_to_total_fatty_acids__locus169	TRUE	TRUE	TRUE
Ratio_of_monounsaturated_fatty_acids_to_total_fatty_acids__locus170	TRUE	TRUE	TRUE
Ratio_of_monounsaturated_fatty_acids_to_total_fatty_acids__locus171	TRUE	TRUE	TRUE
Ratio_of_monounsaturated_fatty_acids_to_total_fatty_acids__locus172	TRUE	TRUE	TRUE
Ratio_of_monounsaturated_fatty_acids_to_total_fatty_acids__locus173	TRUE	TRUE	TRUE
Ratio_of_monounsaturated_fatty_acids_to_total_fatty_acids__locus174	TRUE	TRUE	TRUE
Ratio_of_monounsaturated_fatty_acids_to_total_fatty_acids__locus175	TRUE	TRUE	TRUE
Ratio_of_monounsaturated_fatty_acids_to_total_fatty_acids__locus176	TRUE	TRUE	TRUE
Ratio_of_monounsaturated_fatty_acids_to_total_fatty_acids__locus177	TRUE	TRUE	TRUE
Ratio_of_monounsaturated_fatty_acids_to_total_fatty_acids__locus178	TRUE	TRUE	TRUE
Ratio_of_monounsaturated_fatty_acids_to_total_fatty_acids__locus179	TRUE	TRUE	TRUE
Ratio_of_monounsaturated_fatty_acids_to_total_fatty_acids__locus180	TRUE	TRUE	TRUE
Ratio_of_monounsaturated_fatty_acids_to_total_fatty_acids__locus181	TRUE	TRUE	TRUE
Ratio_of_monounsaturated_fatty_acids_to_total_fatty_acids__locus182	TRUE	TRUE	TRUE
Ratio_of_monounsaturated_fatty_acids_to_total_fatty_acids__locus183	TRUE	TRUE	TRUE
Ratio_of_monounsaturated_fatty_acids_to_total_fatty_acids__locus184	TRUE	TRUE	TRUE
Ratio_of_monounsaturated_fatty_acids_to_total_fatty_acids__locus185	TRUE	TRUE	TRUE
Ratio_of_monounsaturated_fatty_acids_to_total_fatty_acids__locus186	TRUE	TRUE	TRUE
Ratio_of_monounsaturated_fatty_acids_to_total_fatty_acids__locus187	TRUE	TRUE	TRUE
Ratio_of_monounsaturated_fatty_acids_to_total_fatty_acids__locus188	TRUE	TRUE	TRUE
Ratio_of_monounsaturated_fatty_acids_to_total_fatty_acids__locus189	TRUE	TRUE	TRUE
Ratio_of_monounsaturated_fatty_acids_to_total_fatty_acids__locus190	TRUE	TRUE	TRUE
Ratio_of_monounsaturated_fatty_acids_to_total_fatty_acids__locus191	TRUE	TRUE	TRUE
Ratio_of_monounsaturated_fatty_acids_to_total_fatty_acids__locus192	TRUE	TRUE	TRUE
Ratio_of_monounsaturated_fatty_acids_to_total_fatty_acids__locus193	TRUE	TRUE	TRUE
Ratio_of_monounsaturated_fatty_acids_to_total_fatty_acids__locus194	TRUE	TRUE	TRUE
Ratio_of_monounsaturated_fatty_acids_to_total_fatty_acids__locus195	TRUE	TRUE	TRUE
Ratio_of_monounsaturated_fatty_acids_to_total_fatty_acids__locus196	TRUE	TRUE	TRUE
Ratio_of_monounsaturated_fatty_acids_to_total_fatty_acids__locus197	TRUE	TRUE	TRUE
Ratio_of_monounsaturated_fatty_acids_to_total_fatty_acids__locus198	TRUE	TRUE	TRUE
Ratio_of_monounsaturated_fatty_acids_to_total_fatty_acids__locus199	TRUE	TRUE	TRUE
Ratio_of_monounsaturated_fatty_acids_to_total_fatty_acids__locus200	TRUE	TRUE	TRUE
Ratio_of_monounsaturated_fatty_acids_to_total_fatty_acids__locus201	TRUE	TRUE	TRUE
Ratio_of_monounsaturated_fatty_acids_to_total_fatty_acids__locus202	TRUE	TRUE	TRUE
Ratio_of_monounsaturated_fatty_acids_to_total_fatty_acids__locus203	TRUE	TRUE	TRUE
Ratio_of_monounsaturated_fatty_acids_to_total_fatty_acids__locus204	TRUE	TRUE	TRUE
Ratio_of_monounsaturated_fatty_acids_to_total_fatty_acids__locus205	TRUE	TRUE	TRUE
Ratio_of_monounsaturated_fatty_acids_to_total_fatty_acids__locus206	TRUE	TRUE	TRUE
Ratio_of_monounsaturated_fatty_acids_to_total_fatty_acids__locus207	TRUE	TRUE	TRUE
Ratio_of_monounsaturated_fatty_acids_to_total_fatty_acids__locus208	TRUE	TRUE	TRUE
Ratio_of_monounsaturated_fatty_acids_to_total_fatty_acids__locus209	TRUE	TRUE	TRUE
Ratio_of_monounsaturated_fatty_acids_to_total_fatty_acids__locus210	TRUE	TRUE	TRUE
Ratio_of_monounsaturated_fatty_acids_to_total_fatty_acids__locus211	TRUE	TRUE	TRUE
Ratio_of_monounsaturated_fatty_acids_to_total_fatty_acids__locus212	TRUE	TRUE	TRUE
Ratio_of_monounsaturated_fatty_acids_to_total_fatty_acids__locus213	TRUE	TRUE	TRUE
Ratio_of_monounsaturated_fatty_acids_to_total_fatty_acids__locus214	FALSE	FALSE	FALSE
Ratio_of_monounsaturated_fatty_acids_to_total_fatty_acids__locus215	TRUE	TRUE	TRUE
Ratio_of_monounsaturated_fatty_acids_to_total_fatty_acids__locus216	TRUE	TRUE	TRUE
Ratio_of_monounsaturated_fatty_acids_to_total_fatty_acids__locus217	TRUE	TRUE	TRUE
Ratio_of_monounsaturated_fatty_acids_to_total_fatty_acids__locus218	TRUE	TRUE	TRUE
Ratio_of_monounsaturated_fatty_acids_to_total_fatty_acids__locus219	TRUE	TRUE	TRUE
Ratio_of_monounsaturated_fatty_acids_to_total_fatty_acids__locus220	TRUE	TRUE	TRUE
Ratio_of_monounsaturated_fatty_acids_to_total_fatty_acids__locus221	TRUE	TRUE	TRUE
Ratio_of_monounsaturated_fatty_acids_to_total_fatty_acids__locus222	TRUE	TRUE	TRUE
Ratio_of_monounsaturated_fatty_acids_to_total_fatty_acids__locus223	TRUE	TRUE	TRUE
Ratio_of_monounsaturated_fatty_acids_to_total_fatty_acids__locus224	TRUE	TRUE	TRUE
Ratio_of_monounsaturated_fatty_acids_to_total_fatty_acids__locus225	TRUE	TRUE	TRUE
Ratio_of_monounsaturated_fatty_acids_to_total_fatty_acids__locus226	TRUE	TRUE	TRUE
Ratio_of_monounsaturated_fatty_acids_to_total_fatty_acids__locus227	TRUE	TRUE	TRUE
Ratio_of_monounsaturated_fatty_acids_to_total_fatty_acids__locus228	TRUE	TRUE	TRUE
Ratio_of_monounsaturated_fatty_acids_to_total_fatty_acids__locus229	TRUE	TRUE	TRUE
Ratio_of_monounsaturated_fatty_acids_to_total_fatty_acids__locus230	TRUE	TRUE	TRUE
Ratio_of_monounsaturated_fatty_acids_to_total_fatty_acids__locus231	TRUE	TRUE	TRUE
Ratio_of_monounsaturated_fatty_acids_to_total_fatty_acids__locus232	TRUE	TRUE	TRUE
Ratio_of_monounsaturated_fatty_acids_to_total_fatty_acids__locus233	TRUE	TRUE	TRUE
Ratio_of_monounsaturated_fatty_acids_to_total_fatty_acids__locus234	TRUE	TRUE	TRUE
Ratio_of_monounsaturated_fatty_acids_to_total_fatty_acids__locus235	TRUE	TRUE	TRUE
Ratio_of_monounsaturated_fatty_acids_to_total_fatty_acids__locus236	TRUE	TRUE	TRUE
Ratio_of_monounsaturated_fatty_acids_to_total_fatty_acids__locus237	TRUE	TRUE	TRUE
Ratio_of_monounsaturated_fatty_acids_to_total_fatty_acids__locus238	TRUE	TRUE	TRUE
Ratio_of_monounsaturated_fatty_acids_to_total_fatty_acids__locus239	TRUE	TRUE	TRUE
Ratio_of_monounsaturated_fatty_acids_to_total_fatty_acids__locus240	TRUE	TRUE	TRUE
Ratio_of_monounsaturated_fatty_acids_to_total_fatty_acids__locus241	TRUE	TRUE	TRUE
Ratio_of_monounsaturated_fatty_acids_to_total_fatty_acids__locus242	TRUE	TRUE	TRUE
Ratio_of_monounsaturated_fatty_acids_to_total_fatty_acids__locus243	FALSE	FALSE	FALSE
Ratio_of_monounsaturated_fatty_acids_to_total_fatty_acids__locus244	TRUE	TRUE	TRUE
Ratio_of_monounsaturated_fatty_acids_to_total_fatty_acids__locus245	TRUE	TRUE	TRUE
Ratio_of_monounsaturated_fatty_acids_to_total_fatty_acids__locus246	TRUE	TRUE	TRUE
Ratio_of_monounsaturated_fatty_acids_to_total_fatty_acids__locus247	TRUE	TRUE	TRUE
Ratio_of_monounsaturated_fatty_acids_to_total_fatty_acids__locus248	TRUE	TRUE	TRUE
Ratio_of_monounsaturated_fatty_acids_to_total_fatty_acids__locus249	TRUE	TRUE	TRUE
Ratio_of_monounsaturated_fatty_acids_to_total_fatty_acids__locus250	TRUE	TRUE	TRUE
Ratio_of_monounsaturated_fatty_acids_to_total_fatty_acids__locus251	TRUE	TRUE	TRUE
Ratio_of_monounsaturated_fatty_acids_to_total_fatty_acids__locus252	TRUE	TRUE	TRUE
Ratio_of_monounsaturated_fatty_acids_to_total_fatty_acids__locus253	TRUE	TRUE	TRUE
Ratio_of_monounsaturated_fatty_acids_to_total_fatty_acids__locus254	TRUE	TRUE	TRUE
Ratio_of_monounsaturated_fatty_acids_to_total_fatty_acids__locus255	FALSE	FALSE	FALSE
Ratio_of_monounsaturated_fatty_acids_to_total_fatty_acids__locus256	TRUE	TRUE	TRUE
Ratio_of_monounsaturated_fatty_acids_to_total_fatty_acids__locus257	TRUE	TRUE	TRUE
Ratio_of_monounsaturated_fatty_acids_to_total_fatty_acids__locus258	TRUE	TRUE	TRUE
Ratio_of_monounsaturated_fatty_acids_to_total_fatty_acids__locus259	TRUE	TRUE	TRUE
Ratio_of_monounsaturated_fatty_acids_to_total_fatty_acids__locus260	TRUE	TRUE	TRUE
Ratio_of_monounsaturated_fatty_acids_to_total_fatty_acids__locus261	TRUE	TRUE	TRUE
Ratio_of_monounsaturated_fatty_acids_to_total_fatty_acids__locus262	TRUE	TRUE	TRUE
Ratio_of_monounsaturated_fatty_acids_to_total_fatty_acids__locus263	TRUE	TRUE	TRUE
Ratio_of_monounsaturated_fatty_acids_to_total_fatty_acids__locus264	TRUE	TRUE	TRUE
Ratio_of_monounsaturated_fatty_acids_to_total_fatty_acids__locus265	TRUE	TRUE	TRUE
Ratio_of_monounsaturated_fatty_acids_to_total_fatty_acids__locus266	TRUE	TRUE	TRUE
Ratio_of_monounsaturated_fatty_acids_to_total_fatty_acids__locus267	TRUE	TRUE	TRUE
Ratio_of_monounsaturated_fatty_acids_to_total_fatty_acids__locus268	TRUE	TRUE	TRUE
Ratio_of_monounsaturated_fatty_acids_to_total_fatty_acids__locus269	TRUE	TRUE	TRUE
Ratio_of_monounsaturated_fatty_acids_to_total_fatty_acids__locus270	TRUE	TRUE	TRUE
Ratio_of_monounsaturated_fatty_acids_to_total_fatty_acids__locus271	TRUE	TRUE	TRUE
Ratio_of_monounsaturated_fatty_acids_to_total_fatty_acids__locus272	TRUE	TRUE	TRUE
Ratio_of_monounsaturated_fatty_acids_to_total_fatty_acids__locus273	TRUE	TRUE	TRUE
Ratio_of_monounsaturated_fatty_acids_to_total_fatty_acids__locus274	TRUE	TRUE	TRUE
Ratio_of_monounsaturated_fatty_acids_to_total_fatty_acids__locus275	TRUE	TRUE	TRUE
Ratio_of_monounsaturated_fatty_acids_to_total_fatty_acids__locus276	TRUE	TRUE	TRUE
Ratio_of_monounsaturated_fatty_acids_to_total_fatty_acids__locus277	TRUE	TRUE	TRUE
Ratio_of_monounsaturated_fatty_acids_to_total_fatty_acids__locus278	TRUE	TRUE	TRUE
Ratio_of_monounsaturated_fatty_acids_to_total_fatty_acids__locus279	TRUE	TRUE	TRUE
Ratio_of_monounsaturated_fatty_acids_to_total_fatty_acids__locus280	TRUE	TRUE	TRUE
Ratio_of_monounsaturated_fatty_acids_to_total_fatty_acids__locus281	TRUE	TRUE	TRUE
Ratio_of_monounsaturated_fatty_acids_to_total_fatty_acids__locus282	TRUE	TRUE	TRUE
Ratio_of_monounsaturated_fatty_acids_to_total_fatty_acids__locus283	TRUE	TRUE	TRUE
Ratio_of_monounsaturated_fatty_acids_to_total_fatty_acids__locus284	TRUE	TRUE	TRUE
Ratio_of_monounsaturated_fatty_acids_to_total_fatty_acids__locus285	TRUE	TRUE	TRUE
Ratio_of_monounsaturated_fatty_acids_to_total_fatty_acids__locus286	TRUE	TRUE	TRUE
Ratio_of_monounsaturated_fatty_acids_to_total_fatty_acids__locus287	TRUE	TRUE	TRUE
Ratio_of_monounsaturated_fatty_acids_to_total_fatty_acids__locus288	TRUE	TRUE	TRUE
Ratio_of_monounsaturated_fatty_acids_to_total_fatty_acids__locus289	TRUE	TRUE	TRUE
Ratio_of_monounsaturated_fatty_acids_to_total_fatty_acids__locus290	TRUE	TRUE	TRUE
Ratio_of_monounsaturated_fatty_acids_to_total_fatty_acids__locus291	TRUE	TRUE	TRUE
Ratio_of_monounsaturated_fatty_acids_to_total_fatty_acids__locus292	TRUE	TRUE	TRUE
Ratio_of_monounsaturated_fatty_acids_to_total_fatty_acids__locus293	TRUE	TRUE	TRUE
Ratio_of_monounsaturated_fatty_acids_to_total_fatty_acids__locus294	TRUE	TRUE	TRUE
Ratio_of_monounsaturated_fatty_acids_to_total_fatty_acids__locus295	TRUE	TRUE	TRUE
Ratio_of_monounsaturated_fatty_acids_to_total_fatty_acids__locus296	FALSE	FALSE	FALSE
Ratio_of_monounsaturated_fatty_acids_to_total_fatty_acids__locus297	TRUE	TRUE	TRUE
Ratio_of_monounsaturated_fatty_acids_to_total_fatty_acids__locus298	TRUE	TRUE	TRUE
Ratio_of_monounsaturated_fatty_acids_to_total_fatty_acids__locus299	TRUE	TRUE	TRUE
Ratio_of_monounsaturated_fatty_acids_to_total_fatty_acids__locus300	TRUE	TRUE	TRUE
Ratio_of_monounsaturated_fatty_acids_to_total_fatty_acids__locus301	TRUE	TRUE	TRUE
Ratio_of_monounsaturated_fatty_acids_to_total_fatty_acids__locus302	TRUE	TRUE	TRUE
Ratio_of_monounsaturated_fatty_acids_to_total_fatty_acids__locus303	TRUE	TRUE	TRUE
Ratio_of_polyunsaturated_fatty_acids_to_monounsaturated_fatty_acids__locus001	TRUE	TRUE	TRUE
Ratio_of_polyunsaturated_fatty_acids_to_monounsaturated_fatty_acids__locus002	TRUE	TRUE	TRUE
Ratio_of_polyunsaturated_fatty_acids_to_monounsaturated_fatty_acids__locus003	TRUE	TRUE	TRUE
Ratio_of_polyunsaturated_fatty_acids_to_monounsaturated_fatty_acids__locus004	TRUE	TRUE	TRUE
Ratio_of_polyunsaturated_fatty_acids_to_monounsaturated_fatty_acids__locus005	TRUE	TRUE	TRUE
Ratio_of_polyunsaturated_fatty_acids_to_monounsaturated_fatty_acids__locus006	TRUE	TRUE	TRUE
Ratio_of_polyunsaturated_fatty_acids_to_monounsaturated_fatty_acids__locus007	TRUE	TRUE	TRUE
Ratio_of_polyunsaturated_fatty_acids_to_monounsaturated_fatty_acids__locus008	TRUE	TRUE	TRUE
Ratio_of_polyunsaturated_fatty_acids_to_monounsaturated_fatty_acids__locus009	TRUE	TRUE	TRUE
Ratio_of_polyunsaturated_fatty_acids_to_monounsaturated_fatty_acids__locus010	TRUE	TRUE	TRUE
Ratio_of_polyunsaturated_fatty_acids_to_monounsaturated_fatty_acids__locus011	TRUE	TRUE	TRUE
Ratio_of_polyunsaturated_fatty_acids_to_monounsaturated_fatty_acids__locus012	TRUE	TRUE	TRUE
Ratio_of_polyunsaturated_fatty_acids_to_monounsaturated_fatty_acids__locus013	TRUE	TRUE	TRUE
Ratio_of_polyunsaturated_fatty_acids_to_monounsaturated_fatty_acids__locus014	TRUE	TRUE	TRUE
Ratio_of_polyunsaturated_fatty_acids_to_monounsaturated_fatty_acids__locus015	TRUE	TRUE	TRUE
Ratio_of_polyunsaturated_fatty_acids_to_monounsaturated_fatty_acids__locus016	TRUE	TRUE	TRUE
Ratio_of_polyunsaturated_fatty_acids_to_monounsaturated_fatty_acids__locus017	TRUE	TRUE	TRUE
Ratio_of_polyunsaturated_fatty_acids_to_monounsaturated_fatty_acids__locus018	TRUE	TRUE	TRUE
Ratio_of_polyunsaturated_fatty_acids_to_monounsaturated_fatty_acids__locus019	TRUE	TRUE	TRUE
Ratio_of_polyunsaturated_fatty_acids_to_monounsaturated_fatty_acids__locus020	TRUE	TRUE	TRUE
Ratio_of_polyunsaturated_fatty_acids_to_monounsaturated_fatty_acids__locus021	TRUE	TRUE	TRUE
Ratio_of_polyunsaturated_fatty_acids_to_monounsaturated_fatty_acids__locus022	TRUE	TRUE	TRUE
Ratio_of_polyunsaturated_fatty_acids_to_monounsaturated_fatty_acids__locus023	TRUE	TRUE	TRUE
Ratio_of_polyunsaturated_fatty_acids_to_monounsaturated_fatty_acids__locus024	TRUE	TRUE	TRUE
Ratio_of_polyunsaturated_fatty_acids_to_monounsaturated_fatty_acids__locus025	TRUE	TRUE	TRUE
Ratio_of_polyunsaturated_fatty_acids_to_monounsaturated_fatty_acids__locus026	TRUE	TRUE	TRUE
Ratio_of_polyunsaturated_fatty_acids_to_monounsaturated_fatty_acids__locus027	TRUE	TRUE	TRUE
Ratio_of_polyunsaturated_fatty_acids_to_monounsaturated_fatty_acids__locus028	TRUE	TRUE	TRUE
Ratio_of_polyunsaturated_fatty_acids_to_monounsaturated_fatty_acids__locus029	TRUE	TRUE	TRUE
Ratio_of_polyunsaturated_fatty_acids_to_monounsaturated_fatty_acids__locus030	TRUE	TRUE	TRUE
Ratio_of_polyunsaturated_fatty_acids_to_monounsaturated_fatty_acids__locus031	TRUE	TRUE	TRUE
Ratio_of_polyunsaturated_fatty_acids_to_monounsaturated_fatty_acids__locus032	TRUE	TRUE	TRUE
Ratio_of_polyunsaturated_fatty_acids_to_monounsaturated_fatty_acids__locus033	FALSE	FALSE	FALSE
Ratio_of_polyunsaturated_fatty_acids_to_monounsaturated_fatty_acids__locus034	TRUE	TRUE	TRUE
Ratio_of_polyunsaturated_fatty_acids_to_monounsaturated_fatty_acids__locus035	TRUE	TRUE	TRUE
Ratio_of_polyunsaturated_fatty_acids_to_monounsaturated_fatty_acids__locus036	TRUE	TRUE	TRUE
Ratio_of_polyunsaturated_fatty_acids_to_monounsaturated_fatty_acids__locus037	TRUE	TRUE	TRUE
Ratio_of_polyunsaturated_fatty_acids_to_monounsaturated_fatty_acids__locus038	TRUE	TRUE	TRUE
Ratio_of_polyunsaturated_fatty_acids_to_monounsaturated_fatty_acids__locus039	TRUE	TRUE	TRUE
Ratio_of_polyunsaturated_fatty_acids_to_monounsaturated_fatty_acids__locus040	TRUE	TRUE	TRUE
Ratio_of_polyunsaturated_fatty_acids_to_monounsaturated_fatty_acids__locus041	TRUE	TRUE	TRUE
Ratio_of_polyunsaturated_fatty_acids_to_monounsaturated_fatty_acids__locus042	TRUE	TRUE	TRUE
Ratio_of_polyunsaturated_fatty_acids_to_monounsaturated_fatty_acids__locus043	TRUE	TRUE	TRUE
Ratio_of_polyunsaturated_fatty_acids_to_monounsaturated_fatty_acids__locus044	TRUE	TRUE	TRUE
Ratio_of_polyunsaturated_fatty_acids_to_monounsaturated_fatty_acids__locus045	TRUE	TRUE	TRUE
Ratio_of_polyunsaturated_fatty_acids_to_monounsaturated_fatty_acids__locus046	TRUE	TRUE	TRUE
Ratio_of_polyunsaturated_fatty_acids_to_monounsaturated_fatty_acids__locus047	TRUE	TRUE	TRUE
Ratio_of_polyunsaturated_fatty_acids_to_monounsaturated_fatty_acids__locus048	TRUE	TRUE	TRUE
Ratio_of_polyunsaturated_fatty_acids_to_monounsaturated_fatty_acids__locus049	TRUE	TRUE	TRUE
Ratio_of_polyunsaturated_fatty_acids_to_monounsaturated_fatty_acids__locus050	TRUE	TRUE	TRUE
Ratio_of_polyunsaturated_fatty_acids_to_monounsaturated_fatty_acids__locus051	TRUE	TRUE	TRUE
Ratio_of_polyunsaturated_fatty_acids_to_monounsaturated_fatty_acids__locus052	TRUE	TRUE	TRUE
Ratio_of_polyunsaturated_fatty_acids_to_monounsaturated_fatty_acids__locus053	TRUE	TRUE	TRUE
Ratio_of_polyunsaturated_fatty_acids_to_monounsaturated_fatty_acids__locus054	TRUE	TRUE	TRUE
Ratio_of_polyunsaturated_fatty_acids_to_monounsaturated_fatty_acids__locus055	TRUE	TRUE	TRUE
Ratio_of_polyunsaturated_fatty_acids_to_monounsaturated_fatty_acids__locus056	TRUE	TRUE	FALSE
Ratio_of_polyunsaturated_fatty_acids_to_monounsaturated_fatty_acids__locus057	TRUE	TRUE	TRUE
Ratio_of_polyunsaturated_fatty_acids_to_monounsaturated_fatty_acids__locus058	TRUE	TRUE	TRUE
Ratio_of_polyunsaturated_fatty_acids_to_monounsaturated_fatty_acids__locus059	TRUE	TRUE	TRUE
Ratio_of_polyunsaturated_fatty_acids_to_monounsaturated_fatty_acids__locus060	TRUE	TRUE	TRUE
Ratio_of_polyunsaturated_fatty_acids_to_monounsaturated_fatty_acids__locus061	TRUE	TRUE	TRUE
Ratio_of_polyunsaturated_fatty_acids_to_monounsaturated_fatty_acids__locus062	TRUE	TRUE	TRUE
Ratio_of_polyunsaturated_fatty_acids_to_monounsaturated_fatty_acids__locus063	TRUE	TRUE	TRUE
Ratio_of_polyunsaturated_fatty_acids_to_monounsaturated_fatty_acids__locus064	TRUE	TRUE	TRUE
Ratio_of_polyunsaturated_fatty_acids_to_monounsaturated_fatty_acids__locus065	TRUE	TRUE	TRUE
Ratio_of_polyunsaturated_fatty_acids_to_monounsaturated_fatty_acids__locus066	TRUE	TRUE	TRUE
Ratio_of_polyunsaturated_fatty_acids_to_monounsaturated_fatty_acids__locus067	TRUE	TRUE	TRUE
Ratio_of_polyunsaturated_fatty_acids_to_monounsaturated_fatty_acids__locus068	TRUE	TRUE	TRUE
Ratio_of_polyunsaturated_fatty_acids_to_monounsaturated_fatty_acids__locus069	TRUE	TRUE	TRUE
Ratio_of_polyunsaturated_fatty_acids_to_monounsaturated_fatty_acids__locus070	TRUE	TRUE	TRUE
Ratio_of_polyunsaturated_fatty_acids_to_monounsaturated_fatty_acids__locus071	TRUE	TRUE	TRUE
Ratio_of_polyunsaturated_fatty_acids_to_monounsaturated_fatty_acids__locus072	TRUE	TRUE	TRUE
Ratio_of_polyunsaturated_fatty_acids_to_monounsaturated_fatty_acids__locus073	TRUE	TRUE	TRUE
Ratio_of_polyunsaturated_fatty_acids_to_monounsaturated_fatty_acids__locus074	TRUE	TRUE	TRUE
Ratio_of_polyunsaturated_fatty_acids_to_monounsaturated_fatty_acids__locus075	TRUE	TRUE	TRUE
Ratio_of_polyunsaturated_fatty_acids_to_monounsaturated_fatty_acids__locus076	TRUE	TRUE	TRUE
Ratio_of_polyunsaturated_fatty_acids_to_monounsaturated_fatty_acids__locus077	TRUE	TRUE	TRUE
Ratio_of_polyunsaturated_fatty_acids_to_monounsaturated_fatty_acids__locus078	TRUE	TRUE	TRUE
Ratio_of_polyunsaturated_fatty_acids_to_monounsaturated_fatty_acids__locus079	TRUE	TRUE	TRUE
Ratio_of_polyunsaturated_fatty_acids_to_monounsaturated_fatty_acids__locus080	TRUE	TRUE	TRUE
Ratio_of_polyunsaturated_fatty_acids_to_monounsaturated_fatty_acids__locus081	TRUE	TRUE	TRUE
Ratio_of_polyunsaturated_fatty_acids_to_monounsaturated_fatty_acids__locus082	TRUE	TRUE	TRUE
Ratio_of_polyunsaturated_fatty_acids_to_monounsaturated_fatty_acids__locus083	TRUE	TRUE	TRUE
Ratio_of_polyunsaturated_fatty_acids_to_monounsaturated_fatty_acids__locus084	TRUE	TRUE	TRUE
Ratio_of_polyunsaturated_fatty_acids_to_monounsaturated_fatty_acids__locus085	TRUE	TRUE	TRUE
Ratio_of_polyunsaturated_fatty_acids_to_monounsaturated_fatty_acids__locus086	TRUE	TRUE	TRUE
Ratio_of_polyunsaturated_fatty_acids_to_monounsaturated_fatty_acids__locus087	TRUE	TRUE	TRUE
Ratio_of_polyunsaturated_fatty_acids_to_monounsaturated_fatty_acids__locus088	TRUE	TRUE	TRUE
Ratio_of_polyunsaturated_fatty_acids_to_monounsaturated_fatty_acids__locus089	FALSE	FALSE	FALSE
Ratio_of_polyunsaturated_fatty_acids_to_monounsaturated_fatty_acids__locus090	TRUE	TRUE	TRUE
Ratio_of_polyunsaturated_fatty_acids_to_monounsaturated_fatty_acids__locus091	TRUE	TRUE	TRUE
Ratio_of_polyunsaturated_fatty_acids_to_monounsaturated_fatty_acids__locus092	TRUE	TRUE	TRUE
Ratio_of_polyunsaturated_fatty_acids_to_monounsaturated_fatty_acids__locus093	TRUE	TRUE	TRUE
Ratio_of_polyunsaturated_fatty_acids_to_monounsaturated_fatty_acids__locus094	TRUE	TRUE	TRUE
Ratio_of_polyunsaturated_fatty_acids_to_monounsaturated_fatty_acids__locus095	TRUE	TRUE	TRUE
Ratio_of_polyunsaturated_fatty_acids_to_monounsaturated_fatty_acids__locus096	TRUE	TRUE	TRUE
Ratio_of_polyunsaturated_fatty_acids_to_monounsaturated_fatty_acids__locus097	TRUE	TRUE	TRUE
Ratio_of_polyunsaturated_fatty_acids_to_monounsaturated_fatty_acids__locus098	TRUE	TRUE	TRUE
Ratio_of_polyunsaturated_fatty_acids_to_monounsaturated_fatty_acids__locus099	TRUE	TRUE	TRUE
Ratio_of_polyunsaturated_fatty_acids_to_monounsaturated_fatty_acids__locus100	TRUE	TRUE	TRUE
Ratio_of_polyunsaturated_fatty_acids_to_monounsaturated_fatty_acids__locus101	TRUE	TRUE	TRUE
Ratio_of_polyunsaturated_fatty_acids_to_monounsaturated_fatty_acids__locus102	TRUE	TRUE	TRUE
Ratio_of_polyunsaturated_fatty_acids_to_monounsaturated_fatty_acids__locus103	TRUE	TRUE	TRUE
Ratio_of_polyunsaturated_fatty_acids_to_monounsaturated_fatty_acids__locus104	TRUE	TRUE	TRUE
Ratio_of_polyunsaturated_fatty_acids_to_monounsaturated_fatty_acids__locus105	TRUE	TRUE	TRUE
Ratio_of_polyunsaturated_fatty_acids_to_monounsaturated_fatty_acids__locus106	TRUE	TRUE	TRUE
Ratio_of_polyunsaturated_fatty_acids_to_monounsaturated_fatty_acids__locus107	TRUE	TRUE	TRUE
Ratio_of_polyunsaturated_fatty_acids_to_monounsaturated_fatty_acids__locus108	TRUE	TRUE	TRUE
Ratio_of_polyunsaturated_fatty_acids_to_monounsaturated_fatty_acids__locus109	TRUE	TRUE	TRUE
Ratio_of_polyunsaturated_fatty_acids_to_monounsaturated_fatty_acids__locus110	TRUE	TRUE	TRUE
Ratio_of_polyunsaturated_fatty_acids_to_monounsaturated_fatty_acids__locus111	TRUE	TRUE	TRUE
Ratio_of_polyunsaturated_fatty_acids_to_monounsaturated_fatty_acids__locus112	TRUE	TRUE	TRUE
Ratio_of_polyunsaturated_fatty_acids_to_monounsaturated_fatty_acids__locus113	TRUE	TRUE	TRUE
Ratio_of_polyunsaturated_fatty_acids_to_monounsaturated_fatty_acids__locus114	TRUE	TRUE	TRUE
Ratio_of_polyunsaturated_fatty_acids_to_monounsaturated_fatty_acids__locus115	TRUE	TRUE	TRUE
Ratio_of_polyunsaturated_fatty_acids_to_monounsaturated_fatty_acids__locus116	TRUE	TRUE	TRUE
Ratio_of_polyunsaturated_fatty_acids_to_monounsaturated_fatty_acids__locus117	TRUE	TRUE	TRUE
Ratio_of_polyunsaturated_fatty_acids_to_monounsaturated_fatty_acids__locus118	TRUE	TRUE	TRUE
Ratio_of_polyunsaturated_fatty_acids_to_monounsaturated_fatty_acids__locus119	TRUE	TRUE	TRUE
Ratio_of_polyunsaturated_fatty_acids_to_monounsaturated_fatty_acids__locus120	TRUE	TRUE	TRUE
Ratio_of_polyunsaturated_fatty_acids_to_monounsaturated_fatty_acids__locus121	TRUE	TRUE	TRUE
Ratio_of_polyunsaturated_fatty_acids_to_monounsaturated_fatty_acids__locus122	TRUE	TRUE	TRUE
Ratio_of_polyunsaturated_fatty_acids_to_monounsaturated_fatty_acids__locus123	TRUE	TRUE	TRUE
Ratio_of_polyunsaturated_fatty_acids_to_monounsaturated_fatty_acids__locus124	TRUE	TRUE	TRUE
Ratio_of_polyunsaturated_fatty_acids_to_monounsaturated_fatty_acids__locus125	TRUE	TRUE	TRUE
Ratio_of_polyunsaturated_fatty_acids_to_monounsaturated_fatty_acids__locus126	TRUE	TRUE	TRUE
Ratio_of_polyunsaturated_fatty_acids_to_monounsaturated_fatty_acids__locus127	TRUE	TRUE	TRUE
Ratio_of_polyunsaturated_fatty_acids_to_monounsaturated_fatty_acids__locus128	TRUE	TRUE	TRUE
Ratio_of_polyunsaturated_fatty_acids_to_monounsaturated_fatty_acids__locus129	TRUE	TRUE	TRUE
Ratio_of_polyunsaturated_fatty_acids_to_monounsaturated_fatty_acids__locus130	TRUE	TRUE	TRUE
Ratio_of_polyunsaturated_fatty_acids_to_monounsaturated_fatty_acids__locus131	TRUE	TRUE	TRUE
Ratio_of_polyunsaturated_fatty_acids_to_monounsaturated_fatty_acids__locus132	TRUE	TRUE	TRUE
Ratio_of_polyunsaturated_fatty_acids_to_monounsaturated_fatty_acids__locus133	TRUE	TRUE	TRUE
Ratio_of_polyunsaturated_fatty_acids_to_monounsaturated_fatty_acids__locus134	TRUE	TRUE	TRUE
Ratio_of_polyunsaturated_fatty_acids_to_monounsaturated_fatty_acids__locus135	TRUE	TRUE	TRUE
Ratio_of_polyunsaturated_fatty_acids_to_monounsaturated_fatty_acids__locus136	TRUE	TRUE	TRUE
Ratio_of_polyunsaturated_fatty_acids_to_monounsaturated_fatty_acids__locus137	TRUE	TRUE	TRUE
Ratio_of_polyunsaturated_fatty_acids_to_monounsaturated_fatty_acids__locus138	TRUE	TRUE	TRUE
Ratio_of_polyunsaturated_fatty_acids_to_monounsaturated_fatty_acids__locus139	TRUE	TRUE	TRUE
Ratio_of_polyunsaturated_fatty_acids_to_monounsaturated_fatty_acids__locus140	TRUE	TRUE	TRUE
Ratio_of_polyunsaturated_fatty_acids_to_monounsaturated_fatty_acids__locus141	TRUE	TRUE	TRUE
Ratio_of_polyunsaturated_fatty_acids_to_monounsaturated_fatty_acids__locus142	TRUE	TRUE	TRUE
Ratio_of_polyunsaturated_fatty_acids_to_monounsaturated_fatty_acids__locus143	TRUE	TRUE	TRUE
Ratio_of_polyunsaturated_fatty_acids_to_monounsaturated_fatty_acids__locus144	TRUE	TRUE	TRUE
Ratio_of_polyunsaturated_fatty_acids_to_monounsaturated_fatty_acids__locus145	TRUE	TRUE	TRUE
Ratio_of_polyunsaturated_fatty_acids_to_monounsaturated_fatty_acids__locus146	TRUE	TRUE	TRUE
Ratio_of_polyunsaturated_fatty_acids_to_monounsaturated_fatty_acids__locus147	TRUE	TRUE	TRUE
Ratio_of_polyunsaturated_fatty_acids_to_monounsaturated_fatty_acids__locus148	TRUE	TRUE	TRUE
Ratio_of_polyunsaturated_fatty_acids_to_monounsaturated_fatty_acids__locus149	TRUE	TRUE	TRUE
Ratio_of_polyunsaturated_fatty_acids_to_monounsaturated_fatty_acids__locus150	TRUE	TRUE	TRUE
Ratio_of_polyunsaturated_fatty_acids_to_monounsaturated_fatty_acids__locus151	TRUE	TRUE	TRUE
Ratio_of_polyunsaturated_fatty_acids_to_monounsaturated_fatty_acids__locus152	TRUE	TRUE	TRUE
Ratio_of_polyunsaturated_fatty_acids_to_monounsaturated_fatty_acids__locus153	TRUE	TRUE	TRUE
Ratio_of_polyunsaturated_fatty_acids_to_monounsaturated_fatty_acids__locus154	TRUE	TRUE	TRUE
Ratio_of_polyunsaturated_fatty_acids_to_monounsaturated_fatty_acids__locus155	TRUE	TRUE	TRUE
Ratio_of_polyunsaturated_fatty_acids_to_monounsaturated_fatty_acids__locus156	TRUE	TRUE	TRUE
Ratio_of_polyunsaturated_fatty_acids_to_monounsaturated_fatty_acids__locus157	TRUE	TRUE	TRUE
Ratio_of_polyunsaturated_fatty_acids_to_monounsaturated_fatty_acids__locus158	TRUE	TRUE	TRUE
Ratio_of_polyunsaturated_fatty_acids_to_monounsaturated_fatty_acids__locus159	TRUE	TRUE	TRUE
Ratio_of_polyunsaturated_fatty_acids_to_monounsaturated_fatty_acids__locus160	TRUE	TRUE	TRUE
Ratio_of_polyunsaturated_fatty_acids_to_monounsaturated_fatty_acids__locus161	TRUE	TRUE	TRUE
Ratio_of_polyunsaturated_fatty_acids_to_monounsaturated_fatty_acids__locus162	TRUE	TRUE	TRUE
Ratio_of_polyunsaturated_fatty_acids_to_monounsaturated_fatty_acids__locus163	TRUE	TRUE	TRUE
Ratio_of_polyunsaturated_fatty_acids_to_monounsaturated_fatty_acids__locus164	TRUE	TRUE	TRUE
Ratio_of_polyunsaturated_fatty_acids_to_monounsaturated_fatty_acids__locus165	TRUE	TRUE	TRUE
Ratio_of_polyunsaturated_fatty_acids_to_monounsaturated_fatty_acids__locus166	TRUE	TRUE	TRUE
Ratio_of_polyunsaturated_fatty_acids_to_monounsaturated_fatty_acids__locus167	TRUE	TRUE	TRUE
Ratio_of_polyunsaturated_fatty_acids_to_monounsaturated_fatty_acids__locus168	TRUE	TRUE	TRUE
Ratio_of_polyunsaturated_fatty_acids_to_monounsaturated_fatty_acids__locus169	TRUE	TRUE	TRUE
Ratio_of_polyunsaturated_fatty_acids_to_monounsaturated_fatty_acids__locus170	TRUE	TRUE	TRUE
Ratio_of_polyunsaturated_fatty_acids_to_monounsaturated_fatty_acids__locus171	TRUE	TRUE	TRUE
Ratio_of_polyunsaturated_fatty_acids_to_monounsaturated_fatty_acids__locus172	TRUE	TRUE	TRUE
Ratio_of_polyunsaturated_fatty_acids_to_monounsaturated_fatty_acids__locus173	TRUE	TRUE	TRUE
Ratio_of_polyunsaturated_fatty_acids_to_monounsaturated_fatty_acids__locus174	TRUE	TRUE	TRUE
Ratio_of_polyunsaturated_fatty_acids_to_monounsaturated_fatty_acids__locus175	TRUE	TRUE	TRUE
Ratio_of_polyunsaturated_fatty_acids_to_monounsaturated_fatty_acids__locus176	TRUE	TRUE	TRUE
Ratio_of_polyunsaturated_fatty_acids_to_monounsaturated_fatty_acids__locus177	TRUE	TRUE	TRUE
Ratio_of_polyunsaturated_fatty_acids_to_monounsaturated_fatty_acids__locus178	TRUE	TRUE	TRUE
Ratio_of_polyunsaturated_fatty_acids_to_monounsaturated_fatty_acids__locus179	TRUE	TRUE	TRUE
Ratio_of_polyunsaturated_fatty_acids_to_monounsaturated_fatty_acids__locus180	TRUE	TRUE	TRUE
Ratio_of_polyunsaturated_fatty_acids_to_monounsaturated_fatty_acids__locus181	TRUE	TRUE	TRUE
Ratio_of_polyunsaturated_fatty_acids_to_monounsaturated_fatty_acids__locus182	TRUE	TRUE	TRUE
Ratio_of_polyunsaturated_fatty_acids_to_monounsaturated_fatty_acids__locus183	TRUE	TRUE	TRUE
Ratio_of_polyunsaturated_fatty_acids_to_monounsaturated_fatty_acids__locus184	TRUE	TRUE	TRUE
Ratio_of_polyunsaturated_fatty_acids_to_monounsaturated_fatty_acids__locus185	TRUE	TRUE	TRUE
Ratio_of_polyunsaturated_fatty_acids_to_monounsaturated_fatty_acids__locus186	TRUE	TRUE	TRUE
Ratio_of_polyunsaturated_fatty_acids_to_monounsaturated_fatty_acids__locus187	TRUE	TRUE	TRUE
Ratio_of_polyunsaturated_fatty_acids_to_monounsaturated_fatty_acids__locus188	TRUE	TRUE	TRUE
Ratio_of_polyunsaturated_fatty_acids_to_monounsaturated_fatty_acids__locus189	TRUE	TRUE	TRUE
Ratio_of_polyunsaturated_fatty_acids_to_monounsaturated_fatty_acids__locus190	TRUE	TRUE	TRUE
Ratio_of_polyunsaturated_fatty_acids_to_monounsaturated_fatty_acids__locus191	TRUE	TRUE	TRUE
Ratio_of_polyunsaturated_fatty_acids_to_monounsaturated_fatty_acids__locus192	TRUE	TRUE	TRUE
Ratio_of_polyunsaturated_fatty_acids_to_monounsaturated_fatty_acids__locus193	TRUE	TRUE	TRUE
Ratio_of_polyunsaturated_fatty_acids_to_monounsaturated_fatty_acids__locus194	TRUE	TRUE	TRUE
Ratio_of_polyunsaturated_fatty_acids_to_monounsaturated_fatty_acids__locus195	TRUE	TRUE	TRUE
Ratio_of_polyunsaturated_fatty_acids_to_monounsaturated_fatty_acids__locus196	TRUE	TRUE	TRUE
Ratio_of_polyunsaturated_fatty_acids_to_monounsaturated_fatty_acids__locus197	TRUE	TRUE	TRUE
Ratio_of_polyunsaturated_fatty_acids_to_monounsaturated_fatty_acids__locus198	TRUE	TRUE	TRUE
Ratio_of_polyunsaturated_fatty_acids_to_monounsaturated_fatty_acids__locus199	TRUE	TRUE	TRUE
Ratio_of_polyunsaturated_fatty_acids_to_monounsaturated_fatty_acids__locus200	TRUE	TRUE	TRUE
Ratio_of_polyunsaturated_fatty_acids_to_monounsaturated_fatty_acids__locus201	TRUE	TRUE	TRUE
Ratio_of_polyunsaturated_fatty_acids_to_monounsaturated_fatty_acids__locus202	TRUE	TRUE	TRUE
Ratio_of_polyunsaturated_fatty_acids_to_monounsaturated_fatty_acids__locus203	TRUE	TRUE	TRUE
Ratio_of_polyunsaturated_fatty_acids_to_monounsaturated_fatty_acids__locus204	TRUE	TRUE	TRUE
Ratio_of_polyunsaturated_fatty_acids_to_monounsaturated_fatty_acids__locus205	TRUE	TRUE	TRUE
Ratio_of_polyunsaturated_fatty_acids_to_monounsaturated_fatty_acids__locus206	TRUE	TRUE	TRUE
Ratio_of_polyunsaturated_fatty_acids_to_monounsaturated_fatty_acids__locus207	TRUE	TRUE	TRUE
Ratio_of_polyunsaturated_fatty_acids_to_monounsaturated_fatty_acids__locus208	TRUE	TRUE	TRUE
Ratio_of_polyunsaturated_fatty_acids_to_monounsaturated_fatty_acids__locus209	TRUE	TRUE	TRUE
Ratio_of_polyunsaturated_fatty_acids_to_monounsaturated_fatty_acids__locus210	TRUE	TRUE	TRUE
Ratio_of_polyunsaturated_fatty_acids_to_monounsaturated_fatty_acids__locus211	TRUE	TRUE	TRUE
Ratio_of_polyunsaturated_fatty_acids_to_monounsaturated_fatty_acids__locus212	TRUE	TRUE	TRUE
Ratio_of_polyunsaturated_fatty_acids_to_monounsaturated_fatty_acids__locus213	TRUE	TRUE	TRUE
Ratio_of_polyunsaturated_fatty_acids_to_monounsaturated_fatty_acids__locus214	TRUE	TRUE	TRUE
Ratio_of_polyunsaturated_fatty_acids_to_monounsaturated_fatty_acids__locus215	TRUE	TRUE	TRUE
Ratio_of_polyunsaturated_fatty_acids_to_monounsaturated_fatty_acids__locus216	TRUE	TRUE	TRUE
Ratio_of_polyunsaturated_fatty_acids_to_monounsaturated_fatty_acids__locus217	TRUE	TRUE	TRUE
Ratio_of_polyunsaturated_fatty_acids_to_monounsaturated_fatty_acids__locus218	TRUE	TRUE	TRUE
Ratio_of_polyunsaturated_fatty_acids_to_monounsaturated_fatty_acids__locus219	TRUE	TRUE	TRUE
Ratio_of_polyunsaturated_fatty_acids_to_monounsaturated_fatty_acids__locus220	TRUE	TRUE	TRUE
Ratio_of_polyunsaturated_fatty_acids_to_monounsaturated_fatty_acids__locus221	TRUE	TRUE	TRUE
Ratio_of_polyunsaturated_fatty_acids_to_monounsaturated_fatty_acids__locus222	TRUE	TRUE	TRUE
Ratio_of_polyunsaturated_fatty_acids_to_monounsaturated_fatty_acids__locus223	TRUE	TRUE	TRUE
Ratio_of_polyunsaturated_fatty_acids_to_monounsaturated_fatty_acids__locus224	TRUE	TRUE	TRUE
Ratio_of_polyunsaturated_fatty_acids_to_monounsaturated_fatty_acids__locus225	TRUE	TRUE	TRUE
Ratio_of_polyunsaturated_fatty_acids_to_monounsaturated_fatty_acids__locus226	TRUE	TRUE	TRUE
Ratio_of_polyunsaturated_fatty_acids_to_monounsaturated_fatty_acids__locus227	TRUE	TRUE	TRUE
Ratio_of_polyunsaturated_fatty_acids_to_monounsaturated_fatty_acids__locus228	TRUE	TRUE	TRUE
Ratio_of_polyunsaturated_fatty_acids_to_monounsaturated_fatty_acids__locus229	TRUE	TRUE	TRUE
Ratio_of_polyunsaturated_fatty_acids_to_monounsaturated_fatty_acids__locus230	TRUE	TRUE	TRUE
Ratio_of_polyunsaturated_fatty_acids_to_monounsaturated_fatty_acids__locus231	TRUE	TRUE	TRUE
Ratio_of_polyunsaturated_fatty_acids_to_monounsaturated_fatty_acids__locus232	TRUE	TRUE	TRUE
Ratio_of_polyunsaturated_fatty_acids_to_monounsaturated_fatty_acids__locus233	TRUE	TRUE	TRUE
Ratio_of_polyunsaturated_fatty_acids_to_monounsaturated_fatty_acids__locus234	TRUE	TRUE	TRUE
Ratio_of_polyunsaturated_fatty_acids_to_monounsaturated_fatty_acids__locus235	TRUE	TRUE	TRUE
Ratio_of_polyunsaturated_fatty_acids_to_monounsaturated_fatty_acids__locus236	TRUE	TRUE	TRUE
Ratio_of_polyunsaturated_fatty_acids_to_monounsaturated_fatty_acids__locus237	TRUE	TRUE	TRUE
Ratio_of_polyunsaturated_fatty_acids_to_monounsaturated_fatty_acids__locus238	TRUE	TRUE	TRUE
Ratio_of_polyunsaturated_fatty_acids_to_monounsaturated_fatty_acids__locus239	TRUE	TRUE	TRUE
Ratio_of_polyunsaturated_fatty_acids_to_monounsaturated_fatty_acids__locus240	TRUE	TRUE	TRUE
Ratio_of_polyunsaturated_fatty_acids_to_monounsaturated_fatty_acids__locus241	TRUE	TRUE	TRUE
Ratio_of_polyunsaturated_fatty_acids_to_monounsaturated_fatty_acids__locus242	TRUE	TRUE	TRUE
Ratio_of_polyunsaturated_fatty_acids_to_monounsaturated_fatty_acids__locus243	TRUE	TRUE	TRUE
Ratio_of_polyunsaturated_fatty_acids_to_monounsaturated_fatty_acids__locus244	TRUE	TRUE	TRUE
Ratio_of_polyunsaturated_fatty_acids_to_monounsaturated_fatty_acids__locus245	TRUE	TRUE	TRUE
Ratio_of_polyunsaturated_fatty_acids_to_monounsaturated_fatty_acids__locus246	TRUE	TRUE	TRUE
Ratio_of_polyunsaturated_fatty_acids_to_monounsaturated_fatty_acids__locus247	TRUE	TRUE	TRUE
Ratio_of_polyunsaturated_fatty_acids_to_monounsaturated_fatty_acids__locus248	TRUE	TRUE	TRUE
Ratio_of_polyunsaturated_fatty_acids_to_monounsaturated_fatty_acids__locus249	TRUE	TRUE	TRUE
Ratio_of_polyunsaturated_fatty_acids_to_monounsaturated_fatty_acids__locus250	TRUE	TRUE	TRUE
Ratio_of_polyunsaturated_fatty_acids_to_monounsaturated_fatty_acids__locus251	TRUE	TRUE	TRUE
Ratio_of_polyunsaturated_fatty_acids_to_monounsaturated_fatty_acids__locus252	TRUE	TRUE	TRUE
Ratio_of_polyunsaturated_fatty_acids_to_monounsaturated_fatty_acids__locus253	TRUE	TRUE	TRUE
Ratio_of_polyunsaturated_fatty_acids_to_monounsaturated_fatty_acids__locus254	TRUE	TRUE	TRUE
Ratio_of_polyunsaturated_fatty_acids_to_monounsaturated_fatty_acids__locus255	TRUE	TRUE	TRUE
Ratio_of_polyunsaturated_fatty_acids_to_monounsaturated_fatty_acids__locus256	TRUE	TRUE	TRUE
Ratio_of_polyunsaturated_fatty_acids_to_monounsaturated_fatty_acids__locus257	TRUE	TRUE	TRUE
Ratio_of_polyunsaturated_fatty_acids_to_monounsaturated_fatty_acids__locus258	TRUE	TRUE	TRUE
Ratio_of_polyunsaturated_fatty_acids_to_monounsaturated_fatty_acids__locus259	TRUE	TRUE	TRUE
Ratio_of_polyunsaturated_fatty_acids_to_monounsaturated_fatty_acids__locus260	TRUE	TRUE	TRUE
Ratio_of_polyunsaturated_fatty_acids_to_monounsaturated_fatty_acids__locus261	TRUE	TRUE	TRUE
Ratio_of_polyunsaturated_fatty_acids_to_monounsaturated_fatty_acids__locus262	TRUE	TRUE	TRUE
Ratio_of_polyunsaturated_fatty_acids_to_monounsaturated_fatty_acids__locus263	TRUE	TRUE	TRUE
Ratio_of_polyunsaturated_fatty_acids_to_monounsaturated_fatty_acids__locus264	TRUE	TRUE	TRUE
Ratio_of_polyunsaturated_fatty_acids_to_monounsaturated_fatty_acids__locus265	TRUE	TRUE	TRUE
Ratio_of_polyunsaturated_fatty_acids_to_monounsaturated_fatty_acids__locus266	TRUE	TRUE	TRUE
Ratio_of_polyunsaturated_fatty_acids_to_monounsaturated_fatty_acids__locus267	TRUE	TRUE	TRUE
Ratio_of_polyunsaturated_fatty_acids_to_monounsaturated_fatty_acids__locus268	TRUE	TRUE	TRUE
Ratio_of_polyunsaturated_fatty_acids_to_monounsaturated_fatty_acids__locus269	TRUE	TRUE	TRUE
Ratio_of_polyunsaturated_fatty_acids_to_monounsaturated_fatty_acids__locus270	TRUE	TRUE	TRUE
Ratio_of_polyunsaturated_fatty_acids_to_monounsaturated_fatty_acids__locus271	TRUE	TRUE	TRUE
Ratio_of_polyunsaturated_fatty_acids_to_monounsaturated_fatty_acids__locus272	TRUE	TRUE	TRUE
Ratio_of_polyunsaturated_fatty_acids_to_monounsaturated_fatty_acids__locus273	TRUE	TRUE	TRUE
Ratio_of_polyunsaturated_fatty_acids_to_monounsaturated_fatty_acids__locus274	TRUE	TRUE	TRUE
Ratio_of_polyunsaturated_fatty_acids_to_monounsaturated_fatty_acids__locus275	TRUE	TRUE	TRUE
Ratio_of_polyunsaturated_fatty_acids_to_monounsaturated_fatty_acids__locus276	TRUE	TRUE	TRUE
Ratio_of_polyunsaturated_fatty_acids_to_monounsaturated_fatty_acids__locus277	TRUE	TRUE	TRUE
Ratio_of_polyunsaturated_fatty_acids_to_monounsaturated_fatty_acids__locus278	TRUE	TRUE	TRUE
Ratio_of_polyunsaturated_fatty_acids_to_monounsaturated_fatty_acids__locus279	TRUE	TRUE	TRUE
Ratio_of_polyunsaturated_fatty_acids_to_monounsaturated_fatty_acids__locus280	TRUE	TRUE	TRUE
Ratio_of_polyunsaturated_fatty_acids_to_monounsaturated_fatty_acids__locus281	TRUE	TRUE	TRUE
Ratio_of_polyunsaturated_fatty_acids_to_monounsaturated_fatty_acids__locus282	TRUE	TRUE	TRUE
Ratio_of_polyunsaturated_fatty_acids_to_monounsaturated_fatty_acids__locus283	TRUE	TRUE	TRUE
Ratio_of_polyunsaturated_fatty_acids_to_monounsaturated_fatty_acids__locus284	TRUE	TRUE	TRUE
Ratio_of_polyunsaturated_fatty_acids_to_monounsaturated_fatty_acids__locus285	TRUE	TRUE	TRUE
Ratio_of_polyunsaturated_fatty_acids_to_monounsaturated_fatty_acids__locus286	TRUE	TRUE	TRUE
Ratio_of_polyunsaturated_fatty_acids_to_monounsaturated_fatty_acids__locus287	TRUE	TRUE	TRUE
Ratio_of_polyunsaturated_fatty_acids_to_monounsaturated_fatty_acids__locus288	TRUE	TRUE	TRUE
Ratio_of_polyunsaturated_fatty_acids_to_monounsaturated_fatty_acids__locus289	TRUE	TRUE	TRUE
Ratio_of_polyunsaturated_fatty_acids_to_monounsaturated_fatty_acids__locus290	TRUE	TRUE	TRUE
Ratio_of_polyunsaturated_fatty_acids_to_monounsaturated_fatty_acids__locus291	TRUE	TRUE	TRUE
Ratio_of_polyunsaturated_fatty_acids_to_monounsaturated_fatty_acids__locus292	TRUE	TRUE	TRUE
Ratio_of_polyunsaturated_fatty_acids_to_monounsaturated_fatty_acids__locus293	TRUE	TRUE	TRUE
Ratio_of_polyunsaturated_fatty_acids_to_monounsaturated_fatty_acids__locus294	TRUE	TRUE	TRUE
Ratio_of_polyunsaturated_fatty_acids_to_monounsaturated_fatty_acids__locus295	TRUE	TRUE	TRUE
Ratio_of_polyunsaturated_fatty_acids_to_monounsaturated_fatty_acids__locus296	TRUE	TRUE	TRUE
Ratio_of_polyunsaturated_fatty_acids_to_monounsaturated_fatty_acids__locus297	TRUE	TRUE	TRUE
Ratio_of_polyunsaturated_fatty_acids_to_monounsaturated_fatty_acids__locus298	TRUE	TRUE	TRUE
Ratio_of_polyunsaturated_fatty_acids_to_monounsaturated_fatty_acids__locus299	TRUE	TRUE	TRUE
Ratio_of_polyunsaturated_fatty_acids_to_monounsaturated_fatty_acids__locus300	TRUE	TRUE	TRUE
Ratio_of_polyunsaturated_fatty_acids_to_monounsaturated_fatty_acids__locus301	TRUE	TRUE	TRUE
Ratio_of_polyunsaturated_fatty_acids_to_monounsaturated_fatty_acids__locus302	TRUE	TRUE	TRUE
Ratio_of_polyunsaturated_fatty_acids_to_monounsaturated_fatty_acids__locus303	TRUE	TRUE	TRUE
Ratio_of_polyunsaturated_fatty_acids_to_monounsaturated_fatty_acids__locus304	TRUE	TRUE	TRUE
Ratio_of_polyunsaturated_fatty_acids_to_monounsaturated_fatty_acids__locus305	TRUE	TRUE	TRUE
Ratio_of_polyunsaturated_fatty_acids_to_monounsaturated_fatty_acids__locus306	TRUE	TRUE	TRUE
Ratio_of_polyunsaturated_fatty_acids_to_monounsaturated_fatty_acids__locus307	TRUE	TRUE	TRUE
Ratio_of_polyunsaturated_fatty_acids_to_monounsaturated_fatty_acids__locus308	TRUE	TRUE	TRUE
Ratio_of_polyunsaturated_fatty_acids_to_monounsaturated_fatty_acids__locus309	TRUE	TRUE	TRUE
Ratio_of_polyunsaturated_fatty_acids_to_monounsaturated_fatty_acids__locus310	TRUE	TRUE	TRUE
Ratio_of_polyunsaturated_fatty_acids_to_monounsaturated_fatty_acids__locus311	TRUE	TRUE	TRUE
Ratio_of_polyunsaturated_fatty_acids_to_monounsaturated_fatty_acids__locus312	TRUE	TRUE	TRUE
Ratio_of_polyunsaturated_fatty_acids_to_monounsaturated_fatty_acids__locus313	TRUE	TRUE	TRUE
Ratio_of_polyunsaturated_fatty_acids_to_monounsaturated_fatty_acids__locus314	TRUE	TRUE	TRUE
Ratio_of_polyunsaturated_fatty_acids_to_monounsaturated_fatty_acids__locus315	TRUE	TRUE	TRUE
Ratio_of_polyunsaturated_fatty_acids_to_monounsaturated_fatty_acids__locus316	TRUE	TRUE	TRUE
Ratio_of_polyunsaturated_fatty_acids_to_monounsaturated_fatty_acids__locus317	TRUE	TRUE	TRUE
Ratio_of_polyunsaturated_fatty_acids_to_monounsaturated_fatty_acids__locus318	TRUE	TRUE	TRUE
Ratio_of_polyunsaturated_fatty_acids_to_monounsaturated_fatty_acids__locus319	TRUE	TRUE	TRUE
Ratio_of_polyunsaturated_fatty_acids_to_monounsaturated_fatty_acids__locus320	TRUE	TRUE	TRUE
Ratio_of_polyunsaturated_fatty_acids_to_monounsaturated_fatty_acids__locus321	TRUE	TRUE	TRUE
Ratio_of_polyunsaturated_fatty_acids_to_monounsaturated_fatty_acids__locus322	TRUE	TRUE	TRUE
Ratio_of_polyunsaturated_fatty_acids_to_monounsaturated_fatty_acids__locus323	TRUE	TRUE	TRUE
Ratio_of_polyunsaturated_fatty_acids_to_monounsaturated_fatty_acids__locus324	TRUE	TRUE	TRUE
Ratio_of_polyunsaturated_fatty_acids_to_monounsaturated_fatty_acids__locus325	TRUE	TRUE	TRUE
Ratio_of_polyunsaturated_fatty_acids_to_monounsaturated_fatty_acids__locus326	TRUE	TRUE	TRUE
Ratio_of_polyunsaturated_fatty_acids_to_monounsaturated_fatty_acids__locus327	TRUE	TRUE	TRUE
Ratio_of_polyunsaturated_fatty_acids_to_monounsaturated_fatty_acids__locus328	TRUE	TRUE	TRUE
Ratio_of_polyunsaturated_fatty_acids_to_monounsaturated_fatty_acids__locus329	TRUE	TRUE	TRUE
Ratio_of_polyunsaturated_fatty_acids_to_monounsaturated_fatty_acids__locus330	TRUE	TRUE	TRUE
Ratio_of_polyunsaturated_fatty_acids_to_monounsaturated_fatty_acids__locus331	TRUE	TRUE	TRUE
Ratio_of_polyunsaturated_fatty_acids_to_monounsaturated_fatty_acids__locus332	TRUE	TRUE	TRUE
Ratio_of_polyunsaturated_fatty_acids_to_monounsaturated_fatty_acids__locus333	TRUE	TRUE	TRUE
Ratio_of_polyunsaturated_fatty_acids_to_monounsaturated_fatty_acids__locus334	TRUE	TRUE	TRUE
Ratio_of_polyunsaturated_fatty_acids_to_monounsaturated_fatty_acids__locus335	TRUE	TRUE	TRUE
Ratio_of_polyunsaturated_fatty_acids_to_monounsaturated_fatty_acids__locus336	TRUE	TRUE	TRUE
Ratio_of_polyunsaturated_fatty_acids_to_monounsaturated_fatty_acids__locus337	TRUE	TRUE	TRUE
Ratio_of_polyunsaturated_fatty_acids_to_monounsaturated_fatty_acids__locus338	TRUE	TRUE	TRUE
Ratio_of_polyunsaturated_fatty_acids_to_monounsaturated_fatty_acids__locus339	TRUE	TRUE	TRUE
Ratio_of_polyunsaturated_fatty_acids_to_monounsaturated_fatty_acids__locus340	TRUE	TRUE	TRUE
Ratio_of_polyunsaturated_fatty_acids_to_monounsaturated_fatty_acids__locus341	TRUE	TRUE	TRUE
Ratio_of_polyunsaturated_fatty_acids_to_monounsaturated_fatty_acids__locus342	TRUE	TRUE	TRUE
Ratio_of_polyunsaturated_fatty_acids_to_monounsaturated_fatty_acids__locus343	TRUE	TRUE	TRUE
Ratio_of_polyunsaturated_fatty_acids_to_monounsaturated_fatty_acids__locus344	TRUE	TRUE	TRUE
Ratio_of_polyunsaturated_fatty_acids_to_monounsaturated_fatty_acids__locus345	TRUE	TRUE	TRUE
Ratio_of_polyunsaturated_fatty_acids_to_monounsaturated_fatty_acids__locus346	TRUE	TRUE	TRUE
Ratio_of_polyunsaturated_fatty_acids_to_monounsaturated_fatty_acids__locus347	TRUE	TRUE	TRUE
Ratio_of_polyunsaturated_fatty_acids_to_monounsaturated_fatty_acids__locus348	TRUE	TRUE	TRUE
Ratio_of_polyunsaturated_fatty_acids_to_monounsaturated_fatty_acids__locus349	TRUE	TRUE	TRUE
Ratio_of_polyunsaturated_fatty_acids_to_monounsaturated_fatty_acids__locus350	TRUE	TRUE	TRUE
Ratio_of_polyunsaturated_fatty_acids_to_monounsaturated_fatty_acids__locus351	TRUE	TRUE	TRUE
Ratio_of_polyunsaturated_fatty_acids_to_monounsaturated_fatty_acids__locus352	TRUE	TRUE	TRUE
Ratio_of_polyunsaturated_fatty_acids_to_monounsaturated_fatty_acids__locus353	TRUE	TRUE	TRUE
Ratio_of_polyunsaturated_fatty_acids_to_monounsaturated_fatty_acids__locus354	TRUE	TRUE	TRUE
Ratio_of_polyunsaturated_fatty_acids_to_monounsaturated_fatty_acids__locus355	TRUE	TRUE	TRUE
Ratio_of_polyunsaturated_fatty_acids_to_monounsaturated_fatty_acids__locus356	TRUE	TRUE	TRUE
Ratio_of_polyunsaturated_fatty_acids_to_monounsaturated_fatty_acids__locus357	TRUE	TRUE	TRUE
Ratio_of_polyunsaturated_fatty_acids_to_monounsaturated_fatty_acids__locus358	TRUE	TRUE	TRUE
Ratio_of_polyunsaturated_fatty_acids_to_monounsaturated_fatty_acids__locus359	TRUE	TRUE	TRUE
Ratio_of_polyunsaturated_fatty_acids_to_monounsaturated_fatty_acids__locus360	TRUE	TRUE	TRUE
Ratio_of_polyunsaturated_fatty_acids_to_monounsaturated_fatty_acids__locus361	TRUE	TRUE	TRUE
Ratio_of_polyunsaturated_fatty_acids_to_monounsaturated_fatty_acids__locus362	TRUE	TRUE	TRUE
Ratio_of_polyunsaturated_fatty_acids_to_monounsaturated_fatty_acids__locus363	TRUE	TRUE	TRUE
Ratio_of_polyunsaturated_fatty_acids_to_monounsaturated_fatty_acids__locus364	TRUE	TRUE	TRUE
Ratio_of_polyunsaturated_fatty_acids_to_monounsaturated_fatty_acids__locus365	TRUE	TRUE	TRUE
Ratio_of_polyunsaturated_fatty_acids_to_monounsaturated_fatty_acids__locus366	TRUE	TRUE	TRUE
Ratio_of_polyunsaturated_fatty_acids_to_monounsaturated_fatty_acids__locus367	TRUE	TRUE	TRUE
Ratio_of_polyunsaturated_fatty_acids_to_monounsaturated_fatty_acids__locus368	TRUE	TRUE	TRUE
Ratio_of_polyunsaturated_fatty_acids_to_monounsaturated_fatty_acids__locus369	TRUE	TRUE	TRUE
Ratio_of_polyunsaturated_fatty_acids_to_monounsaturated_fatty_acids__locus370	TRUE	TRUE	TRUE
Ratio_of_polyunsaturated_fatty_acids_to_monounsaturated_fatty_acids__locus371	TRUE	TRUE	TRUE
Ratio_of_polyunsaturated_fatty_acids_to_monounsaturated_fatty_acids__locus372	TRUE	TRUE	TRUE
Ratio_of_polyunsaturated_fatty_acids_to_monounsaturated_fatty_acids__locus373	FALSE	FALSE	FALSE
Ratio_of_polyunsaturated_fatty_acids_to_monounsaturated_fatty_acids__locus374	TRUE	TRUE	TRUE
Ratio_of_polyunsaturated_fatty_acids_to_monounsaturated_fatty_acids__locus375	TRUE	TRUE	TRUE
Ratio_of_polyunsaturated_fatty_acids_to_monounsaturated_fatty_acids__locus376	TRUE	TRUE	TRUE
Ratio_of_polyunsaturated_fatty_acids_to_monounsaturated_fatty_acids__locus377	TRUE	TRUE	TRUE
Ratio_of_polyunsaturated_fatty_acids_to_monounsaturated_fatty_acids__locus378	TRUE	TRUE	TRUE
Ratio_of_polyunsaturated_fatty_acids_to_monounsaturated_fatty_acids__locus379	TRUE	TRUE	TRUE
Ratio_of_polyunsaturated_fatty_acids_to_monounsaturated_fatty_acids__locus380	TRUE	TRUE	TRUE
Ratio_of_polyunsaturated_fatty_acids_to_monounsaturated_fatty_acids__locus381	TRUE	TRUE	TRUE
Ratio_of_polyunsaturated_fatty_acids_to_monounsaturated_fatty_acids__locus382	TRUE	TRUE	TRUE
Ratio_of_polyunsaturated_fatty_acids_to_monounsaturated_fatty_acids__locus383	TRUE	TRUE	TRUE
Ratio_of_polyunsaturated_fatty_acids_to_monounsaturated_fatty_acids__locus384	TRUE	TRUE	TRUE
Ratio_of_polyunsaturated_fatty_acids_to_monounsaturated_fatty_acids__locus385	TRUE	TRUE	TRUE
Ratio_of_polyunsaturated_fatty_acids_to_monounsaturated_fatty_acids__locus386	TRUE	TRUE	TRUE
Ratio_of_polyunsaturated_fatty_acids_to_monounsaturated_fatty_acids__locus387	TRUE	TRUE	TRUE
Ratio_of_polyunsaturated_fatty_acids_to_monounsaturated_fatty_acids__locus388	TRUE	TRUE	TRUE
Ratio_of_polyunsaturated_fatty_acids_to_monounsaturated_fatty_acids__locus389	TRUE	TRUE	TRUE
Ratio_of_polyunsaturated_fatty_acids_to_monounsaturated_fatty_acids__locus390	FALSE	FALSE	FALSE
Ratio_of_polyunsaturated_fatty_acids_to_monounsaturated_fatty_acids__locus391	TRUE	TRUE	TRUE
Ratio_of_polyunsaturated_fatty_acids_to_monounsaturated_fatty_acids__locus392	TRUE	TRUE	TRUE
Ratio_of_polyunsaturated_fatty_acids_to_monounsaturated_fatty_acids__locus393	TRUE	TRUE	TRUE
Ratio_of_polyunsaturated_fatty_acids_to_monounsaturated_fatty_acids__locus394	TRUE	TRUE	TRUE
Ratio_of_polyunsaturated_fatty_acids_to_monounsaturated_fatty_acids__locus395	TRUE	TRUE	TRUE
Ratio_of_polyunsaturated_fatty_acids_to_monounsaturated_fatty_acids__locus396	TRUE	TRUE	TRUE
Ratio_of_polyunsaturated_fatty_acids_to_monounsaturated_fatty_acids__locus397	TRUE	TRUE	TRUE
Ratio_of_polyunsaturated_fatty_acids_to_monounsaturated_fatty_acids__locus398	TRUE	TRUE	TRUE
Ratio_of_polyunsaturated_fatty_acids_to_monounsaturated_fatty_acids__locus399	TRUE	TRUE	TRUE
Ratio_of_polyunsaturated_fatty_acids_to_monounsaturated_fatty_acids__locus400	TRUE	TRUE	TRUE
Ratio_of_polyunsaturated_fatty_acids_to_monounsaturated_fatty_acids__locus401	TRUE	TRUE	TRUE
Ratio_of_polyunsaturated_fatty_acids_to_monounsaturated_fatty_acids__locus402	TRUE	TRUE	TRUE
Ratio_of_polyunsaturated_fatty_acids_to_monounsaturated_fatty_acids__locus403	TRUE	TRUE	TRUE
Ratio_of_polyunsaturated_fatty_acids_to_monounsaturated_fatty_acids__locus404	TRUE	TRUE	TRUE
Ratio_of_polyunsaturated_fatty_acids_to_monounsaturated_fatty_acids__locus405	TRUE	TRUE	TRUE
Ratio_of_polyunsaturated_fatty_acids_to_monounsaturated_fatty_acids__locus406	TRUE	TRUE	TRUE
Ratio_of_polyunsaturated_fatty_acids_to_monounsaturated_fatty_acids__locus407	TRUE	TRUE	TRUE
Ratio_of_polyunsaturated_fatty_acids_to_monounsaturated_fatty_acids__locus408	TRUE	TRUE	TRUE
Ratio_of_polyunsaturated_fatty_acids_to_monounsaturated_fatty_acids__locus409	TRUE	TRUE	TRUE
Ratio_of_polyunsaturated_fatty_acids_to_monounsaturated_fatty_acids__locus410	TRUE	TRUE	TRUE
Ratio_of_polyunsaturated_fatty_acids_to_monounsaturated_fatty_acids__locus411	TRUE	TRUE	TRUE
Ratio_of_polyunsaturated_fatty_acids_to_monounsaturated_fatty_acids__locus412	TRUE	TRUE	TRUE
Ratio_of_polyunsaturated_fatty_acids_to_monounsaturated_fatty_acids__locus413	TRUE	TRUE	TRUE
Ratio_of_polyunsaturated_fatty_acids_to_monounsaturated_fatty_acids__locus414	TRUE	TRUE	TRUE
Ratio_of_polyunsaturated_fatty_acids_to_monounsaturated_fatty_acids__locus415	TRUE	TRUE	TRUE
Ratio_of_polyunsaturated_fatty_acids_to_monounsaturated_fatty_acids__locus416	TRUE	TRUE	TRUE
Ratio_of_polyunsaturated_fatty_acids_to_monounsaturated_fatty_acids__locus417	TRUE	TRUE	TRUE
Ratio_of_polyunsaturated_fatty_acids_to_monounsaturated_fatty_acids__locus418	TRUE	TRUE	TRUE
Ratio_of_polyunsaturated_fatty_acids_to_monounsaturated_fatty_acids__locus419	TRUE	TRUE	TRUE
Ratio_of_polyunsaturated_fatty_acids_to_monounsaturated_fatty_acids__locus420	TRUE	TRUE	TRUE
Ratio_of_polyunsaturated_fatty_acids_to_monounsaturated_fatty_acids__locus421	TRUE	TRUE	TRUE
Ratio_of_polyunsaturated_fatty_acids_to_monounsaturated_fatty_acids__locus422	TRUE	TRUE	TRUE
Ratio_of_polyunsaturated_fatty_acids_to_monounsaturated_fatty_acids__locus423	TRUE	TRUE	TRUE
Ratio_of_polyunsaturated_fatty_acids_to_monounsaturated_fatty_acids__locus424	TRUE	TRUE	TRUE
Ratio_of_polyunsaturated_fatty_acids_to_monounsaturated_fatty_acids__locus425	TRUE	TRUE	TRUE
Ratio_of_polyunsaturated_fatty_acids_to_monounsaturated_fatty_acids__locus426	TRUE	TRUE	TRUE
Ratio_of_polyunsaturated_fatty_acids_to_monounsaturated_fatty_acids__locus427	TRUE	TRUE	TRUE
Ratio_of_polyunsaturated_fatty_acids_to_monounsaturated_fatty_acids__locus428	TRUE	TRUE	TRUE
Ratio_of_polyunsaturated_fatty_acids_to_monounsaturated_fatty_acids__locus429	TRUE	TRUE	TRUE
Ratio_of_polyunsaturated_fatty_acids_to_monounsaturated_fatty_acids__locus430	TRUE	TRUE	TRUE
Ratio_of_polyunsaturated_fatty_acids_to_monounsaturated_fatty_acids__locus431	TRUE	TRUE	TRUE
Ratio_of_polyunsaturated_fatty_acids_to_monounsaturated_fatty_acids__locus432	TRUE	TRUE	TRUE
Ratio_of_polyunsaturated_fatty_acids_to_monounsaturated_fatty_acids__locus433	TRUE	TRUE	TRUE
Ratio_of_polyunsaturated_fatty_acids_to_monounsaturated_fatty_acids__locus434	TRUE	TRUE	TRUE
Ratio_of_polyunsaturated_fatty_acids_to_monounsaturated_fatty_acids__locus435	TRUE	TRUE	TRUE
Ratio_of_polyunsaturated_fatty_acids_to_monounsaturated_fatty_acids__locus436	TRUE	TRUE	TRUE
Ratio_of_polyunsaturated_fatty_acids_to_monounsaturated_fatty_acids__locus437	TRUE	TRUE	TRUE
Ratio_of_polyunsaturated_fatty_acids_to_monounsaturated_fatty_acids__locus438	TRUE	TRUE	TRUE
Ratio_of_polyunsaturated_fatty_acids_to_monounsaturated_fatty_acids__locus439	TRUE	TRUE	TRUE
Ratio_of_polyunsaturated_fatty_acids_to_monounsaturated_fatty_acids__locus440	TRUE	TRUE	TRUE
Ratio_of_polyunsaturated_fatty_acids_to_monounsaturated_fatty_acids__locus441	TRUE	TRUE	TRUE
Ratio_of_polyunsaturated_fatty_acids_to_monounsaturated_fatty_acids__locus442	TRUE	TRUE	TRUE
Ratio_of_polyunsaturated_fatty_acids_to_monounsaturated_fatty_acids__locus443	TRUE	TRUE	TRUE
Ratio_of_polyunsaturated_fatty_acids_to_total_fatty_acids__locus001	TRUE	TRUE	TRUE
Ratio_of_polyunsaturated_fatty_acids_to_total_fatty_acids__locus002	TRUE	TRUE	TRUE
Ratio_of_polyunsaturated_fatty_acids_to_total_fatty_acids__locus003	TRUE	TRUE	TRUE
Ratio_of_polyunsaturated_fatty_acids_to_total_fatty_acids__locus004	TRUE	TRUE	TRUE
Ratio_of_polyunsaturated_fatty_acids_to_total_fatty_acids__locus005	TRUE	TRUE	TRUE
Ratio_of_polyunsaturated_fatty_acids_to_total_fatty_acids__locus006	TRUE	TRUE	TRUE
Ratio_of_polyunsaturated_fatty_acids_to_total_fatty_acids__locus007	TRUE	TRUE	TRUE
Ratio_of_polyunsaturated_fatty_acids_to_total_fatty_acids__locus008	TRUE	TRUE	TRUE
Ratio_of_polyunsaturated_fatty_acids_to_total_fatty_acids__locus009	TRUE	TRUE	TRUE
Ratio_of_polyunsaturated_fatty_acids_to_total_fatty_acids__locus010	TRUE	TRUE	TRUE
Ratio_of_polyunsaturated_fatty_acids_to_total_fatty_acids__locus011	TRUE	TRUE	TRUE
Ratio_of_polyunsaturated_fatty_acids_to_total_fatty_acids__locus012	TRUE	TRUE	TRUE
Ratio_of_polyunsaturated_fatty_acids_to_total_fatty_acids__locus013	TRUE	TRUE	TRUE
Ratio_of_polyunsaturated_fatty_acids_to_total_fatty_acids__locus014	TRUE	TRUE	TRUE
Ratio_of_polyunsaturated_fatty_acids_to_total_fatty_acids__locus015	TRUE	TRUE	TRUE
Ratio_of_polyunsaturated_fatty_acids_to_total_fatty_acids__locus016	TRUE	TRUE	TRUE
Ratio_of_polyunsaturated_fatty_acids_to_total_fatty_acids__locus017	TRUE	TRUE	TRUE
Ratio_of_polyunsaturated_fatty_acids_to_total_fatty_acids__locus018	TRUE	TRUE	TRUE
Ratio_of_polyunsaturated_fatty_acids_to_total_fatty_acids__locus019	TRUE	TRUE	TRUE
Ratio_of_polyunsaturated_fatty_acids_to_total_fatty_acids__locus020	TRUE	TRUE	TRUE
Ratio_of_polyunsaturated_fatty_acids_to_total_fatty_acids__locus021	TRUE	TRUE	TRUE
Ratio_of_polyunsaturated_fatty_acids_to_total_fatty_acids__locus022	TRUE	TRUE	TRUE
Ratio_of_polyunsaturated_fatty_acids_to_total_fatty_acids__locus023	TRUE	TRUE	TRUE
Ratio_of_polyunsaturated_fatty_acids_to_total_fatty_acids__locus024	TRUE	TRUE	TRUE
Ratio_of_polyunsaturated_fatty_acids_to_total_fatty_acids__locus025	TRUE	TRUE	TRUE
Ratio_of_polyunsaturated_fatty_acids_to_total_fatty_acids__locus026	TRUE	TRUE	TRUE
Ratio_of_polyunsaturated_fatty_acids_to_total_fatty_acids__locus027	TRUE	TRUE	TRUE
Ratio_of_polyunsaturated_fatty_acids_to_total_fatty_acids__locus028	TRUE	TRUE	TRUE
Ratio_of_polyunsaturated_fatty_acids_to_total_fatty_acids__locus029	TRUE	TRUE	TRUE
Ratio_of_polyunsaturated_fatty_acids_to_total_fatty_acids__locus030	TRUE	TRUE	TRUE
Ratio_of_polyunsaturated_fatty_acids_to_total_fatty_acids__locus031	TRUE	TRUE	TRUE
Ratio_of_polyunsaturated_fatty_acids_to_total_fatty_acids__locus032	TRUE	TRUE	TRUE
Ratio_of_polyunsaturated_fatty_acids_to_total_fatty_acids__locus033	TRUE	TRUE	TRUE
Ratio_of_polyunsaturated_fatty_acids_to_total_fatty_acids__locus034	TRUE	TRUE	TRUE
Ratio_of_polyunsaturated_fatty_acids_to_total_fatty_acids__locus035	TRUE	TRUE	TRUE
Ratio_of_polyunsaturated_fatty_acids_to_total_fatty_acids__locus036	TRUE	TRUE	TRUE
Ratio_of_polyunsaturated_fatty_acids_to_total_fatty_acids__locus037	TRUE	TRUE	TRUE
Ratio_of_polyunsaturated_fatty_acids_to_total_fatty_acids__locus038	TRUE	TRUE	TRUE
Ratio_of_polyunsaturated_fatty_acids_to_total_fatty_acids__locus039	TRUE	TRUE	TRUE
Ratio_of_polyunsaturated_fatty_acids_to_total_fatty_acids__locus040	TRUE	TRUE	TRUE
Ratio_of_polyunsaturated_fatty_acids_to_total_fatty_acids__locus041	TRUE	TRUE	TRUE
Ratio_of_polyunsaturated_fatty_acids_to_total_fatty_acids__locus042	TRUE	TRUE	TRUE
Ratio_of_polyunsaturated_fatty_acids_to_total_fatty_acids__locus043	TRUE	TRUE	TRUE
Ratio_of_polyunsaturated_fatty_acids_to_total_fatty_acids__locus044	TRUE	TRUE	TRUE
Ratio_of_polyunsaturated_fatty_acids_to_total_fatty_acids__locus045	TRUE	TRUE	TRUE
Ratio_of_polyunsaturated_fatty_acids_to_total_fatty_acids__locus046	TRUE	TRUE	TRUE
Ratio_of_polyunsaturated_fatty_acids_to_total_fatty_acids__locus047	TRUE	TRUE	TRUE
Ratio_of_polyunsaturated_fatty_acids_to_total_fatty_acids__locus048	TRUE	TRUE	TRUE
Ratio_of_polyunsaturated_fatty_acids_to_total_fatty_acids__locus049	TRUE	TRUE	TRUE
Ratio_of_polyunsaturated_fatty_acids_to_total_fatty_acids__locus050	TRUE	TRUE	TRUE
Ratio_of_polyunsaturated_fatty_acids_to_total_fatty_acids__locus051	TRUE	TRUE	TRUE
Ratio_of_polyunsaturated_fatty_acids_to_total_fatty_acids__locus052	TRUE	TRUE	TRUE
Ratio_of_polyunsaturated_fatty_acids_to_total_fatty_acids__locus053	TRUE	TRUE	TRUE
Ratio_of_polyunsaturated_fatty_acids_to_total_fatty_acids__locus054	TRUE	TRUE	FALSE
Ratio_of_polyunsaturated_fatty_acids_to_total_fatty_acids__locus055	TRUE	TRUE	TRUE
Ratio_of_polyunsaturated_fatty_acids_to_total_fatty_acids__locus056	TRUE	TRUE	TRUE
Ratio_of_polyunsaturated_fatty_acids_to_total_fatty_acids__locus057	TRUE	TRUE	TRUE
Ratio_of_polyunsaturated_fatty_acids_to_total_fatty_acids__locus058	TRUE	TRUE	TRUE
Ratio_of_polyunsaturated_fatty_acids_to_total_fatty_acids__locus059	TRUE	TRUE	TRUE
Ratio_of_polyunsaturated_fatty_acids_to_total_fatty_acids__locus060	TRUE	TRUE	TRUE
Ratio_of_polyunsaturated_fatty_acids_to_total_fatty_acids__locus061	TRUE	TRUE	TRUE
Ratio_of_polyunsaturated_fatty_acids_to_total_fatty_acids__locus062	TRUE	TRUE	TRUE
Ratio_of_polyunsaturated_fatty_acids_to_total_fatty_acids__locus063	TRUE	TRUE	TRUE
Ratio_of_polyunsaturated_fatty_acids_to_total_fatty_acids__locus064	TRUE	TRUE	TRUE
Ratio_of_polyunsaturated_fatty_acids_to_total_fatty_acids__locus065	TRUE	TRUE	TRUE
Ratio_of_polyunsaturated_fatty_acids_to_total_fatty_acids__locus066	TRUE	TRUE	TRUE
Ratio_of_polyunsaturated_fatty_acids_to_total_fatty_acids__locus067	TRUE	TRUE	TRUE
Ratio_of_polyunsaturated_fatty_acids_to_total_fatty_acids__locus068	TRUE	TRUE	TRUE
Ratio_of_polyunsaturated_fatty_acids_to_total_fatty_acids__locus069	TRUE	TRUE	TRUE
Ratio_of_polyunsaturated_fatty_acids_to_total_fatty_acids__locus070	TRUE	TRUE	TRUE
Ratio_of_polyunsaturated_fatty_acids_to_total_fatty_acids__locus071	TRUE	TRUE	TRUE
Ratio_of_polyunsaturated_fatty_acids_to_total_fatty_acids__locus072	TRUE	TRUE	TRUE
Ratio_of_polyunsaturated_fatty_acids_to_total_fatty_acids__locus073	TRUE	TRUE	TRUE
Ratio_of_polyunsaturated_fatty_acids_to_total_fatty_acids__locus074	TRUE	TRUE	TRUE
Ratio_of_polyunsaturated_fatty_acids_to_total_fatty_acids__locus075	TRUE	TRUE	TRUE
Ratio_of_polyunsaturated_fatty_acids_to_total_fatty_acids__locus076	TRUE	TRUE	TRUE
Ratio_of_polyunsaturated_fatty_acids_to_total_fatty_acids__locus077	TRUE	TRUE	TRUE
Ratio_of_polyunsaturated_fatty_acids_to_total_fatty_acids__locus078	TRUE	TRUE	TRUE
Ratio_of_polyunsaturated_fatty_acids_to_total_fatty_acids__locus079	TRUE	TRUE	TRUE
Ratio_of_polyunsaturated_fatty_acids_to_total_fatty_acids__locus080	TRUE	TRUE	TRUE
Ratio_of_polyunsaturated_fatty_acids_to_total_fatty_acids__locus081	TRUE	TRUE	TRUE
Ratio_of_polyunsaturated_fatty_acids_to_total_fatty_acids__locus082	TRUE	TRUE	TRUE
Ratio_of_polyunsaturated_fatty_acids_to_total_fatty_acids__locus083	TRUE	TRUE	TRUE
Ratio_of_polyunsaturated_fatty_acids_to_total_fatty_acids__locus084	TRUE	TRUE	TRUE
Ratio_of_polyunsaturated_fatty_acids_to_total_fatty_acids__locus085	TRUE	TRUE	TRUE
Ratio_of_polyunsaturated_fatty_acids_to_total_fatty_acids__locus086	TRUE	TRUE	TRUE
Ratio_of_polyunsaturated_fatty_acids_to_total_fatty_acids__locus087	TRUE	TRUE	TRUE
Ratio_of_polyunsaturated_fatty_acids_to_total_fatty_acids__locus088	TRUE	TRUE	TRUE
Ratio_of_polyunsaturated_fatty_acids_to_total_fatty_acids__locus089	TRUE	TRUE	TRUE
Ratio_of_polyunsaturated_fatty_acids_to_total_fatty_acids__locus090	TRUE	TRUE	TRUE
Ratio_of_polyunsaturated_fatty_acids_to_total_fatty_acids__locus091	TRUE	TRUE	TRUE
Ratio_of_polyunsaturated_fatty_acids_to_total_fatty_acids__locus092	TRUE	TRUE	TRUE
Ratio_of_polyunsaturated_fatty_acids_to_total_fatty_acids__locus093	TRUE	TRUE	TRUE
Ratio_of_polyunsaturated_fatty_acids_to_total_fatty_acids__locus094	TRUE	TRUE	TRUE
Ratio_of_polyunsaturated_fatty_acids_to_total_fatty_acids__locus095	TRUE	TRUE	TRUE
Ratio_of_polyunsaturated_fatty_acids_to_total_fatty_acids__locus096	TRUE	TRUE	TRUE
Ratio_of_polyunsaturated_fatty_acids_to_total_fatty_acids__locus097	TRUE	TRUE	TRUE
Ratio_of_polyunsaturated_fatty_acids_to_total_fatty_acids__locus098	TRUE	TRUE	TRUE
Ratio_of_polyunsaturated_fatty_acids_to_total_fatty_acids__locus099	TRUE	TRUE	TRUE
Ratio_of_polyunsaturated_fatty_acids_to_total_fatty_acids__locus100	TRUE	TRUE	TRUE
Ratio_of_polyunsaturated_fatty_acids_to_total_fatty_acids__locus101	TRUE	TRUE	TRUE
Ratio_of_polyunsaturated_fatty_acids_to_total_fatty_acids__locus102	TRUE	TRUE	TRUE
Ratio_of_polyunsaturated_fatty_acids_to_total_fatty_acids__locus103	TRUE	TRUE	TRUE
Ratio_of_polyunsaturated_fatty_acids_to_total_fatty_acids__locus104	TRUE	TRUE	TRUE
Ratio_of_polyunsaturated_fatty_acids_to_total_fatty_acids__locus105	TRUE	TRUE	TRUE
Ratio_of_polyunsaturated_fatty_acids_to_total_fatty_acids__locus106	TRUE	TRUE	TRUE
Ratio_of_polyunsaturated_fatty_acids_to_total_fatty_acids__locus107	TRUE	TRUE	TRUE
Ratio_of_polyunsaturated_fatty_acids_to_total_fatty_acids__locus108	TRUE	TRUE	TRUE
Ratio_of_polyunsaturated_fatty_acids_to_total_fatty_acids__locus109	TRUE	TRUE	FALSE
Ratio_of_polyunsaturated_fatty_acids_to_total_fatty_acids__locus110	TRUE	TRUE	TRUE
Ratio_of_polyunsaturated_fatty_acids_to_total_fatty_acids__locus111	TRUE	TRUE	TRUE
Ratio_of_polyunsaturated_fatty_acids_to_total_fatty_acids__locus112	TRUE	TRUE	TRUE
Ratio_of_polyunsaturated_fatty_acids_to_total_fatty_acids__locus113	TRUE	TRUE	TRUE
Ratio_of_polyunsaturated_fatty_acids_to_total_fatty_acids__locus114	TRUE	TRUE	TRUE
Ratio_of_polyunsaturated_fatty_acids_to_total_fatty_acids__locus115	TRUE	TRUE	TRUE
Ratio_of_polyunsaturated_fatty_acids_to_total_fatty_acids__locus116	TRUE	TRUE	TRUE
Ratio_of_polyunsaturated_fatty_acids_to_total_fatty_acids__locus117	TRUE	TRUE	TRUE
Ratio_of_polyunsaturated_fatty_acids_to_total_fatty_acids__locus118	TRUE	TRUE	TRUE
Ratio_of_polyunsaturated_fatty_acids_to_total_fatty_acids__locus119	TRUE	TRUE	TRUE
Ratio_of_polyunsaturated_fatty_acids_to_total_fatty_acids__locus120	TRUE	TRUE	TRUE
Ratio_of_polyunsaturated_fatty_acids_to_total_fatty_acids__locus121	TRUE	TRUE	TRUE
Ratio_of_polyunsaturated_fatty_acids_to_total_fatty_acids__locus122	TRUE	TRUE	TRUE
Ratio_of_polyunsaturated_fatty_acids_to_total_fatty_acids__locus123	TRUE	TRUE	TRUE
Ratio_of_polyunsaturated_fatty_acids_to_total_fatty_acids__locus124	TRUE	TRUE	TRUE
Ratio_of_polyunsaturated_fatty_acids_to_total_fatty_acids__locus125	TRUE	TRUE	TRUE
Ratio_of_polyunsaturated_fatty_acids_to_total_fatty_acids__locus126	TRUE	TRUE	TRUE
Ratio_of_polyunsaturated_fatty_acids_to_total_fatty_acids__locus127	TRUE	TRUE	TRUE
Ratio_of_polyunsaturated_fatty_acids_to_total_fatty_acids__locus128	TRUE	TRUE	TRUE
Ratio_of_polyunsaturated_fatty_acids_to_total_fatty_acids__locus129	TRUE	TRUE	TRUE
Ratio_of_polyunsaturated_fatty_acids_to_total_fatty_acids__locus130	TRUE	TRUE	TRUE
Ratio_of_polyunsaturated_fatty_acids_to_total_fatty_acids__locus131	TRUE	TRUE	TRUE
Ratio_of_polyunsaturated_fatty_acids_to_total_fatty_acids__locus132	TRUE	TRUE	TRUE
Ratio_of_polyunsaturated_fatty_acids_to_total_fatty_acids__locus133	TRUE	TRUE	TRUE
Ratio_of_polyunsaturated_fatty_acids_to_total_fatty_acids__locus134	TRUE	TRUE	TRUE
Ratio_of_polyunsaturated_fatty_acids_to_total_fatty_acids__locus135	TRUE	TRUE	TRUE
Ratio_of_polyunsaturated_fatty_acids_to_total_fatty_acids__locus136	TRUE	TRUE	TRUE
Ratio_of_polyunsaturated_fatty_acids_to_total_fatty_acids__locus137	TRUE	TRUE	TRUE
Ratio_of_polyunsaturated_fatty_acids_to_total_fatty_acids__locus138	TRUE	TRUE	TRUE
Ratio_of_polyunsaturated_fatty_acids_to_total_fatty_acids__locus139	TRUE	TRUE	TRUE
Ratio_of_polyunsaturated_fatty_acids_to_total_fatty_acids__locus140	TRUE	TRUE	TRUE
Ratio_of_polyunsaturated_fatty_acids_to_total_fatty_acids__locus141	TRUE	TRUE	TRUE
Ratio_of_polyunsaturated_fatty_acids_to_total_fatty_acids__locus142	TRUE	TRUE	TRUE
Ratio_of_polyunsaturated_fatty_acids_to_total_fatty_acids__locus143	TRUE	TRUE	TRUE
Ratio_of_polyunsaturated_fatty_acids_to_total_fatty_acids__locus144	TRUE	TRUE	TRUE
Ratio_of_polyunsaturated_fatty_acids_to_total_fatty_acids__locus145	TRUE	TRUE	TRUE
Ratio_of_polyunsaturated_fatty_acids_to_total_fatty_acids__locus146	TRUE	TRUE	TRUE
Ratio_of_polyunsaturated_fatty_acids_to_total_fatty_acids__locus147	TRUE	TRUE	TRUE
Ratio_of_polyunsaturated_fatty_acids_to_total_fatty_acids__locus148	TRUE	TRUE	TRUE
Ratio_of_polyunsaturated_fatty_acids_to_total_fatty_acids__locus149	TRUE	TRUE	TRUE
Ratio_of_polyunsaturated_fatty_acids_to_total_fatty_acids__locus150	TRUE	TRUE	TRUE
Ratio_of_polyunsaturated_fatty_acids_to_total_fatty_acids__locus151	TRUE	TRUE	TRUE
Ratio_of_polyunsaturated_fatty_acids_to_total_fatty_acids__locus152	TRUE	TRUE	TRUE
Ratio_of_polyunsaturated_fatty_acids_to_total_fatty_acids__locus153	TRUE	TRUE	TRUE
Ratio_of_polyunsaturated_fatty_acids_to_total_fatty_acids__locus154	TRUE	TRUE	TRUE
Ratio_of_polyunsaturated_fatty_acids_to_total_fatty_acids__locus155	TRUE	TRUE	TRUE
Ratio_of_polyunsaturated_fatty_acids_to_total_fatty_acids__locus156	TRUE	TRUE	TRUE
Ratio_of_polyunsaturated_fatty_acids_to_total_fatty_acids__locus157	TRUE	TRUE	TRUE
Ratio_of_polyunsaturated_fatty_acids_to_total_fatty_acids__locus158	TRUE	TRUE	TRUE
Ratio_of_polyunsaturated_fatty_acids_to_total_fatty_acids__locus159	FALSE	FALSE	FALSE
Ratio_of_polyunsaturated_fatty_acids_to_total_fatty_acids__locus160	TRUE	TRUE	TRUE
Ratio_of_polyunsaturated_fatty_acids_to_total_fatty_acids__locus161	TRUE	TRUE	TRUE
Ratio_of_polyunsaturated_fatty_acids_to_total_fatty_acids__locus162	TRUE	TRUE	TRUE
Ratio_of_polyunsaturated_fatty_acids_to_total_fatty_acids__locus163	TRUE	TRUE	TRUE
Ratio_of_polyunsaturated_fatty_acids_to_total_fatty_acids__locus164	FALSE	FALSE	FALSE
Ratio_of_polyunsaturated_fatty_acids_to_total_fatty_acids__locus165	TRUE	TRUE	TRUE
Ratio_of_polyunsaturated_fatty_acids_to_total_fatty_acids__locus166	TRUE	TRUE	TRUE
Ratio_of_polyunsaturated_fatty_acids_to_total_fatty_acids__locus167	TRUE	TRUE	TRUE
Ratio_of_polyunsaturated_fatty_acids_to_total_fatty_acids__locus168	TRUE	TRUE	TRUE
Ratio_of_polyunsaturated_fatty_acids_to_total_fatty_acids__locus169	TRUE	TRUE	TRUE
Ratio_of_polyunsaturated_fatty_acids_to_total_fatty_acids__locus170	TRUE	TRUE	TRUE
Ratio_of_polyunsaturated_fatty_acids_to_total_fatty_acids__locus171	TRUE	TRUE	TRUE
Ratio_of_polyunsaturated_fatty_acids_to_total_fatty_acids__locus172	TRUE	TRUE	TRUE
Ratio_of_polyunsaturated_fatty_acids_to_total_fatty_acids__locus173	TRUE	TRUE	TRUE
Ratio_of_polyunsaturated_fatty_acids_to_total_fatty_acids__locus174	TRUE	TRUE	TRUE
Ratio_of_polyunsaturated_fatty_acids_to_total_fatty_acids__locus175	TRUE	TRUE	TRUE
Ratio_of_polyunsaturated_fatty_acids_to_total_fatty_acids__locus176	TRUE	TRUE	TRUE
Ratio_of_polyunsaturated_fatty_acids_to_total_fatty_acids__locus177	TRUE	TRUE	TRUE
Ratio_of_polyunsaturated_fatty_acids_to_total_fatty_acids__locus178	TRUE	TRUE	TRUE
Ratio_of_polyunsaturated_fatty_acids_to_total_fatty_acids__locus179	TRUE	TRUE	TRUE
Ratio_of_polyunsaturated_fatty_acids_to_total_fatty_acids__locus180	TRUE	TRUE	TRUE
Ratio_of_polyunsaturated_fatty_acids_to_total_fatty_acids__locus181	TRUE	TRUE	TRUE
Ratio_of_polyunsaturated_fatty_acids_to_total_fatty_acids__locus182	TRUE	TRUE	TRUE
Ratio_of_polyunsaturated_fatty_acids_to_total_fatty_acids__locus183	TRUE	TRUE	TRUE
Ratio_of_polyunsaturated_fatty_acids_to_total_fatty_acids__locus184	TRUE	TRUE	TRUE
Ratio_of_polyunsaturated_fatty_acids_to_total_fatty_acids__locus185	TRUE	TRUE	TRUE
Ratio_of_polyunsaturated_fatty_acids_to_total_fatty_acids__locus186	TRUE	TRUE	TRUE
Ratio_of_polyunsaturated_fatty_acids_to_total_fatty_acids__locus187	TRUE	TRUE	TRUE
Ratio_of_polyunsaturated_fatty_acids_to_total_fatty_acids__locus188	TRUE	TRUE	TRUE
Ratio_of_polyunsaturated_fatty_acids_to_total_fatty_acids__locus189	TRUE	TRUE	TRUE
Ratio_of_polyunsaturated_fatty_acids_to_total_fatty_acids__locus190	TRUE	TRUE	TRUE
Ratio_of_polyunsaturated_fatty_acids_to_total_fatty_acids__locus191	TRUE	TRUE	TRUE
Ratio_of_polyunsaturated_fatty_acids_to_total_fatty_acids__locus192	TRUE	TRUE	TRUE
Ratio_of_polyunsaturated_fatty_acids_to_total_fatty_acids__locus193	TRUE	TRUE	TRUE
Ratio_of_polyunsaturated_fatty_acids_to_total_fatty_acids__locus194	TRUE	TRUE	TRUE
Ratio_of_polyunsaturated_fatty_acids_to_total_fatty_acids__locus195	TRUE	TRUE	TRUE
Ratio_of_polyunsaturated_fatty_acids_to_total_fatty_acids__locus196	TRUE	TRUE	TRUE
Ratio_of_polyunsaturated_fatty_acids_to_total_fatty_acids__locus197	TRUE	TRUE	TRUE
Ratio_of_polyunsaturated_fatty_acids_to_total_fatty_acids__locus198	TRUE	TRUE	TRUE
Ratio_of_polyunsaturated_fatty_acids_to_total_fatty_acids__locus199	TRUE	TRUE	TRUE
Ratio_of_polyunsaturated_fatty_acids_to_total_fatty_acids__locus200	TRUE	TRUE	TRUE
Ratio_of_polyunsaturated_fatty_acids_to_total_fatty_acids__locus201	TRUE	TRUE	TRUE
Ratio_of_polyunsaturated_fatty_acids_to_total_fatty_acids__locus202	TRUE	TRUE	TRUE
Ratio_of_polyunsaturated_fatty_acids_to_total_fatty_acids__locus203	TRUE	TRUE	TRUE
Ratio_of_polyunsaturated_fatty_acids_to_total_fatty_acids__locus204	TRUE	TRUE	TRUE
Ratio_of_polyunsaturated_fatty_acids_to_total_fatty_acids__locus205	TRUE	TRUE	TRUE
Ratio_of_polyunsaturated_fatty_acids_to_total_fatty_acids__locus206	TRUE	TRUE	TRUE
Ratio_of_polyunsaturated_fatty_acids_to_total_fatty_acids__locus207	TRUE	TRUE	TRUE
Ratio_of_polyunsaturated_fatty_acids_to_total_fatty_acids__locus208	TRUE	TRUE	TRUE
Ratio_of_polyunsaturated_fatty_acids_to_total_fatty_acids__locus209	TRUE	TRUE	TRUE
Ratio_of_polyunsaturated_fatty_acids_to_total_fatty_acids__locus210	TRUE	TRUE	TRUE
Ratio_of_polyunsaturated_fatty_acids_to_total_fatty_acids__locus211	TRUE	TRUE	TRUE
Ratio_of_polyunsaturated_fatty_acids_to_total_fatty_acids__locus212	TRUE	TRUE	TRUE
Ratio_of_polyunsaturated_fatty_acids_to_total_fatty_acids__locus213	TRUE	TRUE	TRUE
Ratio_of_polyunsaturated_fatty_acids_to_total_fatty_acids__locus214	TRUE	TRUE	TRUE
Ratio_of_polyunsaturated_fatty_acids_to_total_fatty_acids__locus215	TRUE	TRUE	TRUE
Ratio_of_polyunsaturated_fatty_acids_to_total_fatty_acids__locus216	TRUE	TRUE	TRUE
Ratio_of_polyunsaturated_fatty_acids_to_total_fatty_acids__locus217	TRUE	TRUE	TRUE
Ratio_of_polyunsaturated_fatty_acids_to_total_fatty_acids__locus218	TRUE	TRUE	TRUE
Ratio_of_polyunsaturated_fatty_acids_to_total_fatty_acids__locus219	TRUE	TRUE	TRUE
Ratio_of_polyunsaturated_fatty_acids_to_total_fatty_acids__locus220	TRUE	TRUE	TRUE
Ratio_of_polyunsaturated_fatty_acids_to_total_fatty_acids__locus221	TRUE	TRUE	TRUE
Ratio_of_polyunsaturated_fatty_acids_to_total_fatty_acids__locus222	TRUE	TRUE	TRUE
Ratio_of_polyunsaturated_fatty_acids_to_total_fatty_acids__locus223	TRUE	TRUE	TRUE
Ratio_of_polyunsaturated_fatty_acids_to_total_fatty_acids__locus224	TRUE	TRUE	TRUE
Ratio_of_polyunsaturated_fatty_acids_to_total_fatty_acids__locus225	TRUE	TRUE	TRUE
Ratio_of_polyunsaturated_fatty_acids_to_total_fatty_acids__locus226	TRUE	TRUE	TRUE
Ratio_of_polyunsaturated_fatty_acids_to_total_fatty_acids__locus227	TRUE	TRUE	TRUE
Ratio_of_polyunsaturated_fatty_acids_to_total_fatty_acids__locus228	TRUE	TRUE	TRUE
Ratio_of_polyunsaturated_fatty_acids_to_total_fatty_acids__locus229	TRUE	TRUE	TRUE
Ratio_of_polyunsaturated_fatty_acids_to_total_fatty_acids__locus230	TRUE	TRUE	TRUE
Ratio_of_polyunsaturated_fatty_acids_to_total_fatty_acids__locus231	TRUE	TRUE	TRUE
Ratio_of_polyunsaturated_fatty_acids_to_total_fatty_acids__locus232	TRUE	TRUE	TRUE
Ratio_of_polyunsaturated_fatty_acids_to_total_fatty_acids__locus233	TRUE	TRUE	TRUE
Ratio_of_polyunsaturated_fatty_acids_to_total_fatty_acids__locus234	TRUE	TRUE	TRUE
Ratio_of_polyunsaturated_fatty_acids_to_total_fatty_acids__locus235	TRUE	TRUE	TRUE
Ratio_of_polyunsaturated_fatty_acids_to_total_fatty_acids__locus236	TRUE	TRUE	TRUE
Ratio_of_polyunsaturated_fatty_acids_to_total_fatty_acids__locus237	TRUE	TRUE	TRUE
Ratio_of_polyunsaturated_fatty_acids_to_total_fatty_acids__locus238	TRUE	TRUE	TRUE
Ratio_of_polyunsaturated_fatty_acids_to_total_fatty_acids__locus239	TRUE	TRUE	TRUE
Ratio_of_polyunsaturated_fatty_acids_to_total_fatty_acids__locus240	TRUE	TRUE	TRUE
Ratio_of_polyunsaturated_fatty_acids_to_total_fatty_acids__locus241	TRUE	TRUE	TRUE
Ratio_of_polyunsaturated_fatty_acids_to_total_fatty_acids__locus242	TRUE	TRUE	TRUE
Ratio_of_polyunsaturated_fatty_acids_to_total_fatty_acids__locus243	TRUE	TRUE	TRUE
Ratio_of_polyunsaturated_fatty_acids_to_total_fatty_acids__locus244	TRUE	TRUE	TRUE
Ratio_of_polyunsaturated_fatty_acids_to_total_fatty_acids__locus245	TRUE	TRUE	TRUE
Ratio_of_polyunsaturated_fatty_acids_to_total_fatty_acids__locus246	TRUE	TRUE	TRUE
Ratio_of_polyunsaturated_fatty_acids_to_total_fatty_acids__locus247	TRUE	TRUE	TRUE
Ratio_of_polyunsaturated_fatty_acids_to_total_fatty_acids__locus248	TRUE	TRUE	TRUE
Ratio_of_polyunsaturated_fatty_acids_to_total_fatty_acids__locus249	TRUE	TRUE	TRUE
Ratio_of_polyunsaturated_fatty_acids_to_total_fatty_acids__locus250	TRUE	TRUE	TRUE
Ratio_of_polyunsaturated_fatty_acids_to_total_fatty_acids__locus251	TRUE	TRUE	TRUE
Ratio_of_polyunsaturated_fatty_acids_to_total_fatty_acids__locus252	TRUE	TRUE	TRUE
Ratio_of_polyunsaturated_fatty_acids_to_total_fatty_acids__locus253	TRUE	TRUE	TRUE
Ratio_of_polyunsaturated_fatty_acids_to_total_fatty_acids__locus254	TRUE	TRUE	TRUE
Ratio_of_polyunsaturated_fatty_acids_to_total_fatty_acids__locus255	TRUE	TRUE	TRUE
Ratio_of_polyunsaturated_fatty_acids_to_total_fatty_acids__locus256	TRUE	TRUE	TRUE
Ratio_of_polyunsaturated_fatty_acids_to_total_fatty_acids__locus257	TRUE	TRUE	TRUE
Ratio_of_polyunsaturated_fatty_acids_to_total_fatty_acids__locus258	TRUE	TRUE	TRUE
Ratio_of_polyunsaturated_fatty_acids_to_total_fatty_acids__locus259	TRUE	TRUE	TRUE
Ratio_of_polyunsaturated_fatty_acids_to_total_fatty_acids__locus260	TRUE	TRUE	TRUE
Ratio_of_polyunsaturated_fatty_acids_to_total_fatty_acids__locus261	TRUE	TRUE	TRUE
Ratio_of_polyunsaturated_fatty_acids_to_total_fatty_acids__locus262	TRUE	TRUE	TRUE
Ratio_of_polyunsaturated_fatty_acids_to_total_fatty_acids__locus263	TRUE	TRUE	TRUE
Ratio_of_polyunsaturated_fatty_acids_to_total_fatty_acids__locus264	TRUE	TRUE	TRUE
Ratio_of_polyunsaturated_fatty_acids_to_total_fatty_acids__locus265	TRUE	TRUE	TRUE
Ratio_of_polyunsaturated_fatty_acids_to_total_fatty_acids__locus266	TRUE	TRUE	TRUE
Ratio_of_polyunsaturated_fatty_acids_to_total_fatty_acids__locus267	TRUE	TRUE	TRUE
Ratio_of_polyunsaturated_fatty_acids_to_total_fatty_acids__locus268	TRUE	TRUE	TRUE
Ratio_of_polyunsaturated_fatty_acids_to_total_fatty_acids__locus269	TRUE	TRUE	TRUE
Ratio_of_polyunsaturated_fatty_acids_to_total_fatty_acids__locus270	TRUE	TRUE	TRUE
Ratio_of_polyunsaturated_fatty_acids_to_total_fatty_acids__locus271	TRUE	TRUE	TRUE
Ratio_of_polyunsaturated_fatty_acids_to_total_fatty_acids__locus272	TRUE	TRUE	TRUE
Ratio_of_polyunsaturated_fatty_acids_to_total_fatty_acids__locus273	TRUE	TRUE	TRUE
Ratio_of_polyunsaturated_fatty_acids_to_total_fatty_acids__locus274	TRUE	TRUE	TRUE
Ratio_of_polyunsaturated_fatty_acids_to_total_fatty_acids__locus275	TRUE	TRUE	TRUE
Ratio_of_polyunsaturated_fatty_acids_to_total_fatty_acids__locus276	TRUE	TRUE	TRUE
Ratio_of_polyunsaturated_fatty_acids_to_total_fatty_acids__locus277	TRUE	TRUE	TRUE
Ratio_of_polyunsaturated_fatty_acids_to_total_fatty_acids__locus278	TRUE	TRUE	TRUE
Ratio_of_polyunsaturated_fatty_acids_to_total_fatty_acids__locus279	TRUE	TRUE	TRUE
Ratio_of_polyunsaturated_fatty_acids_to_total_fatty_acids__locus280	TRUE	TRUE	TRUE
Ratio_of_polyunsaturated_fatty_acids_to_total_fatty_acids__locus281	TRUE	TRUE	TRUE
Ratio_of_polyunsaturated_fatty_acids_to_total_fatty_acids__locus282	TRUE	TRUE	TRUE
Ratio_of_polyunsaturated_fatty_acids_to_total_fatty_acids__locus283	TRUE	TRUE	TRUE
Ratio_of_polyunsaturated_fatty_acids_to_total_fatty_acids__locus284	TRUE	TRUE	TRUE
Ratio_of_polyunsaturated_fatty_acids_to_total_fatty_acids__locus285	TRUE	TRUE	TRUE
Ratio_of_polyunsaturated_fatty_acids_to_total_fatty_acids__locus286	TRUE	TRUE	TRUE
Ratio_of_polyunsaturated_fatty_acids_to_total_fatty_acids__locus287	TRUE	TRUE	TRUE
Ratio_of_polyunsaturated_fatty_acids_to_total_fatty_acids__locus288	TRUE	TRUE	TRUE
Ratio_of_polyunsaturated_fatty_acids_to_total_fatty_acids__locus289	TRUE	TRUE	TRUE
Ratio_of_polyunsaturated_fatty_acids_to_total_fatty_acids__locus290	TRUE	TRUE	TRUE
Ratio_of_polyunsaturated_fatty_acids_to_total_fatty_acids__locus291	TRUE	TRUE	TRUE
Ratio_of_polyunsaturated_fatty_acids_to_total_fatty_acids__locus292	TRUE	TRUE	TRUE
Ratio_of_polyunsaturated_fatty_acids_to_total_fatty_acids__locus293	TRUE	TRUE	TRUE
Ratio_of_polyunsaturated_fatty_acids_to_total_fatty_acids__locus294	TRUE	TRUE	TRUE
Ratio_of_polyunsaturated_fatty_acids_to_total_fatty_acids__locus295	TRUE	TRUE	TRUE
Ratio_of_polyunsaturated_fatty_acids_to_total_fatty_acids__locus296	TRUE	TRUE	TRUE
Ratio_of_polyunsaturated_fatty_acids_to_total_fatty_acids__locus297	TRUE	TRUE	TRUE
Ratio_of_polyunsaturated_fatty_acids_to_total_fatty_acids__locus298	TRUE	TRUE	TRUE
Ratio_of_polyunsaturated_fatty_acids_to_total_fatty_acids__locus299	TRUE	TRUE	TRUE
Ratio_of_polyunsaturated_fatty_acids_to_total_fatty_acids__locus300	TRUE	TRUE	TRUE
Ratio_of_polyunsaturated_fatty_acids_to_total_fatty_acids__locus301	TRUE	TRUE	TRUE
Ratio_of_polyunsaturated_fatty_acids_to_total_fatty_acids__locus302	TRUE	TRUE	TRUE
Ratio_of_polyunsaturated_fatty_acids_to_total_fatty_acids__locus303	TRUE	TRUE	TRUE
Ratio_of_polyunsaturated_fatty_acids_to_total_fatty_acids__locus304	TRUE	TRUE	TRUE
Ratio_of_polyunsaturated_fatty_acids_to_total_fatty_acids__locus305	TRUE	TRUE	TRUE
Ratio_of_polyunsaturated_fatty_acids_to_total_fatty_acids__locus306	TRUE	TRUE	TRUE
Ratio_of_polyunsaturated_fatty_acids_to_total_fatty_acids__locus307	TRUE	TRUE	TRUE
Ratio_of_polyunsaturated_fatty_acids_to_total_fatty_acids__locus308	TRUE	TRUE	TRUE
Ratio_of_polyunsaturated_fatty_acids_to_total_fatty_acids__locus309	TRUE	TRUE	TRUE
Ratio_of_polyunsaturated_fatty_acids_to_total_fatty_acids__locus310	TRUE	TRUE	TRUE
Ratio_of_polyunsaturated_fatty_acids_to_total_fatty_acids__locus311	TRUE	TRUE	TRUE
Ratio_of_polyunsaturated_fatty_acids_to_total_fatty_acids__locus312	TRUE	TRUE	TRUE
Ratio_of_polyunsaturated_fatty_acids_to_total_fatty_acids__locus313	TRUE	TRUE	TRUE
Ratio_of_polyunsaturated_fatty_acids_to_total_fatty_acids__locus314	TRUE	TRUE	TRUE
Ratio_of_polyunsaturated_fatty_acids_to_total_fatty_acids__locus315	TRUE	TRUE	TRUE
Ratio_of_polyunsaturated_fatty_acids_to_total_fatty_acids__locus316	TRUE	TRUE	TRUE
Ratio_of_polyunsaturated_fatty_acids_to_total_fatty_acids__locus317	TRUE	TRUE	TRUE
Ratio_of_polyunsaturated_fatty_acids_to_total_fatty_acids__locus318	TRUE	TRUE	TRUE
Ratio_of_polyunsaturated_fatty_acids_to_total_fatty_acids__locus319	TRUE	TRUE	TRUE
Ratio_of_polyunsaturated_fatty_acids_to_total_fatty_acids__locus320	TRUE	TRUE	TRUE
Ratio_of_polyunsaturated_fatty_acids_to_total_fatty_acids__locus321	TRUE	TRUE	TRUE
Ratio_of_polyunsaturated_fatty_acids_to_total_fatty_acids__locus322	TRUE	TRUE	TRUE
Ratio_of_polyunsaturated_fatty_acids_to_total_fatty_acids__locus323	TRUE	TRUE	TRUE
Ratio_of_polyunsaturated_fatty_acids_to_total_fatty_acids__locus324	TRUE	TRUE	TRUE
Ratio_of_polyunsaturated_fatty_acids_to_total_fatty_acids__locus325	TRUE	TRUE	TRUE
Ratio_of_polyunsaturated_fatty_acids_to_total_fatty_acids__locus326	TRUE	TRUE	TRUE
Ratio_of_polyunsaturated_fatty_acids_to_total_fatty_acids__locus327	TRUE	TRUE	TRUE
Ratio_of_polyunsaturated_fatty_acids_to_total_fatty_acids__locus328	TRUE	TRUE	TRUE
Ratio_of_polyunsaturated_fatty_acids_to_total_fatty_acids__locus329	TRUE	TRUE	TRUE
Ratio_of_polyunsaturated_fatty_acids_to_total_fatty_acids__locus330	TRUE	TRUE	TRUE
Ratio_of_polyunsaturated_fatty_acids_to_total_fatty_acids__locus331	TRUE	TRUE	TRUE
Ratio_of_polyunsaturated_fatty_acids_to_total_fatty_acids__locus332	TRUE	TRUE	TRUE
Ratio_of_polyunsaturated_fatty_acids_to_total_fatty_acids__locus333	TRUE	TRUE	TRUE
Ratio_of_polyunsaturated_fatty_acids_to_total_fatty_acids__locus334	TRUE	TRUE	TRUE
Ratio_of_polyunsaturated_fatty_acids_to_total_fatty_acids__locus335	TRUE	TRUE	TRUE
Ratio_of_polyunsaturated_fatty_acids_to_total_fatty_acids__locus336	TRUE	TRUE	TRUE
Ratio_of_polyunsaturated_fatty_acids_to_total_fatty_acids__locus337	TRUE	TRUE	TRUE
Ratio_of_polyunsaturated_fatty_acids_to_total_fatty_acids__locus338	TRUE	TRUE	TRUE
Ratio_of_polyunsaturated_fatty_acids_to_total_fatty_acids__locus339	TRUE	TRUE	TRUE
Ratio_of_polyunsaturated_fatty_acids_to_total_fatty_acids__locus340	TRUE	TRUE	TRUE
Ratio_of_polyunsaturated_fatty_acids_to_total_fatty_acids__locus341	TRUE	TRUE	TRUE
Ratio_of_polyunsaturated_fatty_acids_to_total_fatty_acids__locus342	TRUE	TRUE	TRUE
Ratio_of_polyunsaturated_fatty_acids_to_total_fatty_acids__locus343	TRUE	TRUE	TRUE
Ratio_of_polyunsaturated_fatty_acids_to_total_fatty_acids__locus344	TRUE	TRUE	TRUE
Ratio_of_polyunsaturated_fatty_acids_to_total_fatty_acids__locus345	TRUE	TRUE	TRUE
Ratio_of_polyunsaturated_fatty_acids_to_total_fatty_acids__locus346	TRUE	TRUE	TRUE
Ratio_of_polyunsaturated_fatty_acids_to_total_fatty_acids__locus347	TRUE	TRUE	TRUE
Ratio_of_polyunsaturated_fatty_acids_to_total_fatty_acids__locus348	TRUE	TRUE	TRUE
Ratio_of_polyunsaturated_fatty_acids_to_total_fatty_acids__locus349	TRUE	TRUE	TRUE
Ratio_of_polyunsaturated_fatty_acids_to_total_fatty_acids__locus350	TRUE	TRUE	TRUE
Ratio_of_polyunsaturated_fatty_acids_to_total_fatty_acids__locus351	TRUE	TRUE	TRUE
Ratio_of_polyunsaturated_fatty_acids_to_total_fatty_acids__locus352	TRUE	TRUE	TRUE
Ratio_of_polyunsaturated_fatty_acids_to_total_fatty_acids__locus353	TRUE	TRUE	TRUE
Ratio_of_polyunsaturated_fatty_acids_to_total_fatty_acids__locus354	TRUE	TRUE	TRUE
Ratio_of_polyunsaturated_fatty_acids_to_total_fatty_acids__locus355	TRUE	TRUE	TRUE
Ratio_of_polyunsaturated_fatty_acids_to_total_fatty_acids__locus356	TRUE	TRUE	TRUE
Ratio_of_polyunsaturated_fatty_acids_to_total_fatty_acids__locus357	TRUE	TRUE	TRUE
Ratio_of_polyunsaturated_fatty_acids_to_total_fatty_acids__locus358	TRUE	TRUE	TRUE
Ratio_of_polyunsaturated_fatty_acids_to_total_fatty_acids__locus359	TRUE	TRUE	TRUE
Ratio_of_polyunsaturated_fatty_acids_to_total_fatty_acids__locus360	TRUE	TRUE	TRUE
Ratio_of_polyunsaturated_fatty_acids_to_total_fatty_acids__locus361	FALSE	FALSE	FALSE
Ratio_of_polyunsaturated_fatty_acids_to_total_fatty_acids__locus362	TRUE	TRUE	TRUE
Ratio_of_polyunsaturated_fatty_acids_to_total_fatty_acids__locus363	TRUE	TRUE	TRUE
Ratio_of_polyunsaturated_fatty_acids_to_total_fatty_acids__locus364	TRUE	TRUE	TRUE
Ratio_of_polyunsaturated_fatty_acids_to_total_fatty_acids__locus365	TRUE	TRUE	TRUE
Ratio_of_polyunsaturated_fatty_acids_to_total_fatty_acids__locus366	TRUE	TRUE	TRUE
Ratio_of_polyunsaturated_fatty_acids_to_total_fatty_acids__locus367	TRUE	TRUE	TRUE
Ratio_of_polyunsaturated_fatty_acids_to_total_fatty_acids__locus368	TRUE	TRUE	TRUE
Ratio_of_polyunsaturated_fatty_acids_to_total_fatty_acids__locus369	TRUE	TRUE	TRUE
Ratio_of_polyunsaturated_fatty_acids_to_total_fatty_acids__locus370	TRUE	TRUE	TRUE
Ratio_of_polyunsaturated_fatty_acids_to_total_fatty_acids__locus371	TRUE	TRUE	TRUE
Ratio_of_polyunsaturated_fatty_acids_to_total_fatty_acids__locus372	TRUE	TRUE	TRUE
Ratio_of_polyunsaturated_fatty_acids_to_total_fatty_acids__locus373	TRUE	TRUE	TRUE
Ratio_of_polyunsaturated_fatty_acids_to_total_fatty_acids__locus374	TRUE	TRUE	TRUE
Ratio_of_polyunsaturated_fatty_acids_to_total_fatty_acids__locus375	TRUE	TRUE	TRUE
Ratio_of_polyunsaturated_fatty_acids_to_total_fatty_acids__locus376	TRUE	TRUE	TRUE
Ratio_of_polyunsaturated_fatty_acids_to_total_fatty_acids__locus377	TRUE	TRUE	TRUE
Ratio_of_polyunsaturated_fatty_acids_to_total_fatty_acids__locus378	TRUE	TRUE	TRUE
Ratio_of_polyunsaturated_fatty_acids_to_total_fatty_acids__locus379	TRUE	TRUE	TRUE
Ratio_of_polyunsaturated_fatty_acids_to_total_fatty_acids__locus380	TRUE	TRUE	TRUE
Ratio_of_polyunsaturated_fatty_acids_to_total_fatty_acids__locus381	TRUE	TRUE	TRUE
Ratio_of_polyunsaturated_fatty_acids_to_total_fatty_acids__locus382	TRUE	TRUE	TRUE
Ratio_of_polyunsaturated_fatty_acids_to_total_fatty_acids__locus383	TRUE	TRUE	TRUE
Ratio_of_polyunsaturated_fatty_acids_to_total_fatty_acids__locus384	TRUE	TRUE	TRUE
Ratio_of_polyunsaturated_fatty_acids_to_total_fatty_acids__locus385	TRUE	TRUE	TRUE
Ratio_of_polyunsaturated_fatty_acids_to_total_fatty_acids__locus386	TRUE	TRUE	TRUE
Ratio_of_polyunsaturated_fatty_acids_to_total_fatty_acids__locus387	TRUE	TRUE	TRUE
Ratio_of_polyunsaturated_fatty_acids_to_total_fatty_acids__locus388	TRUE	TRUE	TRUE
Ratio_of_polyunsaturated_fatty_acids_to_total_fatty_acids__locus389	TRUE	TRUE	TRUE
Ratio_of_polyunsaturated_fatty_acids_to_total_fatty_acids__locus390	TRUE	TRUE	TRUE
Ratio_of_polyunsaturated_fatty_acids_to_total_fatty_acids__locus391	TRUE	TRUE	TRUE
Ratio_of_polyunsaturated_fatty_acids_to_total_fatty_acids__locus392	TRUE	TRUE	TRUE
Ratio_of_polyunsaturated_fatty_acids_to_total_fatty_acids__locus393	TRUE	TRUE	TRUE
Ratio_of_polyunsaturated_fatty_acids_to_total_fatty_acids__locus394	TRUE	TRUE	TRUE
Ratio_of_polyunsaturated_fatty_acids_to_total_fatty_acids__locus395	TRUE	TRUE	TRUE
Ratio_of_polyunsaturated_fatty_acids_to_total_fatty_acids__locus396	TRUE	TRUE	TRUE
Ratio_of_polyunsaturated_fatty_acids_to_total_fatty_acids__locus397	TRUE	TRUE	TRUE
Ratio_of_polyunsaturated_fatty_acids_to_total_fatty_acids__locus398	TRUE	TRUE	TRUE
Ratio_of_polyunsaturated_fatty_acids_to_total_fatty_acids__locus399	TRUE	TRUE	TRUE
Ratio_of_polyunsaturated_fatty_acids_to_total_fatty_acids__locus400	TRUE	TRUE	TRUE
Ratio_of_polyunsaturated_fatty_acids_to_total_fatty_acids__locus401	TRUE	TRUE	TRUE
Ratio_of_polyunsaturated_fatty_acids_to_total_fatty_acids__locus402	TRUE	TRUE	TRUE
Ratio_of_polyunsaturated_fatty_acids_to_total_fatty_acids__locus403	TRUE	TRUE	TRUE
Ratio_of_polyunsaturated_fatty_acids_to_total_fatty_acids__locus404	TRUE	TRUE	TRUE
Ratio_of_polyunsaturated_fatty_acids_to_total_fatty_acids__locus405	TRUE	TRUE	TRUE
Ratio_of_polyunsaturated_fatty_acids_to_total_fatty_acids__locus406	TRUE	TRUE	TRUE
Ratio_of_polyunsaturated_fatty_acids_to_total_fatty_acids__locus407	TRUE	TRUE	TRUE
Ratio_of_polyunsaturated_fatty_acids_to_total_fatty_acids__locus408	TRUE	TRUE	TRUE
Ratio_of_polyunsaturated_fatty_acids_to_total_fatty_acids__locus409	TRUE	TRUE	TRUE
Ratio_of_polyunsaturated_fatty_acids_to_total_fatty_acids__locus410	TRUE	TRUE	TRUE
Ratio_of_polyunsaturated_fatty_acids_to_total_fatty_acids__locus411	TRUE	TRUE	TRUE
Ratio_of_polyunsaturated_fatty_acids_to_total_fatty_acids__locus412	TRUE	TRUE	TRUE
Ratio_of_polyunsaturated_fatty_acids_to_total_fatty_acids__locus413	TRUE	TRUE	TRUE
Ratio_of_polyunsaturated_fatty_acids_to_total_fatty_acids__locus414	TRUE	TRUE	TRUE
Triglycerides_to_total_lipids_ratio_in_very_large_HDL__locus001	TRUE	TRUE	TRUE
Triglycerides_to_total_lipids_ratio_in_very_large_HDL__locus002	TRUE	TRUE	TRUE
Triglycerides_to_total_lipids_ratio_in_very_large_HDL__locus003	TRUE	TRUE	TRUE
Triglycerides_to_total_lipids_ratio_in_very_large_HDL__locus004	TRUE	TRUE	TRUE
Triglycerides_to_total_lipids_ratio_in_very_large_HDL__locus005	TRUE	TRUE	TRUE
Triglycerides_to_total_lipids_ratio_in_very_large_HDL__locus006	TRUE	TRUE	TRUE
Triglycerides_to_total_lipids_ratio_in_very_large_HDL__locus007	TRUE	TRUE	TRUE
Triglycerides_to_total_lipids_ratio_in_very_large_HDL__locus008	TRUE	TRUE	TRUE
Triglycerides_to_total_lipids_ratio_in_very_large_HDL__locus009	TRUE	TRUE	TRUE
Triglycerides_to_total_lipids_ratio_in_very_large_HDL__locus010	TRUE	TRUE	TRUE
Triglycerides_to_total_lipids_ratio_in_very_large_HDL__locus011	TRUE	TRUE	TRUE
Triglycerides_to_total_lipids_ratio_in_very_large_HDL__locus012	TRUE	TRUE	TRUE
Triglycerides_to_total_lipids_ratio_in_very_large_HDL__locus013	TRUE	TRUE	TRUE
Triglycerides_to_total_lipids_ratio_in_very_large_HDL__locus014	TRUE	TRUE	TRUE
Triglycerides_to_total_lipids_ratio_in_very_large_HDL__locus015	TRUE	TRUE	TRUE
Triglycerides_to_total_lipids_ratio_in_very_large_HDL__locus016	TRUE	TRUE	TRUE
Triglycerides_to_total_lipids_ratio_in_very_large_HDL__locus017	TRUE	TRUE	TRUE
Triglycerides_to_total_lipids_ratio_in_very_large_HDL__locus018	TRUE	TRUE	TRUE
Triglycerides_to_total_lipids_ratio_in_very_large_HDL__locus019	TRUE	TRUE	TRUE
Triglycerides_to_total_lipids_ratio_in_very_large_HDL__locus020	TRUE	TRUE	TRUE
Triglycerides_to_total_lipids_ratio_in_very_large_HDL__locus021	TRUE	TRUE	TRUE
Triglycerides_to_total_lipids_ratio_in_very_large_HDL__locus022	TRUE	TRUE	TRUE
Triglycerides_to_total_lipids_ratio_in_very_large_HDL__locus023	TRUE	TRUE	TRUE
Triglycerides_to_total_lipids_ratio_in_very_large_HDL__locus024	TRUE	TRUE	TRUE
Triglycerides_to_total_lipids_ratio_in_very_large_HDL__locus025	TRUE	TRUE	TRUE
Triglycerides_to_total_lipids_ratio_in_very_large_HDL__locus026	FALSE	FALSE	FALSE
Triglycerides_to_total_lipids_ratio_in_very_large_HDL__locus027	TRUE	TRUE	TRUE
Triglycerides_to_total_lipids_ratio_in_very_large_HDL__locus028	TRUE	TRUE	TRUE
Triglycerides_to_total_lipids_ratio_in_very_large_HDL__locus029	TRUE	TRUE	TRUE
Triglycerides_to_total_lipids_ratio_in_very_large_HDL__locus030	TRUE	TRUE	TRUE
Triglycerides_to_total_lipids_ratio_in_very_large_HDL__locus031	TRUE	TRUE	TRUE
Triglycerides_to_total_lipids_ratio_in_very_large_HDL__locus032	TRUE	TRUE	TRUE
Triglycerides_to_total_lipids_ratio_in_very_large_HDL__locus033	TRUE	TRUE	TRUE
Triglycerides_to_total_lipids_ratio_in_very_large_HDL__locus034	TRUE	TRUE	TRUE
Triglycerides_to_total_lipids_ratio_in_very_large_HDL__locus035	TRUE	TRUE	TRUE
Triglycerides_to_total_lipids_ratio_in_very_large_HDL__locus036	TRUE	TRUE	TRUE
Triglycerides_to_total_lipids_ratio_in_very_large_HDL__locus037	TRUE	TRUE	TRUE
Triglycerides_to_total_lipids_ratio_in_very_large_HDL__locus038	TRUE	TRUE	TRUE
Triglycerides_to_total_lipids_ratio_in_very_large_HDL__locus039	TRUE	TRUE	TRUE
Triglycerides_to_total_lipids_ratio_in_very_large_HDL__locus040	TRUE	TRUE	TRUE
Triglycerides_to_total_lipids_ratio_in_very_large_HDL__locus041	TRUE	TRUE	TRUE
Triglycerides_to_total_lipids_ratio_in_very_large_HDL__locus042	TRUE	TRUE	TRUE
Triglycerides_to_total_lipids_ratio_in_very_large_HDL__locus043	TRUE	TRUE	TRUE
Triglycerides_to_total_lipids_ratio_in_very_large_HDL__locus044	TRUE	TRUE	TRUE
Triglycerides_to_total_lipids_ratio_in_very_large_HDL__locus045	TRUE	TRUE	TRUE
Triglycerides_to_total_lipids_ratio_in_very_large_HDL__locus046	TRUE	TRUE	TRUE
Triglycerides_to_total_lipids_ratio_in_very_large_HDL__locus047	TRUE	TRUE	TRUE
Triglycerides_to_total_lipids_ratio_in_very_large_HDL__locus048	TRUE	TRUE	TRUE
Triglycerides_to_total_lipids_ratio_in_very_large_HDL__locus049	TRUE	TRUE	TRUE
Triglycerides_to_total_lipids_ratio_in_very_large_HDL__locus050	TRUE	TRUE	TRUE
Triglycerides_to_total_lipids_ratio_in_very_large_HDL__locus051	TRUE	TRUE	TRUE
Triglycerides_to_total_lipids_ratio_in_very_large_HDL__locus052	TRUE	TRUE	TRUE
Triglycerides_to_total_lipids_ratio_in_very_large_HDL__locus053	TRUE	TRUE	TRUE
Triglycerides_to_total_lipids_ratio_in_very_large_HDL__locus054	TRUE	TRUE	TRUE
Triglycerides_to_total_lipids_ratio_in_very_large_HDL__locus055	TRUE	TRUE	TRUE
Triglycerides_to_total_lipids_ratio_in_very_large_HDL__locus056	TRUE	TRUE	TRUE
Triglycerides_to_total_lipids_ratio_in_very_large_HDL__locus057	TRUE	TRUE	TRUE
Triglycerides_to_total_lipids_ratio_in_very_large_HDL__locus058	TRUE	TRUE	TRUE
Triglycerides_to_total_lipids_ratio_in_very_large_HDL__locus059	TRUE	TRUE	TRUE
Triglycerides_to_total_lipids_ratio_in_very_large_HDL__locus060	TRUE	TRUE	TRUE
Triglycerides_to_total_lipids_ratio_in_very_large_HDL__locus061	TRUE	TRUE	TRUE
Triglycerides_to_total_lipids_ratio_in_very_large_HDL__locus062	TRUE	TRUE	TRUE
Triglycerides_to_total_lipids_ratio_in_very_large_HDL__locus063	TRUE	TRUE	TRUE
Triglycerides_to_total_lipids_ratio_in_very_large_HDL__locus064	TRUE	TRUE	TRUE
Triglycerides_to_total_lipids_ratio_in_very_large_HDL__locus065	TRUE	TRUE	TRUE
Triglycerides_to_total_lipids_ratio_in_very_large_HDL__locus066	TRUE	TRUE	TRUE
Triglycerides_to_total_lipids_ratio_in_very_large_HDL__locus067	TRUE	TRUE	TRUE
Triglycerides_to_total_lipids_ratio_in_very_large_HDL__locus068	TRUE	TRUE	TRUE
Triglycerides_to_total_lipids_ratio_in_very_large_HDL__locus069	TRUE	TRUE	TRUE
Triglycerides_to_total_lipids_ratio_in_very_large_HDL__locus070	TRUE	TRUE	TRUE
Triglycerides_to_total_lipids_ratio_in_very_large_HDL__locus071	TRUE	TRUE	TRUE
Triglycerides_to_total_lipids_ratio_in_very_large_HDL__locus072	TRUE	TRUE	TRUE
Triglycerides_to_total_lipids_ratio_in_very_large_HDL__locus073	TRUE	TRUE	TRUE
Triglycerides_to_total_lipids_ratio_in_very_large_HDL__locus074	TRUE	TRUE	TRUE
Triglycerides_to_total_lipids_ratio_in_very_large_HDL__locus075	TRUE	TRUE	TRUE
Triglycerides_to_total_lipids_ratio_in_very_large_HDL__locus076	TRUE	TRUE	TRUE
Triglycerides_to_total_lipids_ratio_in_very_large_HDL__locus077	TRUE	TRUE	TRUE
Triglycerides_to_total_lipids_ratio_in_very_large_HDL__locus078	TRUE	TRUE	TRUE
Triglycerides_to_total_lipids_ratio_in_very_large_HDL__locus079	TRUE	TRUE	TRUE
Triglycerides_to_total_lipids_ratio_in_very_large_HDL__locus080	TRUE	TRUE	TRUE
Triglycerides_to_total_lipids_ratio_in_very_large_HDL__locus081	TRUE	TRUE	TRUE
Triglycerides_to_total_lipids_ratio_in_very_large_HDL__locus082	TRUE	TRUE	TRUE
Triglycerides_to_total_lipids_ratio_in_very_large_HDL__locus083	TRUE	TRUE	TRUE
Triglycerides_to_total_lipids_ratio_in_very_large_HDL__locus084	TRUE	TRUE	TRUE
Triglycerides_to_total_lipids_ratio_in_very_large_HDL__locus085	TRUE	TRUE	TRUE
Triglycerides_to_total_lipids_ratio_in_very_large_HDL__locus086	TRUE	TRUE	TRUE
Triglycerides_to_total_lipids_ratio_in_very_large_HDL__locus087	TRUE	TRUE	TRUE
Triglycerides_to_total_lipids_ratio_in_very_large_HDL__locus088	TRUE	TRUE	TRUE
Triglycerides_to_total_lipids_ratio_in_very_large_HDL__locus089	TRUE	TRUE	TRUE
Triglycerides_to_total_lipids_ratio_in_very_large_HDL__locus090	TRUE	TRUE	TRUE
Triglycerides_to_total_lipids_ratio_in_very_large_HDL__locus091	TRUE	TRUE	TRUE
Triglycerides_to_total_lipids_ratio_in_very_large_HDL__locus092	TRUE	TRUE	TRUE
Triglycerides_to_total_lipids_ratio_in_very_large_HDL__locus093	TRUE	TRUE	TRUE
Triglycerides_to_total_lipids_ratio_in_very_large_HDL__locus094	FALSE	FALSE	FALSE
Triglycerides_to_total_lipids_ratio_in_very_large_HDL__locus095	TRUE	TRUE	TRUE
Triglycerides_to_total_lipids_ratio_in_very_large_HDL__locus096	TRUE	TRUE	TRUE
Triglycerides_to_total_lipids_ratio_in_very_large_HDL__locus097	TRUE	TRUE	TRUE
Triglycerides_to_total_lipids_ratio_in_very_large_HDL__locus098	TRUE	TRUE	TRUE
Triglycerides_to_total_lipids_ratio_in_very_large_HDL__locus099	TRUE	TRUE	TRUE
Triglycerides_to_total_lipids_ratio_in_very_large_HDL__locus100	TRUE	TRUE	TRUE
Triglycerides_to_total_lipids_ratio_in_very_large_HDL__locus101	TRUE	TRUE	TRUE
Triglycerides_to_total_lipids_ratio_in_very_large_HDL__locus102	TRUE	TRUE	TRUE
Triglycerides_to_total_lipids_ratio_in_very_large_HDL__locus103	TRUE	TRUE	TRUE
Triglycerides_to_total_lipids_ratio_in_very_large_HDL__locus104	TRUE	TRUE	TRUE
Triglycerides_to_total_lipids_ratio_in_very_large_HDL__locus105	TRUE	TRUE	TRUE
Triglycerides_to_total_lipids_ratio_in_very_large_HDL__locus106	TRUE	TRUE	TRUE
Triglycerides_to_total_lipids_ratio_in_very_large_HDL__locus107	TRUE	TRUE	TRUE
Triglycerides_to_total_lipids_ratio_in_very_large_HDL__locus108	TRUE	TRUE	TRUE
Triglycerides_to_total_lipids_ratio_in_very_large_HDL__locus109	TRUE	TRUE	TRUE
Triglycerides_to_total_lipids_ratio_in_very_large_HDL__locus110	TRUE	TRUE	TRUE
Triglycerides_to_total_lipids_ratio_in_very_large_HDL__locus111	TRUE	TRUE	TRUE
Triglycerides_to_total_lipids_ratio_in_very_large_HDL__locus112	TRUE	TRUE	TRUE
Triglycerides_to_total_lipids_ratio_in_very_large_HDL__locus113	TRUE	TRUE	TRUE
Triglycerides_to_total_lipids_ratio_in_very_large_HDL__locus114	TRUE	TRUE	TRUE
Triglycerides_to_total_lipids_ratio_in_very_large_HDL__locus115	TRUE	TRUE	TRUE
Triglycerides_to_total_lipids_ratio_in_very_large_HDL__locus116	TRUE	TRUE	TRUE
Triglycerides_to_total_lipids_ratio_in_very_large_HDL__locus117	TRUE	TRUE	TRUE
Triglycerides_to_total_lipids_ratio_in_very_large_HDL__locus118	TRUE	TRUE	TRUE
Triglycerides_to_total_lipids_ratio_in_very_large_HDL__locus119	TRUE	TRUE	TRUE
Triglycerides_to_total_lipids_ratio_in_very_large_HDL__locus120	TRUE	TRUE	TRUE
Triglycerides_to_total_lipids_ratio_in_very_large_HDL__locus121	TRUE	TRUE	TRUE
Triglycerides_to_total_lipids_ratio_in_very_large_HDL__locus122	TRUE	TRUE	TRUE
Triglycerides_to_total_lipids_ratio_in_very_large_HDL__locus123	TRUE	TRUE	TRUE
Triglycerides_to_total_lipids_ratio_in_very_large_HDL__locus124	TRUE	TRUE	TRUE
Triglycerides_to_total_lipids_ratio_in_very_large_HDL__locus125	TRUE	TRUE	TRUE
Triglycerides_to_total_lipids_ratio_in_very_large_HDL__locus126	FALSE	FALSE	FALSE
Triglycerides_to_total_lipids_ratio_in_very_large_HDL__locus127	TRUE	TRUE	TRUE
Triglycerides_to_total_lipids_ratio_in_very_large_HDL__locus128	TRUE	TRUE	TRUE
Triglycerides_to_total_lipids_ratio_in_very_large_HDL__locus129	TRUE	TRUE	TRUE
Triglycerides_to_total_lipids_ratio_in_very_large_HDL__locus130	TRUE	TRUE	TRUE
Triglycerides_to_total_lipids_ratio_in_very_large_HDL__locus131	TRUE	TRUE	TRUE
Triglycerides_to_total_lipids_ratio_in_very_large_HDL__locus132	TRUE	TRUE	TRUE
Triglycerides_to_total_lipids_ratio_in_very_large_HDL__locus133	TRUE	TRUE	TRUE
Triglycerides_to_total_lipids_ratio_in_very_large_HDL__locus134	TRUE	TRUE	TRUE
Triglycerides_to_total_lipids_ratio_in_very_large_HDL__locus135	TRUE	TRUE	TRUE
Triglycerides_to_total_lipids_ratio_in_very_large_HDL__locus136	TRUE	TRUE	TRUE
Triglycerides_to_total_lipids_ratio_in_very_large_HDL__locus137	TRUE	TRUE	TRUE
Triglycerides_to_total_lipids_ratio_in_very_large_HDL__locus138	TRUE	TRUE	TRUE
Triglycerides_to_total_lipids_ratio_in_very_large_HDL__locus139	TRUE	TRUE	TRUE
Triglycerides_to_total_lipids_ratio_in_very_large_HDL__locus140	TRUE	TRUE	TRUE
Triglycerides_to_total_lipids_ratio_in_very_large_HDL__locus141	TRUE	TRUE	TRUE
Triglycerides_to_total_lipids_ratio_in_very_large_HDL__locus142	TRUE	TRUE	TRUE
Triglycerides_to_total_lipids_ratio_in_very_large_HDL__locus143	TRUE	TRUE	TRUE
Triglycerides_to_total_lipids_ratio_in_very_large_HDL__locus144	TRUE	TRUE	TRUE
Triglycerides_to_total_lipids_ratio_in_very_large_HDL__locus145	TRUE	TRUE	TRUE
Triglycerides_to_total_lipids_ratio_in_very_large_HDL__locus146	TRUE	TRUE	TRUE
Triglycerides_to_total_lipids_ratio_in_very_large_HDL__locus147	TRUE	TRUE	TRUE
Triglycerides_to_total_lipids_ratio_in_very_large_HDL__locus148	TRUE	TRUE	TRUE
Triglycerides_to_total_lipids_ratio_in_very_large_HDL__locus149	TRUE	TRUE	TRUE
Triglycerides_to_total_lipids_ratio_in_very_large_HDL__locus150	TRUE	TRUE	TRUE
Triglycerides_to_total_lipids_ratio_in_very_large_HDL__locus151	TRUE	TRUE	TRUE
Triglycerides_to_total_lipids_ratio_in_very_large_HDL__locus152	TRUE	TRUE	TRUE
Triglycerides_to_total_lipids_ratio_in_very_large_HDL__locus153	TRUE	TRUE	TRUE
Triglycerides_to_total_lipids_ratio_in_very_large_HDL__locus154	TRUE	TRUE	TRUE
Triglycerides_to_total_lipids_ratio_in_very_large_HDL__locus155	TRUE	TRUE	TRUE
Triglycerides_to_total_lipids_ratio_in_very_large_HDL__locus156	TRUE	TRUE	TRUE
Triglycerides_to_total_lipids_ratio_in_very_large_HDL__locus157	TRUE	TRUE	TRUE
Triglycerides_to_total_lipids_ratio_in_very_large_HDL__locus158	TRUE	TRUE	TRUE
Triglycerides_to_total_lipids_ratio_in_very_large_HDL__locus159	TRUE	TRUE	TRUE
Triglycerides_to_total_lipids_ratio_in_very_large_HDL__locus160	TRUE	TRUE	TRUE
Triglycerides_to_total_lipids_ratio_in_very_large_HDL__locus161	TRUE	TRUE	TRUE
Triglycerides_to_total_lipids_ratio_in_very_large_HDL__locus162	TRUE	TRUE	TRUE
Triglycerides_to_total_lipids_ratio_in_very_large_HDL__locus163	TRUE	TRUE	TRUE
Triglycerides_to_total_lipids_ratio_in_very_large_HDL__locus164	TRUE	TRUE	TRUE
Triglycerides_to_total_lipids_ratio_in_very_large_HDL__locus165	TRUE	TRUE	TRUE
Triglycerides_to_total_lipids_ratio_in_very_large_HDL__locus166	TRUE	TRUE	TRUE
Triglycerides_to_total_lipids_ratio_in_very_large_HDL__locus167	TRUE	TRUE	TRUE
Triglycerides_to_total_lipids_ratio_in_very_large_HDL__locus168	TRUE	TRUE	TRUE
Triglycerides_to_total_lipids_ratio_in_very_large_HDL__locus169	TRUE	TRUE	TRUE
Triglycerides_to_total_lipids_ratio_in_very_large_HDL__locus170	TRUE	TRUE	TRUE
Triglycerides_to_total_lipids_ratio_in_very_large_HDL__locus171	TRUE	TRUE	TRUE
Triglycerides_to_total_lipids_ratio_in_very_large_HDL__locus172	TRUE	TRUE	TRUE
Triglycerides_to_total_lipids_ratio_in_very_large_HDL__locus173	TRUE	TRUE	TRUE
Triglycerides_to_total_lipids_ratio_in_very_large_HDL__locus174	TRUE	TRUE	TRUE
Triglycerides_to_total_lipids_ratio_in_very_large_HDL__locus175	TRUE	TRUE	TRUE
Triglycerides_to_total_lipids_ratio_in_very_large_HDL__locus176	TRUE	TRUE	TRUE
Triglycerides_to_total_lipids_ratio_in_very_large_HDL__locus177	TRUE	TRUE	TRUE
Triglycerides_to_total_lipids_ratio_in_very_large_HDL__locus178	TRUE	TRUE	TRUE
Triglycerides_to_total_lipids_ratio_in_very_large_HDL__locus179	TRUE	TRUE	TRUE
Triglycerides_to_total_lipids_ratio_in_very_large_HDL__locus180	TRUE	TRUE	TRUE
Triglycerides_to_total_lipids_ratio_in_very_large_HDL__locus181	TRUE	TRUE	TRUE
Triglycerides_to_total_lipids_ratio_in_very_large_HDL__locus182	TRUE	TRUE	TRUE
Triglycerides_to_total_lipids_ratio_in_very_large_HDL__locus183	TRUE	TRUE	TRUE
Triglycerides_to_total_lipids_ratio_in_very_large_HDL__locus184	TRUE	TRUE	TRUE
Triglycerides_to_total_lipids_ratio_in_very_large_HDL__locus185	TRUE	TRUE	TRUE
Triglycerides_to_total_lipids_ratio_in_very_large_HDL__locus186	TRUE	TRUE	TRUE
Triglycerides_to_total_lipids_ratio_in_very_large_HDL__locus187	TRUE	TRUE	TRUE
Triglycerides_to_total_lipids_ratio_in_very_large_HDL__locus188	TRUE	TRUE	TRUE
Triglycerides_to_total_lipids_ratio_in_very_large_HDL__locus189	TRUE	TRUE	TRUE
Triglycerides_to_total_lipids_ratio_in_very_large_HDL__locus190	TRUE	TRUE	TRUE
Triglycerides_to_total_lipids_ratio_in_very_large_HDL__locus191	TRUE	TRUE	TRUE
Triglycerides_to_total_lipids_ratio_in_very_large_HDL__locus192	TRUE	TRUE	TRUE
Triglycerides_to_total_lipids_ratio_in_very_large_HDL__locus193	TRUE	TRUE	TRUE
Triglycerides_to_total_lipids_ratio_in_very_large_HDL__locus194	TRUE	TRUE	TRUE
Triglycerides_to_total_lipids_ratio_in_very_large_HDL__locus195	TRUE	TRUE	TRUE
Triglycerides_to_total_lipids_ratio_in_very_large_HDL__locus196	TRUE	TRUE	TRUE
Triglycerides_to_total_lipids_ratio_in_very_large_HDL__locus197	TRUE	TRUE	TRUE
Triglycerides_to_total_lipids_ratio_in_very_large_HDL__locus198	TRUE	TRUE	TRUE
Triglycerides_to_total_lipids_ratio_in_very_large_HDL__locus199	TRUE	TRUE	TRUE
Triglycerides_to_total_lipids_ratio_in_very_large_HDL__locus200	TRUE	TRUE	TRUE
Triglycerides_to_total_lipids_ratio_in_very_large_HDL__locus201	TRUE	TRUE	TRUE
Triglycerides_to_total_lipids_ratio_in_very_large_HDL__locus202	TRUE	TRUE	TRUE
Triglycerides_to_total_lipids_ratio_in_very_large_HDL__locus203	TRUE	TRUE	TRUE
Triglycerides_to_total_lipids_ratio_in_very_large_HDL__locus204	TRUE	TRUE	TRUE
Triglycerides_to_total_lipids_ratio_in_very_large_HDL__locus205	TRUE	TRUE	TRUE
Triglycerides_to_total_lipids_ratio_in_very_large_HDL__locus206	TRUE	TRUE	TRUE
Triglycerides_to_total_lipids_ratio_in_very_large_HDL__locus207	TRUE	TRUE	TRUE
Triglycerides_to_total_lipids_ratio_in_very_large_HDL__locus208	TRUE	TRUE	TRUE
Triglycerides_to_total_lipids_ratio_in_very_large_HDL__locus209	TRUE	TRUE	TRUE
Triglycerides_to_total_lipids_ratio_in_very_large_HDL__locus210	TRUE	TRUE	TRUE
Triglycerides_to_total_lipids_ratio_in_very_large_HDL__locus211	TRUE	TRUE	TRUE
Triglycerides_to_total_lipids_ratio_in_very_large_HDL__locus212	TRUE	TRUE	TRUE
Triglycerides_to_total_lipids_ratio_in_very_large_HDL__locus213	TRUE	TRUE	TRUE
Triglycerides_to_total_lipids_ratio_in_very_large_HDL__locus214	TRUE	TRUE	TRUE
Triglycerides_to_total_lipids_ratio_in_very_large_HDL__locus215	TRUE	TRUE	TRUE
Triglycerides_to_total_lipids_ratio_in_very_large_HDL__locus216	TRUE	TRUE	TRUE
Triglycerides_to_total_lipids_ratio_in_very_large_HDL__locus217	TRUE	TRUE	TRUE
Triglycerides_to_total_lipids_ratio_in_very_large_HDL__locus218	TRUE	TRUE	TRUE
Triglycerides_to_total_lipids_ratio_in_very_large_HDL__locus219	TRUE	TRUE	TRUE
Triglycerides_to_total_lipids_ratio_in_very_large_HDL__locus220	TRUE	TRUE	TRUE
Triglycerides_to_total_lipids_ratio_in_very_large_HDL__locus221	TRUE	TRUE	TRUE
Triglycerides_to_total_lipids_ratio_in_very_large_HDL__locus222	TRUE	TRUE	TRUE
Triglycerides_to_total_lipids_ratio_in_very_large_HDL__locus223	TRUE	TRUE	TRUE
Triglycerides_to_total_lipids_ratio_in_very_large_HDL__locus224	TRUE	TRUE	TRUE
Triglycerides_to_total_lipids_ratio_in_very_large_HDL__locus225	TRUE	TRUE	TRUE
Triglycerides_to_total_lipids_ratio_in_very_large_HDL__locus226	TRUE	TRUE	TRUE
Triglycerides_to_total_lipids_ratio_in_very_large_HDL__locus227	TRUE	TRUE	TRUE
Triglycerides_to_total_lipids_ratio_in_very_large_HDL__locus228	TRUE	TRUE	TRUE
Triglycerides_to_total_lipids_ratio_in_very_large_HDL__locus229	TRUE	TRUE	TRUE
Triglycerides_to_total_lipids_ratio_in_very_large_HDL__locus230	TRUE	TRUE	TRUE
Triglycerides_to_total_lipids_ratio_in_very_large_HDL__locus231	TRUE	TRUE	TRUE
Triglycerides_to_total_lipids_ratio_in_very_large_HDL__locus232	TRUE	TRUE	TRUE
Triglycerides_to_total_lipids_ratio_in_very_large_HDL__locus233	TRUE	TRUE	TRUE
Triglycerides_to_total_lipids_ratio_in_very_large_HDL__locus234	TRUE	TRUE	TRUE
Triglycerides_to_total_lipids_ratio_in_very_large_HDL__locus235	TRUE	TRUE	TRUE
Triglycerides_to_total_lipids_ratio_in_very_large_HDL__locus236	TRUE	TRUE	TRUE
Triglycerides_to_total_lipids_ratio_in_very_large_HDL__locus237	TRUE	TRUE	TRUE
Triglycerides_to_total_lipids_ratio_in_very_large_HDL__locus238	TRUE	TRUE	TRUE
Triglycerides_to_total_lipids_ratio_in_very_large_HDL__locus239	TRUE	TRUE	TRUE
Triglycerides_to_total_lipids_ratio_in_very_large_HDL__locus240	TRUE	TRUE	TRUE
Triglycerides_to_total_lipids_ratio_in_very_large_HDL__locus241	TRUE	TRUE	TRUE
Triglycerides_to_total_lipids_ratio_in_very_large_HDL__locus242	TRUE	TRUE	TRUE
Triglycerides_to_total_lipids_ratio_in_very_large_HDL__locus243	TRUE	TRUE	TRUE
Triglycerides_to_total_lipids_ratio_in_very_large_HDL__locus244	TRUE	TRUE	TRUE
Triglycerides_to_total_lipids_ratio_in_very_large_HDL__locus245	TRUE	TRUE	TRUE
Triglycerides_to_total_lipids_ratio_in_very_large_HDL__locus246	TRUE	TRUE	TRUE
Triglycerides_to_total_lipids_ratio_in_very_large_HDL__locus247	TRUE	TRUE	TRUE
Triglycerides_to_total_lipids_ratio_in_very_large_HDL__locus248	TRUE	TRUE	TRUE
Triglycerides_to_total_lipids_ratio_in_very_large_HDL__locus249	TRUE	TRUE	TRUE
Triglycerides_to_total_lipids_ratio_in_very_large_HDL__locus250	TRUE	TRUE	TRUE
Triglycerides_to_total_lipids_ratio_in_very_large_HDL__locus251	TRUE	TRUE	TRUE
Triglycerides_to_total_lipids_ratio_in_very_large_HDL__locus252	TRUE	TRUE	TRUE
Triglycerides_to_total_lipids_ratio_in_very_large_HDL__locus253	TRUE	TRUE	TRUE
Triglycerides_to_total_lipids_ratio_in_very_large_HDL__locus254	TRUE	TRUE	TRUE
Triglycerides_to_total_lipids_ratio_in_very_large_HDL__locus255	TRUE	TRUE	TRUE
Triglycerides_to_total_lipids_ratio_in_very_large_HDL__locus256	TRUE	TRUE	TRUE
Triglycerides_to_total_lipids_ratio_in_very_large_HDL__locus257	TRUE	TRUE	TRUE
Triglycerides_to_total_lipids_ratio_in_very_large_HDL__locus258	TRUE	TRUE	TRUE
Triglycerides_to_total_lipids_ratio_in_very_large_HDL__locus259	TRUE	TRUE	TRUE
Triglycerides_to_total_lipids_ratio_in_very_large_HDL__locus260	TRUE	TRUE	TRUE
Triglycerides_to_total_lipids_ratio_in_very_large_HDL__locus261	TRUE	TRUE	TRUE
Triglycerides_to_total_lipids_ratio_in_very_large_HDL__locus262	TRUE	TRUE	TRUE
Triglycerides_to_total_lipids_ratio_in_very_large_HDL__locus263	TRUE	TRUE	TRUE
Triglycerides_to_total_lipids_ratio_in_very_large_HDL__locus264	TRUE	TRUE	TRUE
Triglycerides_to_total_lipids_ratio_in_very_large_HDL__locus265	TRUE	TRUE	TRUE
Triglycerides_to_total_lipids_ratio_in_very_large_HDL__locus266	TRUE	TRUE	TRUE
Triglycerides_to_total_lipids_ratio_in_very_large_HDL__locus267	TRUE	TRUE	TRUE
Triglycerides_to_total_lipids_ratio_in_very_large_HDL__locus268	TRUE	TRUE	TRUE
Triglycerides_to_total_lipids_ratio_in_very_large_HDL__locus269	TRUE	TRUE	TRUE
Triglycerides_to_total_lipids_ratio_in_very_large_HDL__locus270	TRUE	TRUE	TRUE
Triglycerides_to_total_lipids_ratio_in_very_large_HDL__locus271	TRUE	TRUE	TRUE
Triglycerides_to_total_lipids_ratio_in_very_large_HDL__locus272	TRUE	TRUE	TRUE
Triglycerides_to_total_lipids_ratio_in_very_large_HDL__locus273	TRUE	TRUE	TRUE
Triglycerides_to_total_lipids_ratio_in_very_large_HDL__locus274	TRUE	TRUE	TRUE
Triglycerides_to_total_lipids_ratio_in_very_large_HDL__locus275	TRUE	TRUE	TRUE
Triglycerides_to_total_lipids_ratio_in_very_large_HDL__locus276	TRUE	TRUE	TRUE
Triglycerides_to_total_lipids_ratio_in_very_large_HDL__locus277	TRUE	TRUE	TRUE
Triglycerides_to_total_lipids_ratio_in_very_large_HDL__locus278	TRUE	TRUE	TRUE
Triglycerides_to_total_lipids_ratio_in_very_large_HDL__locus279	TRUE	TRUE	TRUE
Triglycerides_to_total_lipids_ratio_in_very_large_HDL__locus280	TRUE	TRUE	TRUE
Triglycerides_to_total_lipids_ratio_in_very_large_HDL__locus281	TRUE	TRUE	TRUE
Triglycerides_to_total_lipids_ratio_in_very_large_HDL__locus282	TRUE	TRUE	TRUE
Triglycerides_to_total_lipids_ratio_in_very_large_HDL__locus283	TRUE	TRUE	TRUE
Triglycerides_to_total_lipids_ratio_in_very_large_HDL__locus284	TRUE	TRUE	TRUE
Triglycerides_to_total_lipids_ratio_in_very_large_HDL__locus285	TRUE	TRUE	TRUE
Triglycerides_to_total_lipids_ratio_in_very_large_HDL__locus286	TRUE	TRUE	TRUE
Triglycerides_to_total_lipids_ratio_in_very_large_HDL__locus287	TRUE	TRUE	TRUE
Triglycerides_to_total_lipids_ratio_in_very_large_HDL__locus288	TRUE	TRUE	TRUE
Triglycerides_to_total_lipids_ratio_in_very_large_HDL__locus289	TRUE	TRUE	TRUE
Triglycerides_to_total_lipids_ratio_in_very_large_HDL__locus290	TRUE	TRUE	TRUE
Triglycerides_to_total_lipids_ratio_in_very_large_HDL__locus291	TRUE	TRUE	TRUE
Triglycerides_to_total_lipids_ratio_in_very_large_HDL__locus292	TRUE	TRUE	TRUE
Triglycerides_to_total_lipids_ratio_in_very_large_HDL__locus293	TRUE	TRUE	TRUE
Triglycerides_to_total_lipids_ratio_in_very_large_HDL__locus294	TRUE	TRUE	TRUE
Triglycerides_to_total_lipids_ratio_in_very_large_HDL__locus295	TRUE	TRUE	TRUE
Triglycerides_to_total_lipids_ratio_in_very_large_HDL__locus296	TRUE	TRUE	TRUE
Triglycerides_to_total_lipids_ratio_in_very_large_HDL__locus297	TRUE	TRUE	TRUE
Triglycerides_to_total_lipids_ratio_in_very_large_HDL__locus298	TRUE	TRUE	TRUE
Triglycerides_to_total_lipids_ratio_in_very_large_HDL__locus299	TRUE	TRUE	TRUE
Triglycerides_to_total_lipids_ratio_in_very_large_HDL__locus300	TRUE	TRUE	TRUE
Triglycerides_to_total_lipids_ratio_in_very_large_HDL__locus301	TRUE	TRUE	TRUE
Triglycerides_to_total_lipids_ratio_in_very_large_HDL__locus302	TRUE	TRUE	TRUE
Triglycerides_to_total_lipids_ratio_in_very_large_HDL__locus303	TRUE	TRUE	TRUE
Triglycerides_to_total_lipids_ratio_in_very_large_HDL__locus304	TRUE	TRUE	TRUE
Triglycerides_to_total_lipids_ratio_in_very_large_HDL__locus305	TRUE	TRUE	TRUE
Triglycerides_to_total_lipids_ratio_in_very_large_HDL__locus306	TRUE	TRUE	TRUE
Triglycerides_to_total_lipids_ratio_in_very_large_HDL__locus307	TRUE	TRUE	TRUE
Triglycerides_to_total_lipids_ratio_in_very_large_HDL__locus308	TRUE	TRUE	TRUE
Triglycerides_to_total_lipids_ratio_in_very_large_HDL__locus309	TRUE	TRUE	TRUE
Triglycerides_to_total_lipids_ratio_in_very_large_HDL__locus310	TRUE	TRUE	TRUE
Triglycerides_to_total_lipids_ratio_in_very_large_HDL__locus311	TRUE	TRUE	TRUE
Triglycerides_to_total_lipids_ratio_in_very_large_HDL__locus312	TRUE	TRUE	TRUE
Triglycerides_to_total_lipids_ratio_in_very_large_HDL__locus313	TRUE	TRUE	TRUE
Triglycerides_to_total_lipids_ratio_in_very_large_HDL__locus314	TRUE	TRUE	TRUE
Triglycerides_to_total_lipids_ratio_in_very_large_HDL__locus315	TRUE	TRUE	TRUE
Triglycerides_to_total_lipids_ratio_in_very_large_HDL__locus316	TRUE	TRUE	TRUE
Triglycerides_to_total_lipids_ratio_in_very_large_HDL__locus317	TRUE	TRUE	TRUE
Triglycerides_to_total_lipids_ratio_in_very_large_HDL__locus318	TRUE	TRUE	TRUE
Triglycerides_to_total_lipids_ratio_in_very_large_HDL__locus319	TRUE	TRUE	TRUE
Triglycerides_to_total_lipids_ratio_in_very_large_HDL__locus320	TRUE	TRUE	TRUE
Triglycerides_to_total_lipids_ratio_in_very_large_HDL__locus321	TRUE	TRUE	TRUE
Triglycerides_to_total_lipids_ratio_in_very_large_HDL__locus322	TRUE	TRUE	TRUE
Triglycerides_to_total_lipids_ratio_in_very_large_HDL__locus323	TRUE	TRUE	TRUE
Triglycerides_to_total_lipids_ratio_in_very_large_HDL__locus324	TRUE	TRUE	TRUE
Triglycerides_to_total_lipids_ratio_in_very_large_HDL__locus325	TRUE	TRUE	TRUE
Triglycerides_to_total_lipids_ratio_in_very_large_HDL__locus326	TRUE	TRUE	TRUE
Triglycerides_to_total_lipids_ratio_in_very_large_HDL__locus327	TRUE	TRUE	TRUE
Triglycerides_to_total_lipids_ratio_in_very_large_HDL__locus328	TRUE	TRUE	TRUE
Triglycerides_to_total_lipids_ratio_in_very_large_HDL__locus329	TRUE	TRUE	TRUE
Triglycerides_to_total_lipids_ratio_in_very_large_HDL__locus330	TRUE	TRUE	TRUE
Triglycerides_to_total_lipids_ratio_in_very_large_HDL__locus331	TRUE	TRUE	TRUE
Triglycerides_to_total_lipids_ratio_in_very_large_HDL__locus332	TRUE	TRUE	TRUE
Triglycerides_to_total_lipids_ratio_in_very_large_HDL__locus333	TRUE	TRUE	TRUE
Triglycerides_to_total_lipids_ratio_in_very_large_HDL__locus334	TRUE	TRUE	TRUE
Triglycerides_to_total_lipids_ratio_in_very_large_HDL__locus335	TRUE	TRUE	TRUE
Triglycerides_to_total_lipids_ratio_in_very_large_HDL__locus336	TRUE	TRUE	TRUE
Triglycerides_to_total_lipids_ratio_in_very_large_HDL__locus337	TRUE	TRUE	TRUE
Triglycerides_to_total_lipids_ratio_in_very_large_HDL__locus338	TRUE	TRUE	TRUE
Triglycerides_to_total_lipids_ratio_in_very_large_HDL__locus339	TRUE	TRUE	TRUE
Triglycerides_to_total_lipids_ratio_in_very_large_HDL__locus340	TRUE	TRUE	TRUE
Triglycerides_to_total_lipids_ratio_in_very_large_HDL__locus341	TRUE	TRUE	TRUE
Triglycerides_to_total_lipids_ratio_in_very_large_HDL__locus342	TRUE	TRUE	TRUE
Triglycerides_to_total_lipids_ratio_in_very_large_HDL__locus343	TRUE	TRUE	TRUE
Triglycerides_to_total_lipids_ratio_in_very_large_HDL__locus344	TRUE	TRUE	TRUE
Triglycerides_to_total_lipids_ratio_in_very_large_HDL__locus345	TRUE	TRUE	TRUE
Triglycerides_to_total_lipids_ratio_in_very_large_HDL__locus346	TRUE	TRUE	TRUE
Triglycerides_to_total_lipids_ratio_in_very_large_HDL__locus347	TRUE	TRUE	TRUE
Triglycerides_to_total_lipids_ratio_in_very_large_HDL__locus348	TRUE	TRUE	TRUE
Triglycerides_to_total_lipids_ratio_in_very_large_HDL__locus349	TRUE	TRUE	TRUE
Triglycerides_to_total_lipids_ratio_in_very_large_HDL__locus350	TRUE	TRUE	TRUE
Triglycerides_to_total_lipids_ratio_in_very_large_HDL__locus351	TRUE	TRUE	TRUE
Triglycerides_to_total_lipids_ratio_in_very_large_HDL__locus352	TRUE	TRUE	TRUE
Triglycerides_to_total_lipids_ratio_in_very_large_HDL__locus353	TRUE	TRUE	TRUE
Triglycerides_to_total_lipids_ratio_in_very_large_HDL__locus354	TRUE	TRUE	TRUE
Triglycerides_to_total_lipids_ratio_in_very_large_HDL__locus355	TRUE	TRUE	TRUE
Triglycerides_to_total_lipids_ratio_in_very_large_HDL__locus356	TRUE	TRUE	TRUE
Triglycerides_to_total_lipids_ratio_in_very_large_HDL__locus357	TRUE	TRUE	TRUE
Triglycerides_to_total_lipids_ratio_in_very_large_HDL__locus358	TRUE	TRUE	TRUE
Triglycerides_to_total_lipids_ratio_in_very_large_HDL__locus359	TRUE	TRUE	TRUE
Triglycerides_to_total_lipids_ratio_in_very_large_HDL__locus360	TRUE	TRUE	TRUE
Triglycerides_to_total_lipids_ratio_in_very_large_HDL__locus361	TRUE	TRUE	TRUE
Triglycerides_to_total_lipids_ratio_in_very_large_HDL__locus362	TRUE	TRUE	TRUE
Triglycerides_to_total_lipids_ratio_in_very_large_HDL__locus363	TRUE	TRUE	TRUE
Triglycerides_to_total_lipids_ratio_in_very_large_HDL__locus364	TRUE	TRUE	TRUE
Triglycerides_to_total_lipids_ratio_in_very_large_HDL__locus365	TRUE	TRUE	TRUE
Triglycerides_to_total_lipids_ratio_in_very_large_HDL__locus366	TRUE	TRUE	TRUE
Triglycerides_to_total_lipids_ratio_in_very_large_HDL__locus367	TRUE	TRUE	TRUE
Triglycerides_to_total_lipids_ratio_in_very_large_HDL__locus368	TRUE	TRUE	TRUE
Triglycerides_to_total_lipids_ratio_in_very_large_HDL__locus369	TRUE	TRUE	TRUE
Triglycerides_to_total_lipids_ratio_in_very_large_HDL__locus370	TRUE	TRUE	TRUE
Triglycerides_to_total_lipids_ratio_in_very_large_HDL__locus371	TRUE	TRUE	TRUE
Triglycerides_to_total_lipids_ratio_in_very_large_HDL__locus372	TRUE	TRUE	TRUE
Triglycerides_to_total_lipids_ratio_in_very_large_HDL__locus373	TRUE	TRUE	TRUE
Triglycerides_to_total_lipids_ratio_in_very_large_HDL__locus374	TRUE	TRUE	TRUE
Triglycerides_to_total_lipids_ratio_in_very_large_HDL__locus375	TRUE	TRUE	TRUE
Triglycerides_to_total_lipids_ratio_in_very_large_HDL__locus376	TRUE	TRUE	TRUE
Triglycerides_to_total_lipids_ratio_in_very_large_HDL__locus377	TRUE	TRUE	TRUE
Triglycerides_to_total_lipids_ratio_in_very_large_HDL__locus378	TRUE	TRUE	TRUE
Triglycerides_to_total_lipids_ratio_in_very_large_HDL__locus379	TRUE	TRUE	TRUE
Triglycerides_to_total_lipids_ratio_in_very_large_HDL__locus380	TRUE	TRUE	TRUE
Triglycerides_to_total_lipids_ratio_in_very_large_HDL__locus381	TRUE	TRUE	TRUE
Triglycerides_to_total_lipids_ratio_in_very_large_HDL__locus382	TRUE	TRUE	TRUE
Triglycerides_to_total_lipids_ratio_in_very_large_HDL__locus383	TRUE	TRUE	TRUE
Triglycerides_to_total_lipids_ratio_in_very_large_HDL__locus384	TRUE	TRUE	TRUE
Triglycerides_to_total_lipids_ratio_in_very_large_HDL__locus385	TRUE	TRUE	TRUE
Triglycerides_to_total_lipids_ratio_in_very_large_HDL__locus386	TRUE	TRUE	TRUE
Triglycerides_to_total_lipids_ratio_in_very_large_HDL__locus387	TRUE	TRUE	TRUE
Triglycerides_to_total_lipids_ratio_in_very_large_HDL__locus388	TRUE	TRUE	TRUE
Triglycerides_to_total_lipids_ratio_in_very_large_HDL__locus389	TRUE	TRUE	TRUE
Triglycerides_to_total_lipids_ratio_in_very_large_HDL__locus390	TRUE	TRUE	TRUE
Triglycerides_to_total_lipids_ratio_in_very_large_HDL__locus391	TRUE	TRUE	TRUE
Triglycerides_to_total_lipids_ratio_in_very_large_HDL__locus392	TRUE	TRUE	TRUE
Triglycerides_to_total_lipids_ratio_in_very_large_HDL__locus393	TRUE	TRUE	TRUE
Triglycerides_to_total_lipids_ratio_in_very_large_HDL__locus394	TRUE	TRUE	TRUE
Triglycerides_to_total_lipids_ratio_in_very_large_HDL__locus395	TRUE	TRUE	TRUE
Triglycerides_to_total_lipids_ratio_in_very_large_HDL__locus396	TRUE	TRUE	TRUE
Triglycerides_to_total_lipids_ratio_in_very_large_HDL__locus397	TRUE	TRUE	TRUE
Triglycerides_to_total_lipids_ratio_in_very_large_HDL__locus398	TRUE	TRUE	TRUE
Triglycerides_to_total_lipids_ratio_in_very_large_HDL__locus399	TRUE	TRUE	TRUE
Triglycerides_to_total_lipids_ratio_in_very_large_HDL__locus400	TRUE	TRUE	TRUE
Triglycerides_to_total_lipids_ratio_in_very_large_HDL__locus401	TRUE	TRUE	TRUE
Triglycerides_to_total_lipids_ratio_in_very_large_HDL__locus402	TRUE	TRUE	TRUE
Triglycerides_to_total_lipids_ratio_in_very_large_HDL__locus403	TRUE	TRUE	TRUE
Triglycerides_to_total_lipids_ratio_in_very_large_HDL__locus404	TRUE	TRUE	TRUE
Triglycerides_to_total_lipids_ratio_in_very_large_HDL__locus405	TRUE	TRUE	TRUE
Triglycerides_to_total_lipids_ratio_in_very_large_HDL__locus406	TRUE	TRUE	TRUE
Triglycerides_to_total_lipids_ratio_in_very_large_HDL__locus407	TRUE	TRUE	TRUE
Triglycerides_to_total_lipids_ratio_in_very_large_HDL__locus408	TRUE	TRUE	TRUE
Triglycerides_to_total_lipids_ratio_in_very_large_HDL__locus409	TRUE	TRUE	TRUE
Triglycerides_to_total_lipids_ratio_in_very_large_HDL__locus410	TRUE	TRUE	TRUE
Triglycerides_to_total_lipids_ratio_in_very_large_HDL__locus411	TRUE	TRUE	TRUE
Triglycerides_to_total_lipids_ratio_in_very_large_HDL__locus412	TRUE	TRUE	TRUE
Triglycerides_to_total_lipids_ratio_in_very_large_HDL__locus413	TRUE	TRUE	TRUE
Triglycerides_to_total_lipids_ratio_in_very_large_HDL__locus414	TRUE	TRUE	TRUE
Triglycerides_to_total_lipids_ratio_in_very_large_HDL__locus415	TRUE	TRUE	TRUE
Triglycerides_to_total_lipids_ratio_in_very_large_HDL__locus416	TRUE	TRUE	TRUE
Triglycerides_to_total_lipids_ratio_in_very_large_HDL__locus417	TRUE	TRUE	TRUE
Triglycerides_to_total_lipids_ratio_in_very_large_HDL__locus418	TRUE	TRUE	TRUE
Triglycerides_to_total_lipids_ratio_in_very_large_HDL__locus419	TRUE	TRUE	TRUE
Triglycerides_to_total_lipids_ratio_in_very_large_HDL__locus420	TRUE	TRUE	TRUE
Triglycerides_to_total_lipids_ratio_in_very_large_HDL__locus421	TRUE	TRUE	TRUE
Triglycerides_to_total_lipids_ratio_in_very_large_HDL__locus422	TRUE	TRUE	TRUE
Triglycerides_to_total_lipids_ratio_in_very_large_HDL__locus423	TRUE	TRUE	TRUE
Triglycerides_to_total_lipids_ratio_in_very_large_HDL__locus424	TRUE	TRUE	TRUE
Triglycerides_to_total_lipids_ratio_in_very_large_HDL__locus425	TRUE	TRUE	TRUE
Triglycerides_to_total_lipids_ratio_in_very_large_HDL__locus426	TRUE	TRUE	TRUE
Triglycerides_to_total_lipids_ratio_in_very_large_HDL__locus427	TRUE	TRUE	TRUE
Triglycerides_to_total_lipids_ratio_in_very_large_HDL__locus428	TRUE	TRUE	TRUE
Triglycerides_to_total_lipids_ratio_in_very_large_HDL__locus429	TRUE	TRUE	TRUE
Triglycerides_to_total_lipids_ratio_in_very_large_HDL__locus430	TRUE	TRUE	TRUE
Triglycerides_to_total_lipids_ratio_in_very_large_HDL__locus431	TRUE	TRUE	TRUE
Triglycerides_to_total_lipids_ratio_in_very_large_HDL__locus432	TRUE	TRUE	TRUE
Triglycerides_to_total_lipids_ratio_in_very_large_HDL__locus433	TRUE	TRUE	TRUE
Triglycerides_to_total_lipids_ratio_in_very_large_HDL__locus434	TRUE	TRUE	TRUE
Triglycerides_to_total_lipids_ratio_in_very_large_HDL__locus435	TRUE	TRUE	TRUE
Triglycerides_to_total_lipids_ratio_in_very_large_HDL__locus436	TRUE	TRUE	TRUE
Triglycerides_to_total_lipids_ratio_in_very_large_HDL__locus437	TRUE	TRUE	TRUE
Triglycerides_to_total_lipids_ratio_in_very_large_HDL__locus438	TRUE	TRUE	TRUE
Triglycerides_to_total_lipids_ratio_in_very_large_HDL__locus439	TRUE	TRUE	TRUE
Triglycerides_to_total_lipids_ratio_in_very_large_HDL__locus440	TRUE	TRUE	TRUE
Triglycerides_to_total_lipids_ratio_in_very_large_HDL__locus441	TRUE	TRUE	TRUE
Triglycerides_to_total_lipids_ratio_in_very_large_HDL__locus442	TRUE	TRUE	TRUE
Triglycerides_to_total_lipids_ratio_in_very_large_HDL__locus443	TRUE	TRUE	TRUE
Triglycerides_to_total_lipids_ratio_in_very_large_HDL__locus444	TRUE	TRUE	TRUE
Triglycerides_to_total_lipids_ratio_in_very_large_HDL__locus445	TRUE	TRUE	TRUE
Triglycerides_to_total_lipids_ratio_in_very_large_HDL__locus446	TRUE	TRUE	TRUE
Triglycerides_to_total_lipids_ratio_in_very_large_HDL__locus447	TRUE	TRUE	TRUE
Triglycerides_to_total_lipids_ratio_in_very_large_HDL__locus448	TRUE	TRUE	TRUE
Triglycerides_to_total_lipids_ratio_in_very_large_HDL__locus449	TRUE	TRUE	TRUE
Triglycerides_to_total_lipids_ratio_in_very_large_HDL__locus450	TRUE	TRUE	TRUE
Triglycerides_to_total_lipids_ratio_in_very_large_HDL__locus451	TRUE	TRUE	TRUE
Triglycerides_to_total_lipids_ratio_in_very_large_HDL__locus452	TRUE	TRUE	TRUE
Triglycerides_to_total_lipids_ratio_in_very_large_HDL__locus453	TRUE	TRUE	TRUE
Triglycerides_to_total_lipids_ratio_in_very_large_HDL__locus454	TRUE	TRUE	TRUE
Triglycerides_to_total_lipids_ratio_in_very_large_HDL__locus455	TRUE	TRUE	TRUE
Triglycerides_to_total_lipids_ratio_in_very_large_HDL__locus456	TRUE	TRUE	TRUE
Triglycerides_to_total_lipids_ratio_in_very_large_HDL__locus457	TRUE	TRUE	TRUE
Triglycerides_to_total_lipids_ratio_in_very_large_HDL__locus458	TRUE	TRUE	TRUE
Triglycerides_to_total_lipids_ratio_in_very_large_HDL__locus459	TRUE	TRUE	TRUE
Triglycerides_to_total_lipids_ratio_in_very_large_HDL__locus460	TRUE	TRUE	TRUE
Triglycerides_to_total_lipids_ratio_in_very_large_HDL__locus461	TRUE	TRUE	TRUE
Triglycerides_to_total_lipids_ratio_in_very_large_HDL__locus462	TRUE	TRUE	TRUE
Triglycerides_to_total_lipids_ratio_in_very_large_HDL__locus463	TRUE	TRUE	TRUE
Triglycerides_to_total_lipids_ratio_in_very_large_HDL__locus464	TRUE	TRUE	TRUE
Triglycerides_to_total_lipids_ratio_in_very_large_HDL__locus465	TRUE	TRUE	TRUE
Triglycerides_to_total_lipids_ratio_in_very_large_HDL__locus466	TRUE	TRUE	TRUE
Triglycerides_to_total_lipids_ratio_in_very_large_HDL__locus467	TRUE	TRUE	TRUE
Triglycerides_to_total_lipids_ratio_in_very_large_HDL__locus468	TRUE	TRUE	TRUE
Triglycerides_to_total_lipids_ratio_in_very_large_HDL__locus469	TRUE	TRUE	TRUE
Triglycerides_to_total_lipids_ratio_in_very_large_HDL__locus470	TRUE	TRUE	TRUE
Triglycerides_to_total_lipids_ratio_in_very_large_HDL__locus471	TRUE	TRUE	TRUE
Triglycerides_to_total_lipids_ratio_in_very_large_HDL__locus472	TRUE	TRUE	TRUE
Triglycerides_to_total_lipids_ratio_in_very_large_HDL__locus473	TRUE	TRUE	TRUE
Triglycerides_to_total_lipids_ratio_in_very_large_HDL__locus474	TRUE	TRUE	TRUE
Triglycerides_to_total_lipids_ratio_in_very_large_HDL__locus475	FALSE	FALSE	FALSE
Triglycerides_to_total_lipids_ratio_in_very_large_HDL__locus476	TRUE	TRUE	TRUE
Triglycerides_to_total_lipids_ratio_in_very_large_HDL__locus477	TRUE	TRUE	TRUE
Triglycerides_to_total_lipids_ratio_in_very_large_HDL__locus478	TRUE	TRUE	TRUE
Triglycerides_to_total_lipids_ratio_in_very_large_HDL__locus479	TRUE	TRUE	TRUE
Triglycerides_to_total_lipids_ratio_in_very_large_HDL__locus480	TRUE	TRUE	TRUE
Triglycerides_to_total_lipids_ratio_in_very_large_HDL__locus481	TRUE	TRUE	TRUE
Triglycerides_to_total_lipids_ratio_in_very_large_HDL__locus482	TRUE	TRUE	TRUE
Triglycerides_to_total_lipids_ratio_in_very_large_HDL__locus483	TRUE	TRUE	TRUE
Triglycerides_to_total_lipids_ratio_in_very_large_HDL__locus484	TRUE	TRUE	TRUE
Triglycerides_to_total_lipids_ratio_in_very_large_HDL__locus485	TRUE	TRUE	TRUE
Triglycerides_to_total_lipids_ratio_in_very_small_VLDL__locus001	TRUE	TRUE	TRUE
Triglycerides_to_total_lipids_ratio_in_very_small_VLDL__locus002	TRUE	TRUE	TRUE
Triglycerides_to_total_lipids_ratio_in_very_small_VLDL__locus003	TRUE	TRUE	TRUE
Triglycerides_to_total_lipids_ratio_in_very_small_VLDL__locus004	TRUE	TRUE	TRUE
Triglycerides_to_total_lipids_ratio_in_very_small_VLDL__locus005	TRUE	TRUE	TRUE
Triglycerides_to_total_lipids_ratio_in_very_small_VLDL__locus006	TRUE	TRUE	TRUE
Triglycerides_to_total_lipids_ratio_in_very_small_VLDL__locus007	TRUE	TRUE	TRUE
Triglycerides_to_total_lipids_ratio_in_very_small_VLDL__locus008	TRUE	TRUE	TRUE
Triglycerides_to_total_lipids_ratio_in_very_small_VLDL__locus009	TRUE	TRUE	TRUE
Triglycerides_to_total_lipids_ratio_in_very_small_VLDL__locus010	TRUE	TRUE	TRUE
Triglycerides_to_total_lipids_ratio_in_very_small_VLDL__locus011	TRUE	TRUE	TRUE
Triglycerides_to_total_lipids_ratio_in_very_small_VLDL__locus012	FALSE	FALSE	FALSE
Triglycerides_to_total_lipids_ratio_in_very_small_VLDL__locus013	TRUE	TRUE	TRUE
Triglycerides_to_total_lipids_ratio_in_very_small_VLDL__locus014	TRUE	TRUE	TRUE
Triglycerides_to_total_lipids_ratio_in_very_small_VLDL__locus015	TRUE	TRUE	TRUE
Triglycerides_to_total_lipids_ratio_in_very_small_VLDL__locus016	TRUE	TRUE	TRUE
Triglycerides_to_total_lipids_ratio_in_very_small_VLDL__locus017	TRUE	TRUE	TRUE
Triglycerides_to_total_lipids_ratio_in_very_small_VLDL__locus018	TRUE	TRUE	TRUE
Triglycerides_to_total_lipids_ratio_in_very_small_VLDL__locus019	TRUE	TRUE	TRUE
Triglycerides_to_total_lipids_ratio_in_very_small_VLDL__locus020	TRUE	TRUE	TRUE
Triglycerides_to_total_lipids_ratio_in_very_small_VLDL__locus021	TRUE	TRUE	TRUE
Triglycerides_to_total_lipids_ratio_in_very_small_VLDL__locus022	TRUE	TRUE	TRUE
Triglycerides_to_total_lipids_ratio_in_very_small_VLDL__locus023	TRUE	TRUE	TRUE
Triglycerides_to_total_lipids_ratio_in_very_small_VLDL__locus024	TRUE	TRUE	TRUE
Triglycerides_to_total_lipids_ratio_in_very_small_VLDL__locus025	TRUE	TRUE	TRUE
Triglycerides_to_total_lipids_ratio_in_very_small_VLDL__locus026	TRUE	TRUE	TRUE
Triglycerides_to_total_lipids_ratio_in_very_small_VLDL__locus027	TRUE	TRUE	TRUE
Triglycerides_to_total_lipids_ratio_in_very_small_VLDL__locus028	TRUE	TRUE	TRUE
Triglycerides_to_total_lipids_ratio_in_very_small_VLDL__locus029	TRUE	TRUE	TRUE
Triglycerides_to_total_lipids_ratio_in_very_small_VLDL__locus030	TRUE	TRUE	TRUE
Triglycerides_to_total_lipids_ratio_in_very_small_VLDL__locus031	TRUE	TRUE	TRUE
Triglycerides_to_total_lipids_ratio_in_very_small_VLDL__locus032	TRUE	TRUE	TRUE
Triglycerides_to_total_lipids_ratio_in_very_small_VLDL__locus033	TRUE	TRUE	TRUE
Triglycerides_to_total_lipids_ratio_in_very_small_VLDL__locus034	TRUE	TRUE	TRUE
Triglycerides_to_total_lipids_ratio_in_very_small_VLDL__locus035	TRUE	TRUE	TRUE
Triglycerides_to_total_lipids_ratio_in_very_small_VLDL__locus036	TRUE	TRUE	TRUE
Triglycerides_to_total_lipids_ratio_in_very_small_VLDL__locus037	TRUE	TRUE	TRUE
Triglycerides_to_total_lipids_ratio_in_very_small_VLDL__locus038	TRUE	TRUE	TRUE
Triglycerides_to_total_lipids_ratio_in_very_small_VLDL__locus039	TRUE	TRUE	TRUE
Triglycerides_to_total_lipids_ratio_in_very_small_VLDL__locus040	TRUE	TRUE	TRUE
Triglycerides_to_total_lipids_ratio_in_very_small_VLDL__locus041	TRUE	TRUE	TRUE
Triglycerides_to_total_lipids_ratio_in_very_small_VLDL__locus042	TRUE	TRUE	TRUE
Triglycerides_to_total_lipids_ratio_in_very_small_VLDL__locus043	TRUE	TRUE	TRUE
Triglycerides_to_total_lipids_ratio_in_very_small_VLDL__locus044	TRUE	TRUE	TRUE
Triglycerides_to_total_lipids_ratio_in_very_small_VLDL__locus045	TRUE	TRUE	TRUE
Triglycerides_to_total_lipids_ratio_in_very_small_VLDL__locus046	TRUE	TRUE	TRUE
Triglycerides_to_total_lipids_ratio_in_very_small_VLDL__locus047	TRUE	TRUE	TRUE
Triglycerides_to_total_lipids_ratio_in_very_small_VLDL__locus048	TRUE	TRUE	TRUE
Triglycerides_to_total_lipids_ratio_in_very_small_VLDL__locus049	TRUE	TRUE	TRUE
Triglycerides_to_total_lipids_ratio_in_very_small_VLDL__locus050	TRUE	TRUE	TRUE
Triglycerides_to_total_lipids_ratio_in_very_small_VLDL__locus051	TRUE	TRUE	TRUE
Triglycerides_to_total_lipids_ratio_in_very_small_VLDL__locus052	TRUE	TRUE	TRUE
Triglycerides_to_total_lipids_ratio_in_very_small_VLDL__locus053	TRUE	TRUE	TRUE
Triglycerides_to_total_lipids_ratio_in_very_small_VLDL__locus054	TRUE	TRUE	TRUE
Triglycerides_to_total_lipids_ratio_in_very_small_VLDL__locus055	TRUE	TRUE	TRUE
Triglycerides_to_total_lipids_ratio_in_very_small_VLDL__locus056	TRUE	TRUE	TRUE
Triglycerides_to_total_lipids_ratio_in_very_small_VLDL__locus057	TRUE	TRUE	TRUE
Triglycerides_to_total_lipids_ratio_in_very_small_VLDL__locus058	TRUE	TRUE	TRUE
Triglycerides_to_total_lipids_ratio_in_very_small_VLDL__locus059	TRUE	TRUE	TRUE
Triglycerides_to_total_lipids_ratio_in_very_small_VLDL__locus060	TRUE	TRUE	TRUE
Triglycerides_to_total_lipids_ratio_in_very_small_VLDL__locus061	TRUE	TRUE	TRUE
Triglycerides_to_total_lipids_ratio_in_very_small_VLDL__locus062	TRUE	TRUE	TRUE
Triglycerides_to_total_lipids_ratio_in_very_small_VLDL__locus063	TRUE	TRUE	TRUE
Triglycerides_to_total_lipids_ratio_in_very_small_VLDL__locus064	TRUE	TRUE	TRUE
Triglycerides_to_total_lipids_ratio_in_very_small_VLDL__locus065	TRUE	TRUE	TRUE
Triglycerides_to_total_lipids_ratio_in_very_small_VLDL__locus066	TRUE	TRUE	TRUE
Triglycerides_to_total_lipids_ratio_in_very_small_VLDL__locus067	TRUE	TRUE	TRUE
Triglycerides_to_total_lipids_ratio_in_very_small_VLDL__locus068	TRUE	TRUE	TRUE
Triglycerides_to_total_lipids_ratio_in_very_small_VLDL__locus069	TRUE	TRUE	TRUE
Triglycerides_to_total_lipids_ratio_in_very_small_VLDL__locus070	TRUE	TRUE	TRUE
Triglycerides_to_total_lipids_ratio_in_very_small_VLDL__locus071	TRUE	TRUE	TRUE
Triglycerides_to_total_lipids_ratio_in_very_small_VLDL__locus072	TRUE	TRUE	TRUE
Triglycerides_to_total_lipids_ratio_in_very_small_VLDL__locus073	TRUE	TRUE	TRUE
Triglycerides_to_total_lipids_ratio_in_very_small_VLDL__locus074	TRUE	TRUE	TRUE
Triglycerides_to_total_lipids_ratio_in_very_small_VLDL__locus075	TRUE	TRUE	TRUE
Triglycerides_to_total_lipids_ratio_in_very_small_VLDL__locus076	TRUE	TRUE	TRUE
Triglycerides_to_total_lipids_ratio_in_very_small_VLDL__locus077	TRUE	TRUE	TRUE
Triglycerides_to_total_lipids_ratio_in_very_small_VLDL__locus078	TRUE	TRUE	TRUE
Triglycerides_to_total_lipids_ratio_in_very_small_VLDL__locus079	TRUE	TRUE	TRUE
Triglycerides_to_total_lipids_ratio_in_very_small_VLDL__locus080	TRUE	TRUE	TRUE
Triglycerides_to_total_lipids_ratio_in_very_small_VLDL__locus081	TRUE	TRUE	TRUE
Triglycerides_to_total_lipids_ratio_in_very_small_VLDL__locus082	TRUE	TRUE	TRUE
Triglycerides_to_total_lipids_ratio_in_very_small_VLDL__locus083	TRUE	TRUE	TRUE
Triglycerides_to_total_lipids_ratio_in_very_small_VLDL__locus084	TRUE	TRUE	TRUE
Triglycerides_to_total_lipids_ratio_in_very_small_VLDL__locus085	TRUE	TRUE	TRUE
Triglycerides_to_total_lipids_ratio_in_very_small_VLDL__locus086	TRUE	TRUE	TRUE
Triglycerides_to_total_lipids_ratio_in_very_small_VLDL__locus087	TRUE	TRUE	TRUE
Triglycerides_to_total_lipids_ratio_in_very_small_VLDL__locus088	FALSE	FALSE	FALSE
Triglycerides_to_total_lipids_ratio_in_very_small_VLDL__locus089	TRUE	TRUE	TRUE
Triglycerides_to_total_lipids_ratio_in_very_small_VLDL__locus090	TRUE	TRUE	TRUE
Triglycerides_to_total_lipids_ratio_in_very_small_VLDL__locus091	TRUE	TRUE	TRUE
Triglycerides_to_total_lipids_ratio_in_very_small_VLDL__locus092	TRUE	TRUE	TRUE
Triglycerides_to_total_lipids_ratio_in_very_small_VLDL__locus093	TRUE	TRUE	TRUE
Triglycerides_to_total_lipids_ratio_in_very_small_VLDL__locus094	TRUE	TRUE	TRUE
Triglycerides_to_total_lipids_ratio_in_very_small_VLDL__locus095	TRUE	TRUE	TRUE
Triglycerides_to_total_lipids_ratio_in_very_small_VLDL__locus096	TRUE	TRUE	TRUE
Triglycerides_to_total_lipids_ratio_in_very_small_VLDL__locus097	TRUE	TRUE	TRUE
Triglycerides_to_total_lipids_ratio_in_very_small_VLDL__locus098	TRUE	TRUE	TRUE
Triglycerides_to_total_lipids_ratio_in_very_small_VLDL__locus099	TRUE	TRUE	TRUE
Triglycerides_to_total_lipids_ratio_in_very_small_VLDL__locus100	TRUE	TRUE	TRUE
Triglycerides_to_total_lipids_ratio_in_very_small_VLDL__locus101	TRUE	TRUE	TRUE
Triglycerides_to_total_lipids_ratio_in_very_small_VLDL__locus102	TRUE	TRUE	TRUE
Triglycerides_to_total_lipids_ratio_in_very_small_VLDL__locus103	TRUE	TRUE	TRUE
Triglycerides_to_total_lipids_ratio_in_very_small_VLDL__locus104	TRUE	TRUE	TRUE
Triglycerides_to_total_lipids_ratio_in_very_small_VLDL__locus105	TRUE	TRUE	TRUE
Triglycerides_to_total_lipids_ratio_in_very_small_VLDL__locus106	TRUE	TRUE	TRUE
Triglycerides_to_total_lipids_ratio_in_very_small_VLDL__locus107	TRUE	TRUE	TRUE
Triglycerides_to_total_lipids_ratio_in_very_small_VLDL__locus108	TRUE	TRUE	TRUE
Triglycerides_to_total_lipids_ratio_in_very_small_VLDL__locus109	TRUE	TRUE	TRUE
Triglycerides_to_total_lipids_ratio_in_very_small_VLDL__locus110	TRUE	TRUE	TRUE
Triglycerides_to_total_lipids_ratio_in_very_small_VLDL__locus111	TRUE	TRUE	TRUE
Triglycerides_to_total_lipids_ratio_in_very_small_VLDL__locus112	TRUE	TRUE	TRUE
Triglycerides_to_total_lipids_ratio_in_very_small_VLDL__locus113	TRUE	TRUE	TRUE
Triglycerides_to_total_lipids_ratio_in_very_small_VLDL__locus114	TRUE	TRUE	TRUE
Triglycerides_to_total_lipids_ratio_in_very_small_VLDL__locus115	TRUE	TRUE	TRUE
Triglycerides_to_total_lipids_ratio_in_very_small_VLDL__locus116	TRUE	TRUE	TRUE
Triglycerides_to_total_lipids_ratio_in_very_small_VLDL__locus117	TRUE	TRUE	TRUE
Triglycerides_to_total_lipids_ratio_in_very_small_VLDL__locus118	TRUE	TRUE	TRUE
Triglycerides_to_total_lipids_ratio_in_very_small_VLDL__locus119	TRUE	TRUE	TRUE
Triglycerides_to_total_lipids_ratio_in_very_small_VLDL__locus120	TRUE	TRUE	TRUE
Triglycerides_to_total_lipids_ratio_in_very_small_VLDL__locus121	TRUE	TRUE	TRUE
Triglycerides_to_total_lipids_ratio_in_very_small_VLDL__locus122	TRUE	TRUE	TRUE
Triglycerides_to_total_lipids_ratio_in_very_small_VLDL__locus123	TRUE	TRUE	TRUE
Triglycerides_to_total_lipids_ratio_in_very_small_VLDL__locus124	TRUE	TRUE	TRUE
Triglycerides_to_total_lipids_ratio_in_very_small_VLDL__locus125	TRUE	TRUE	TRUE
Triglycerides_to_total_lipids_ratio_in_very_small_VLDL__locus126	TRUE	TRUE	TRUE
Triglycerides_to_total_lipids_ratio_in_very_small_VLDL__locus127	TRUE	TRUE	TRUE
Triglycerides_to_total_lipids_ratio_in_very_small_VLDL__locus128	TRUE	TRUE	TRUE
Triglycerides_to_total_lipids_ratio_in_very_small_VLDL__locus129	TRUE	TRUE	TRUE
Triglycerides_to_total_lipids_ratio_in_very_small_VLDL__locus130	TRUE	TRUE	TRUE
Triglycerides_to_total_lipids_ratio_in_very_small_VLDL__locus131	TRUE	TRUE	TRUE
Triglycerides_to_total_lipids_ratio_in_very_small_VLDL__locus132	TRUE	TRUE	TRUE
Triglycerides_to_total_lipids_ratio_in_very_small_VLDL__locus133	TRUE	TRUE	TRUE
Triglycerides_to_total_lipids_ratio_in_very_small_VLDL__locus134	TRUE	TRUE	TRUE
Triglycerides_to_total_lipids_ratio_in_very_small_VLDL__locus135	TRUE	TRUE	TRUE
Triglycerides_to_total_lipids_ratio_in_very_small_VLDL__locus136	TRUE	TRUE	TRUE
Triglycerides_to_total_lipids_ratio_in_very_small_VLDL__locus137	TRUE	TRUE	TRUE
Triglycerides_to_total_lipids_ratio_in_very_small_VLDL__locus138	TRUE	TRUE	TRUE
Triglycerides_to_total_lipids_ratio_in_very_small_VLDL__locus139	TRUE	TRUE	TRUE
Triglycerides_to_total_lipids_ratio_in_very_small_VLDL__locus140	TRUE	TRUE	TRUE
Triglycerides_to_total_lipids_ratio_in_very_small_VLDL__locus141	TRUE	TRUE	TRUE
Triglycerides_to_total_lipids_ratio_in_very_small_VLDL__locus142	TRUE	TRUE	TRUE
Triglycerides_to_total_lipids_ratio_in_very_small_VLDL__locus143	TRUE	TRUE	TRUE
Triglycerides_to_total_lipids_ratio_in_very_small_VLDL__locus144	TRUE	TRUE	TRUE
Triglycerides_to_total_lipids_ratio_in_very_small_VLDL__locus145	TRUE	TRUE	TRUE
Triglycerides_to_total_lipids_ratio_in_very_small_VLDL__locus146	TRUE	TRUE	TRUE
Triglycerides_to_total_lipids_ratio_in_very_small_VLDL__locus147	TRUE	TRUE	TRUE
Triglycerides_to_total_lipids_ratio_in_very_small_VLDL__locus148	TRUE	TRUE	TRUE
Triglycerides_to_total_lipids_ratio_in_very_small_VLDL__locus149	TRUE	TRUE	TRUE
Triglycerides_to_total_lipids_ratio_in_very_small_VLDL__locus150	TRUE	TRUE	TRUE
Triglycerides_to_total_lipids_ratio_in_very_small_VLDL__locus151	TRUE	TRUE	TRUE
Triglycerides_to_total_lipids_ratio_in_very_small_VLDL__locus152	TRUE	TRUE	TRUE
Triglycerides_to_total_lipids_ratio_in_very_small_VLDL__locus153	TRUE	TRUE	TRUE
Triglycerides_to_total_lipids_ratio_in_very_small_VLDL__locus154	TRUE	TRUE	TRUE
Triglycerides_to_total_lipids_ratio_in_very_small_VLDL__locus155	TRUE	TRUE	TRUE
Triglycerides_to_total_lipids_ratio_in_very_small_VLDL__locus156	TRUE	TRUE	TRUE
Triglycerides_to_total_lipids_ratio_in_very_small_VLDL__locus157	TRUE	TRUE	TRUE
Triglycerides_to_total_lipids_ratio_in_very_small_VLDL__locus158	TRUE	TRUE	TRUE
Triglycerides_to_total_lipids_ratio_in_very_small_VLDL__locus159	TRUE	TRUE	TRUE
Triglycerides_to_total_lipids_ratio_in_very_small_VLDL__locus160	TRUE	TRUE	TRUE
Triglycerides_to_total_lipids_ratio_in_very_small_VLDL__locus161	TRUE	TRUE	TRUE
Triglycerides_to_total_lipids_ratio_in_very_small_VLDL__locus162	TRUE	TRUE	TRUE
Triglycerides_to_total_lipids_ratio_in_very_small_VLDL__locus163	TRUE	TRUE	TRUE
Triglycerides_to_total_lipids_ratio_in_very_small_VLDL__locus164	TRUE	TRUE	TRUE
Triglycerides_to_total_lipids_ratio_in_very_small_VLDL__locus165	TRUE	TRUE	TRUE
Triglycerides_to_total_lipids_ratio_in_very_small_VLDL__locus166	TRUE	TRUE	TRUE
Triglycerides_to_total_lipids_ratio_in_very_small_VLDL__locus167	TRUE	TRUE	TRUE
Triglycerides_to_total_lipids_ratio_in_very_small_VLDL__locus168	TRUE	TRUE	TRUE
Triglycerides_to_total_lipids_ratio_in_very_small_VLDL__locus169	TRUE	TRUE	TRUE
Triglycerides_to_total_lipids_ratio_in_very_small_VLDL__locus170	TRUE	TRUE	TRUE
Triglycerides_to_total_lipids_ratio_in_very_small_VLDL__locus171	TRUE	TRUE	TRUE
Triglycerides_to_total_lipids_ratio_in_very_small_VLDL__locus172	TRUE	TRUE	TRUE
Triglycerides_to_total_lipids_ratio_in_very_small_VLDL__locus173	TRUE	TRUE	TRUE
Triglycerides_to_total_lipids_ratio_in_very_small_VLDL__locus174	TRUE	TRUE	TRUE
Triglycerides_to_total_lipids_ratio_in_very_small_VLDL__locus175	TRUE	TRUE	TRUE
Triglycerides_to_total_lipids_ratio_in_very_small_VLDL__locus176	TRUE	TRUE	TRUE
Triglycerides_to_total_lipids_ratio_in_very_small_VLDL__locus177	TRUE	TRUE	TRUE
Triglycerides_to_total_lipids_ratio_in_very_small_VLDL__locus178	TRUE	TRUE	TRUE
Triglycerides_to_total_lipids_ratio_in_very_small_VLDL__locus179	TRUE	TRUE	TRUE
Triglycerides_to_total_lipids_ratio_in_very_small_VLDL__locus180	TRUE	TRUE	TRUE
Triglycerides_to_total_lipids_ratio_in_very_small_VLDL__locus181	TRUE	TRUE	TRUE
Triglycerides_to_total_lipids_ratio_in_very_small_VLDL__locus182	TRUE	TRUE	TRUE
Triglycerides_to_total_lipids_ratio_in_very_small_VLDL__locus183	TRUE	TRUE	TRUE
Triglycerides_to_total_lipids_ratio_in_very_small_VLDL__locus184	TRUE	TRUE	TRUE
Triglycerides_to_total_lipids_ratio_in_very_small_VLDL__locus185	TRUE	TRUE	TRUE
Triglycerides_to_total_lipids_ratio_in_very_small_VLDL__locus186	TRUE	TRUE	TRUE
Triglycerides_to_total_lipids_ratio_in_very_small_VLDL__locus187	TRUE	TRUE	TRUE
Triglycerides_to_total_lipids_ratio_in_very_small_VLDL__locus188	TRUE	TRUE	TRUE
Triglycerides_to_total_lipids_ratio_in_very_small_VLDL__locus189	TRUE	TRUE	TRUE
Triglycerides_to_total_lipids_ratio_in_very_small_VLDL__locus190	TRUE	TRUE	TRUE
Triglycerides_to_total_lipids_ratio_in_very_small_VLDL__locus191	TRUE	TRUE	TRUE
Triglycerides_to_total_lipids_ratio_in_very_small_VLDL__locus192	TRUE	TRUE	TRUE
Triglycerides_to_total_lipids_ratio_in_very_small_VLDL__locus193	TRUE	TRUE	TRUE
Triglycerides_to_total_lipids_ratio_in_very_small_VLDL__locus194	TRUE	TRUE	TRUE
Triglycerides_to_total_lipids_ratio_in_very_small_VLDL__locus195	TRUE	TRUE	TRUE
Triglycerides_to_total_lipids_ratio_in_very_small_VLDL__locus196	TRUE	TRUE	TRUE
Triglycerides_to_total_lipids_ratio_in_very_small_VLDL__locus197	TRUE	TRUE	TRUE
Triglycerides_to_total_lipids_ratio_in_very_small_VLDL__locus198	TRUE	TRUE	TRUE
Triglycerides_to_total_lipids_ratio_in_very_small_VLDL__locus199	FALSE	FALSE	FALSE
Triglycerides_to_total_lipids_ratio_in_very_small_VLDL__locus200	TRUE	TRUE	TRUE
Triglycerides_to_total_lipids_ratio_in_very_small_VLDL__locus201	TRUE	TRUE	TRUE
Triglycerides_to_total_lipids_ratio_in_very_small_VLDL__locus202	TRUE	TRUE	TRUE
Triglycerides_to_total_lipids_ratio_in_very_small_VLDL__locus203	TRUE	TRUE	TRUE
Triglycerides_to_total_lipids_ratio_in_very_small_VLDL__locus204	TRUE	TRUE	TRUE
Triglycerides_to_total_lipids_ratio_in_very_small_VLDL__locus205	TRUE	TRUE	TRUE
Triglycerides_to_total_lipids_ratio_in_very_small_VLDL__locus206	TRUE	TRUE	TRUE
Triglycerides_to_total_lipids_ratio_in_very_small_VLDL__locus207	TRUE	TRUE	TRUE
Triglycerides_to_total_lipids_ratio_in_very_small_VLDL__locus208	TRUE	TRUE	TRUE
Triglycerides_to_total_lipids_ratio_in_very_small_VLDL__locus209	TRUE	TRUE	TRUE
Triglycerides_to_total_lipids_ratio_in_very_small_VLDL__locus210	TRUE	TRUE	TRUE
Triglycerides_to_total_lipids_ratio_in_very_small_VLDL__locus211	TRUE	TRUE	TRUE
Triglycerides_to_total_lipids_ratio_in_very_small_VLDL__locus212	TRUE	TRUE	TRUE
Triglycerides_to_total_lipids_ratio_in_very_small_VLDL__locus213	TRUE	TRUE	TRUE
Triglycerides_to_total_lipids_ratio_in_very_small_VLDL__locus214	TRUE	TRUE	TRUE
Triglycerides_to_total_lipids_ratio_in_very_small_VLDL__locus215	TRUE	TRUE	TRUE
Triglycerides_to_total_lipids_ratio_in_very_small_VLDL__locus216	TRUE	TRUE	TRUE
Triglycerides_to_total_lipids_ratio_in_very_small_VLDL__locus217	TRUE	TRUE	TRUE
Triglycerides_to_total_lipids_ratio_in_very_small_VLDL__locus218	TRUE	TRUE	TRUE
Triglycerides_to_total_lipids_ratio_in_very_small_VLDL__locus219	TRUE	TRUE	TRUE
Triglycerides_to_total_lipids_ratio_in_very_small_VLDL__locus220	TRUE	TRUE	TRUE
Triglycerides_to_total_lipids_ratio_in_very_small_VLDL__locus221	TRUE	TRUE	TRUE
Triglycerides_to_total_lipids_ratio_in_very_small_VLDL__locus222	TRUE	TRUE	TRUE
Triglycerides_to_total_lipids_ratio_in_very_small_VLDL__locus223	TRUE	TRUE	TRUE
Triglycerides_to_total_lipids_ratio_in_very_small_VLDL__locus224	TRUE	TRUE	TRUE
Triglycerides_to_total_lipids_ratio_in_very_small_VLDL__locus225	TRUE	TRUE	TRUE
Triglycerides_to_total_lipids_ratio_in_very_small_VLDL__locus226	TRUE	TRUE	TRUE
Triglycerides_to_total_lipids_ratio_in_very_small_VLDL__locus227	TRUE	TRUE	TRUE
Triglycerides_to_total_lipids_ratio_in_very_small_VLDL__locus228	TRUE	TRUE	TRUE
Triglycerides_to_total_lipids_ratio_in_very_small_VLDL__locus229	TRUE	TRUE	TRUE
Triglycerides_to_total_lipids_ratio_in_very_small_VLDL__locus230	TRUE	TRUE	TRUE
Triglycerides_to_total_lipids_ratio_in_very_small_VLDL__locus231	TRUE	TRUE	TRUE
Triglycerides_to_total_lipids_ratio_in_very_small_VLDL__locus232	TRUE	TRUE	TRUE
Triglycerides_to_total_lipids_ratio_in_very_small_VLDL__locus233	TRUE	TRUE	TRUE
Triglycerides_to_total_lipids_ratio_in_very_small_VLDL__locus234	TRUE	TRUE	TRUE
Triglycerides_to_total_lipids_ratio_in_very_small_VLDL__locus235	TRUE	TRUE	TRUE
Triglycerides_to_total_lipids_ratio_in_very_small_VLDL__locus236	TRUE	TRUE	TRUE
Triglycerides_to_total_lipids_ratio_in_very_small_VLDL__locus237	TRUE	TRUE	TRUE
Triglycerides_to_total_lipids_ratio_in_very_small_VLDL__locus238	TRUE	TRUE	TRUE
Triglycerides_to_total_lipids_ratio_in_very_small_VLDL__locus239	TRUE	TRUE	TRUE
Triglycerides_to_total_lipids_ratio_in_very_small_VLDL__locus240	TRUE	TRUE	TRUE
Triglycerides_to_total_lipids_ratio_in_very_small_VLDL__locus241	TRUE	TRUE	TRUE
Triglycerides_to_total_lipids_ratio_in_very_small_VLDL__locus242	TRUE	TRUE	TRUE
Triglycerides_to_total_lipids_ratio_in_very_small_VLDL__locus243	TRUE	TRUE	TRUE
Triglycerides_to_total_lipids_ratio_in_very_small_VLDL__locus244	TRUE	TRUE	TRUE
Triglycerides_to_total_lipids_ratio_in_very_small_VLDL__locus245	TRUE	TRUE	TRUE
Triglycerides_to_total_lipids_ratio_in_very_small_VLDL__locus246	TRUE	TRUE	TRUE
Triglycerides_to_total_lipids_ratio_in_very_small_VLDL__locus247	TRUE	TRUE	TRUE
Triglycerides_to_total_lipids_ratio_in_very_small_VLDL__locus248	TRUE	TRUE	TRUE
Triglycerides_to_total_lipids_ratio_in_very_small_VLDL__locus249	TRUE	TRUE	TRUE
Triglycerides_to_total_lipids_ratio_in_very_small_VLDL__locus250	TRUE	TRUE	TRUE
Triglycerides_to_total_lipids_ratio_in_very_small_VLDL__locus251	TRUE	TRUE	TRUE
Triglycerides_to_total_lipids_ratio_in_very_small_VLDL__locus252	TRUE	TRUE	TRUE
Triglycerides_to_total_lipids_ratio_in_very_small_VLDL__locus253	TRUE	TRUE	TRUE
Triglycerides_to_total_lipids_ratio_in_very_small_VLDL__locus254	TRUE	TRUE	TRUE
Triglycerides_to_total_lipids_ratio_in_very_small_VLDL__locus255	TRUE	TRUE	TRUE
Triglycerides_to_total_lipids_ratio_in_very_small_VLDL__locus256	TRUE	TRUE	TRUE
Triglycerides_to_total_lipids_ratio_in_very_small_VLDL__locus257	TRUE	TRUE	TRUE
Triglycerides_to_total_lipids_ratio_in_very_small_VLDL__locus258	TRUE	TRUE	TRUE
Triglycerides_to_total_lipids_ratio_in_very_small_VLDL__locus259	TRUE	TRUE	TRUE
Triglycerides_to_total_lipids_ratio_in_very_small_VLDL__locus260	TRUE	TRUE	TRUE
Triglycerides_to_total_lipids_ratio_in_very_small_VLDL__locus261	TRUE	TRUE	TRUE
Triglycerides_to_total_lipids_ratio_in_very_small_VLDL__locus262	TRUE	TRUE	TRUE
Triglycerides_to_total_lipids_ratio_in_very_small_VLDL__locus263	TRUE	TRUE	TRUE
Triglycerides_to_total_lipids_ratio_in_very_small_VLDL__locus264	TRUE	TRUE	TRUE
Triglycerides_to_total_lipids_ratio_in_very_small_VLDL__locus265	TRUE	TRUE	TRUE
Triglycerides_to_total_lipids_ratio_in_very_small_VLDL__locus266	TRUE	TRUE	TRUE
Triglycerides_to_total_lipids_ratio_in_very_small_VLDL__locus267	TRUE	TRUE	TRUE
Triglycerides_to_total_lipids_ratio_in_very_small_VLDL__locus268	TRUE	TRUE	TRUE
Triglycerides_to_total_lipids_ratio_in_very_small_VLDL__locus269	TRUE	TRUE	TRUE
Triglycerides_to_total_lipids_ratio_in_very_small_VLDL__locus270	TRUE	TRUE	TRUE
Triglycerides_to_total_lipids_ratio_in_very_small_VLDL__locus271	TRUE	TRUE	TRUE
Triglycerides_to_total_lipids_ratio_in_very_small_VLDL__locus272	TRUE	TRUE	TRUE
Triglycerides_to_total_lipids_ratio_in_very_small_VLDL__locus273	TRUE	TRUE	TRUE
Triglycerides_to_total_lipids_ratio_in_very_small_VLDL__locus274	TRUE	TRUE	TRUE
Triglycerides_to_total_lipids_ratio_in_very_small_VLDL__locus275	TRUE	TRUE	TRUE
Triglycerides_to_total_lipids_ratio_in_very_small_VLDL__locus276	TRUE	TRUE	TRUE
Triglycerides_to_total_lipids_ratio_in_very_small_VLDL__locus277	TRUE	TRUE	TRUE
Triglycerides_to_total_lipids_ratio_in_very_small_VLDL__locus278	TRUE	TRUE	TRUE
Triglycerides_to_total_lipids_ratio_in_very_small_VLDL__locus279	TRUE	TRUE	TRUE
Triglycerides_to_total_lipids_ratio_in_very_small_VLDL__locus280	TRUE	TRUE	TRUE
Triglycerides_to_total_lipids_ratio_in_very_small_VLDL__locus281	TRUE	TRUE	TRUE
Triglycerides_to_total_lipids_ratio_in_very_small_VLDL__locus282	TRUE	TRUE	TRUE
Triglycerides_to_total_lipids_ratio_in_very_small_VLDL__locus283	TRUE	TRUE	TRUE
Triglycerides_to_total_lipids_ratio_in_very_small_VLDL__locus284	TRUE	TRUE	TRUE
Triglycerides_to_total_lipids_ratio_in_very_small_VLDL__locus285	TRUE	TRUE	TRUE
Triglycerides_to_total_lipids_ratio_in_very_small_VLDL__locus286	TRUE	TRUE	TRUE
Triglycerides_to_total_lipids_ratio_in_very_small_VLDL__locus287	TRUE	TRUE	TRUE
Triglycerides_to_total_lipids_ratio_in_very_small_VLDL__locus288	TRUE	TRUE	TRUE
Triglycerides_to_total_lipids_ratio_in_very_small_VLDL__locus289	TRUE	TRUE	TRUE
Triglycerides_to_total_lipids_ratio_in_very_small_VLDL__locus290	TRUE	TRUE	TRUE
Triglycerides_to_total_lipids_ratio_in_very_small_VLDL__locus291	TRUE	TRUE	TRUE
Triglycerides_to_total_lipids_ratio_in_very_small_VLDL__locus292	TRUE	TRUE	TRUE
Triglycerides_to_total_lipids_ratio_in_very_small_VLDL__locus293	TRUE	TRUE	TRUE
Triglycerides_to_total_lipids_ratio_in_very_small_VLDL__locus294	TRUE	TRUE	TRUE
Triglycerides_to_total_lipids_ratio_in_very_small_VLDL__locus295	TRUE	TRUE	TRUE
Triglycerides_to_total_lipids_ratio_in_very_small_VLDL__locus296	TRUE	TRUE	TRUE
Triglycerides_to_total_lipids_ratio_in_very_small_VLDL__locus297	TRUE	TRUE	TRUE
Triglycerides_to_total_lipids_ratio_in_very_small_VLDL__locus298	TRUE	TRUE	TRUE
Triglycerides_to_total_lipids_ratio_in_very_small_VLDL__locus299	TRUE	TRUE	TRUE
Triglycerides_to_total_lipids_ratio_in_very_small_VLDL__locus300	TRUE	TRUE	TRUE
Triglycerides_to_total_lipids_ratio_in_very_small_VLDL__locus301	TRUE	TRUE	TRUE
Triglycerides_to_total_lipids_ratio_in_very_small_VLDL__locus302	TRUE	TRUE	TRUE
Triglycerides_to_total_lipids_ratio_in_very_small_VLDL__locus303	TRUE	TRUE	TRUE
Triglycerides_to_total_lipids_ratio_in_very_small_VLDL__locus304	TRUE	TRUE	TRUE
Triglycerides_to_total_lipids_ratio_in_very_small_VLDL__locus305	TRUE	TRUE	TRUE
Triglycerides_to_total_lipids_ratio_in_very_small_VLDL__locus306	TRUE	TRUE	TRUE
Triglycerides_to_total_lipids_ratio_in_very_small_VLDL__locus307	TRUE	TRUE	TRUE
Triglycerides_to_total_lipids_ratio_in_very_small_VLDL__locus308	TRUE	TRUE	TRUE
Triglycerides_to_total_lipids_ratio_in_very_small_VLDL__locus309	TRUE	TRUE	TRUE
Triglycerides_to_total_lipids_ratio_in_very_small_VLDL__locus310	TRUE	TRUE	TRUE
Triglycerides_to_total_lipids_ratio_in_very_small_VLDL__locus311	TRUE	TRUE	TRUE
Triglycerides_to_total_lipids_ratio_in_very_small_VLDL__locus312	TRUE	TRUE	TRUE
Triglycerides_to_total_lipids_ratio_in_very_small_VLDL__locus313	TRUE	TRUE	TRUE
Triglycerides_to_total_lipids_ratio_in_very_small_VLDL__locus314	TRUE	TRUE	TRUE
Triglycerides_to_total_lipids_ratio_in_very_small_VLDL__locus315	TRUE	TRUE	TRUE
Triglycerides_to_total_lipids_ratio_in_very_small_VLDL__locus316	TRUE	TRUE	TRUE
Triglycerides_to_total_lipids_ratio_in_very_small_VLDL__locus317	TRUE	TRUE	TRUE
Triglycerides_to_total_lipids_ratio_in_very_small_VLDL__locus318	TRUE	TRUE	TRUE
Triglycerides_to_total_lipids_ratio_in_very_small_VLDL__locus319	TRUE	TRUE	TRUE
Triglycerides_to_total_lipids_ratio_in_very_small_VLDL__locus320	TRUE	TRUE	TRUE
Triglycerides_to_total_lipids_ratio_in_very_small_VLDL__locus321	TRUE	TRUE	TRUE
Triglycerides_to_total_lipids_ratio_in_very_small_VLDL__locus322	TRUE	TRUE	TRUE
Triglycerides_to_total_lipids_ratio_in_very_small_VLDL__locus323	TRUE	TRUE	TRUE
Triglycerides_to_total_lipids_ratio_in_very_small_VLDL__locus324	TRUE	TRUE	TRUE
Triglycerides_to_total_lipids_ratio_in_very_small_VLDL__locus325	TRUE	TRUE	TRUE
Triglycerides_to_total_lipids_ratio_in_very_small_VLDL__locus326	TRUE	TRUE	TRUE
Triglycerides_to_total_lipids_ratio_in_very_small_VLDL__locus327	TRUE	TRUE	TRUE
Triglycerides_to_total_lipids_ratio_in_very_small_VLDL__locus328	TRUE	TRUE	TRUE
Triglycerides_to_total_lipids_ratio_in_very_small_VLDL__locus329	TRUE	TRUE	TRUE
Triglycerides_to_total_lipids_ratio_in_very_small_VLDL__locus330	TRUE	TRUE	TRUE
Triglycerides_to_total_lipids_ratio_in_very_small_VLDL__locus331	TRUE	TRUE	TRUE
Triglycerides_to_total_lipids_ratio_in_very_small_VLDL__locus332	TRUE	TRUE	TRUE
Triglycerides_to_total_lipids_ratio_in_very_small_VLDL__locus333	TRUE	TRUE	TRUE
Triglycerides_to_total_lipids_ratio_in_very_small_VLDL__locus334	TRUE	TRUE	TRUE
Triglycerides_to_total_lipids_ratio_in_very_small_VLDL__locus335	TRUE	TRUE	TRUE
Triglycerides_to_total_lipids_ratio_in_very_small_VLDL__locus336	TRUE	TRUE	TRUE
Triglycerides_to_total_lipids_ratio_in_very_small_VLDL__locus337	TRUE	TRUE	TRUE
Triglycerides_to_total_lipids_ratio_in_very_small_VLDL__locus338	TRUE	TRUE	TRUE
Triglycerides_to_total_lipids_ratio_in_very_small_VLDL__locus339	TRUE	TRUE	TRUE
Triglycerides_to_total_lipids_ratio_in_very_small_VLDL__locus340	TRUE	TRUE	TRUE
Triglycerides_to_total_lipids_ratio_in_very_small_VLDL__locus341	TRUE	TRUE	TRUE
Triglycerides_to_total_lipids_ratio_in_very_small_VLDL__locus342	TRUE	TRUE	TRUE
Triglycerides_to_total_lipids_ratio_in_very_small_VLDL__locus343	TRUE	TRUE	TRUE
Triglycerides_to_total_lipids_ratio_in_very_small_VLDL__locus344	TRUE	TRUE	TRUE
Triglycerides_to_total_lipids_ratio_in_very_small_VLDL__locus345	TRUE	TRUE	TRUE
Triglycerides_to_total_lipids_ratio_in_very_small_VLDL__locus346	TRUE	TRUE	TRUE
Triglycerides_to_total_lipids_ratio_in_very_small_VLDL__locus347	TRUE	TRUE	TRUE
Triglycerides_to_total_lipids_ratio_in_very_small_VLDL__locus348	TRUE	TRUE	TRUE
Triglycerides_to_total_lipids_ratio_in_very_small_VLDL__locus349	TRUE	TRUE	TRUE
Triglycerides_to_total_lipids_ratio_in_very_small_VLDL__locus350	TRUE	TRUE	TRUE
Triglycerides_to_total_lipids_ratio_in_very_small_VLDL__locus351	TRUE	TRUE	TRUE
Triglycerides_to_total_lipids_ratio_in_very_small_VLDL__locus352	TRUE	TRUE	TRUE
Triglycerides_to_total_lipids_ratio_in_very_small_VLDL__locus353	TRUE	TRUE	TRUE
Triglycerides_to_total_lipids_ratio_in_very_small_VLDL__locus354	TRUE	TRUE	TRUE
Triglycerides_to_total_lipids_ratio_in_very_small_VLDL__locus355	TRUE	TRUE	TRUE
Triglycerides_to_total_lipids_ratio_in_very_small_VLDL__locus356	TRUE	TRUE	TRUE
Triglycerides_to_total_lipids_ratio_in_very_small_VLDL__locus357	TRUE	TRUE	TRUE
Triglycerides_to_total_lipids_ratio_in_very_small_VLDL__locus358	TRUE	TRUE	TRUE
Triglycerides_to_total_lipids_ratio_in_very_small_VLDL__locus359	TRUE	TRUE	TRUE
Triglycerides_to_total_lipids_ratio_in_very_small_VLDL__locus360	TRUE	TRUE	TRUE
Triglycerides_to_total_lipids_ratio_in_very_small_VLDL__locus361	TRUE	TRUE	TRUE
Triglycerides_to_total_lipids_ratio_in_very_small_VLDL__locus362	TRUE	TRUE	TRUE
Triglycerides_to_total_lipids_ratio_in_very_small_VLDL__locus363	TRUE	TRUE	TRUE
Triglycerides_to_total_lipids_ratio_in_very_small_VLDL__locus364	TRUE	TRUE	TRUE
Triglycerides_to_total_lipids_ratio_in_very_small_VLDL__locus365	TRUE	TRUE	TRUE
Triglycerides_to_total_lipids_ratio_in_very_small_VLDL__locus366	TRUE	TRUE	TRUE
Triglycerides_to_total_lipids_ratio_in_very_small_VLDL__locus367	TRUE	TRUE	TRUE
Triglycerides_to_total_lipids_ratio_in_very_small_VLDL__locus368	TRUE	TRUE	TRUE
Triglycerides_to_total_lipids_ratio_in_very_small_VLDL__locus369	TRUE	TRUE	TRUE
Triglycerides_to_total_lipids_ratio_in_very_small_VLDL__locus370	TRUE	TRUE	TRUE
Triglycerides_to_total_lipids_ratio_in_very_small_VLDL__locus371	TRUE	TRUE	TRUE
Triglycerides_to_total_lipids_ratio_in_very_small_VLDL__locus372	TRUE	TRUE	TRUE
Triglycerides_to_total_lipids_ratio_in_very_small_VLDL__locus373	TRUE	TRUE	TRUE
Triglycerides_to_total_lipids_ratio_in_very_small_VLDL__locus374	TRUE	TRUE	TRUE
Triglycerides_to_total_lipids_ratio_in_very_small_VLDL__locus375	TRUE	TRUE	TRUE
Triglycerides_to_total_lipids_ratio_in_very_small_VLDL__locus376	TRUE	TRUE	TRUE
Triglycerides_to_total_lipids_ratio_in_very_small_VLDL__locus377	TRUE	TRUE	TRUE
Triglycerides_to_total_lipids_ratio_in_very_small_VLDL__locus378	TRUE	TRUE	TRUE
Triglycerides_to_total_lipids_ratio_in_very_small_VLDL__locus379	TRUE	TRUE	TRUE
Triglycerides_to_total_lipids_ratio_in_very_small_VLDL__locus380	TRUE	TRUE	TRUE
Triglycerides_to_total_lipids_ratio_in_very_small_VLDL__locus381	TRUE	TRUE	TRUE
Triglycerides_to_total_lipids_ratio_in_very_small_VLDL__locus382	TRUE	TRUE	TRUE
Triglycerides_to_total_lipids_ratio_in_very_small_VLDL__locus383	TRUE	TRUE	TRUE
Triglycerides_to_total_lipids_ratio_in_very_small_VLDL__locus384	TRUE	TRUE	TRUE
Triglycerides_to_total_lipids_ratio_in_very_small_VLDL__locus385	TRUE	TRUE	TRUE
Triglycerides_to_total_lipids_ratio_in_very_small_VLDL__locus386	TRUE	TRUE	TRUE
Triglycerides_to_total_lipids_ratio_in_very_small_VLDL__locus387	TRUE	TRUE	TRUE
Triglycerides_to_total_lipids_ratio_in_very_small_VLDL__locus388	TRUE	TRUE	TRUE
Triglycerides_to_total_lipids_ratio_in_very_small_VLDL__locus389	TRUE	TRUE	TRUE
Triglycerides_to_total_lipids_ratio_in_very_small_VLDL__locus390	TRUE	TRUE	TRUE
Triglycerides_to_total_lipids_ratio_in_very_small_VLDL__locus391	TRUE	TRUE	TRUE
Triglycerides_to_total_lipids_ratio_in_very_small_VLDL__locus392	TRUE	TRUE	TRUE
Triglycerides_to_total_lipids_ratio_in_very_small_VLDL__locus393	TRUE	TRUE	TRUE
Triglycerides_to_total_lipids_ratio_in_very_small_VLDL__locus394	TRUE	TRUE	TRUE
Triglycerides_to_total_lipids_ratio_in_very_small_VLDL__locus395	TRUE	TRUE	TRUE
Triglycerides_to_total_lipids_ratio_in_very_small_VLDL__locus396	TRUE	TRUE	TRUE
Triglycerides_to_total_lipids_ratio_in_very_small_VLDL__locus397	TRUE	TRUE	TRUE
Triglycerides_to_total_lipids_ratio_in_very_small_VLDL__locus398	TRUE	TRUE	TRUE
Triglycerides_to_total_lipids_ratio_in_very_small_VLDL__locus399	TRUE	TRUE	TRUE
Triglycerides_to_total_lipids_ratio_in_very_small_VLDL__locus400	TRUE	TRUE	TRUE
Triglycerides_to_total_lipids_ratio_in_very_small_VLDL__locus401	TRUE	TRUE	TRUE
Triglycerides_to_total_lipids_ratio_in_very_small_VLDL__locus402	TRUE	TRUE	TRUE
Triglycerides_to_total_lipids_ratio_in_very_small_VLDL__locus403	TRUE	TRUE	TRUE
Triglycerides_to_total_lipids_ratio_in_very_small_VLDL__locus404	TRUE	TRUE	TRUE
Triglycerides_to_total_lipids_ratio_in_very_small_VLDL__locus405	TRUE	TRUE	TRUE
Triglycerides_to_total_lipids_ratio_in_very_small_VLDL__locus406	TRUE	TRUE	TRUE
Triglycerides_to_total_lipids_ratio_in_very_small_VLDL__locus407	TRUE	TRUE	TRUE
Triglycerides_to_total_lipids_ratio_in_very_small_VLDL__locus408	TRUE	TRUE	TRUE
Triglycerides_to_total_lipids_ratio_in_very_small_VLDL__locus409	TRUE	TRUE	TRUE
Triglycerides_to_total_lipids_ratio_in_very_small_VLDL__locus410	TRUE	TRUE	TRUE
Triglycerides_to_total_lipids_ratio_in_very_small_VLDL__locus411	TRUE	TRUE	TRUE
Triglycerides_to_total_lipids_ratio_in_very_small_VLDL__locus412	TRUE	TRUE	TRUE
Triglycerides_to_total_lipids_ratio_in_very_small_VLDL__locus413	TRUE	TRUE	TRUE
Triglycerides_to_total_lipids_ratio_in_very_small_VLDL__locus414	TRUE	TRUE	TRUE
Triglycerides_to_total_lipids_ratio_in_very_small_VLDL__locus415	FALSE	FALSE	FALSE
Triglycerides_to_total_lipids_ratio_in_very_small_VLDL__locus416	TRUE	TRUE	TRUE
Triglycerides_to_total_lipids_ratio_in_very_small_VLDL__locus417	TRUE	TRUE	TRUE
Triglycerides_to_total_lipids_ratio_in_very_small_VLDL__locus418	TRUE	TRUE	TRUE
Triglycerides_to_total_lipids_ratio_in_very_small_VLDL__locus419	TRUE	TRUE	TRUE
Triglycerides_to_total_lipids_ratio_in_very_small_VLDL__locus420	TRUE	TRUE	TRUE
Triglycerides_to_total_lipids_ratio_in_very_small_VLDL__locus421	TRUE	TRUE	TRUE
Triglycerides_to_total_lipids_ratio_in_very_small_VLDL__locus422	TRUE	TRUE	TRUE
Triglycerides_to_total_lipids_ratio_in_very_small_VLDL__locus423	TRUE	TRUE	TRUE
Triglycerides_to_total_lipids_ratio_in_very_small_VLDL__locus424	TRUE	TRUE	TRUE
Triglycerides_to_total_lipids_ratio_in_very_small_VLDL__locus425	TRUE	TRUE	TRUE
Triglycerides_to_total_lipids_ratio_in_very_small_VLDL__locus426	TRUE	TRUE	TRUE
Triglycerides_to_total_lipids_ratio_in_very_small_VLDL__locus427	TRUE	TRUE	TRUE
Triglycerides_to_total_lipids_ratio_in_very_small_VLDL__locus428	TRUE	TRUE	TRUE
Triglycerides_to_total_lipids_ratio_in_very_small_VLDL__locus429	TRUE	TRUE	TRUE
Triglycerides_to_total_lipids_ratio_in_very_small_VLDL__locus430	TRUE	TRUE	TRUE
Triglycerides_to_total_lipids_ratio_in_very_small_VLDL__locus431	TRUE	TRUE	TRUE
Triglycerides_to_total_lipids_ratio_in_very_small_VLDL__locus432	TRUE	TRUE	TRUE
Triglycerides_to_total_lipids_ratio_in_very_small_VLDL__locus433	TRUE	TRUE	TRUE
Triglycerides_to_total_lipids_ratio_in_very_small_VLDL__locus434	TRUE	TRUE	TRUE
Triglycerides_to_total_lipids_ratio_in_very_small_VLDL__locus435	TRUE	TRUE	TRUE
